"source_settlement_raw","municipality","original_region","mapping_source","event_date"
"גבעת אסף","גבעת אסף","?? ?????","unmapped_fallback","2026-03-18"
"חוות הרשאש","חוות הרשאש","?? ?????","unmapped_fallback","2026-03-18"
"חוות עולם חסד","חוות עולם חסד","?? ?????","unmapped_fallback","2026-03-18"
"חוות מגנזי","חוות מגנזי","?? ?????","unmapped_fallback","2026-03-18"
"חוות מעלה אהוביה","חוות מעלה אהוביה","?? ?????","unmapped_fallback","2026-03-18"
"חוות נווה צוף","חוות נווה צוף","?? ?????","unmapped_fallback","2026-03-18"
"חוות נחל שילה","חוות נחל שילה","?? ?????","unmapped_fallback","2026-03-18"
"חוות ראש תאנה","חוות ראש תאנה","?? ?????","unmapped_fallback","2026-03-18"
"יבוא דודי","יבוא דודי","?? ?????","unmapped_fallback","2026-03-18"
"מכינת אלישע","מכינת אלישע","?? ?????","unmapped_fallback","2026-03-18"
"אעירה השחר","אעירה השחר","?? ?????","unmapped_fallback","2026-03-18"
"חוות חנינא","חוות חנינא","?? ?????","unmapped_fallback","2026-03-18"
"חוות פריאל","חוות פריאל","?? ?????","unmapped_fallback","2026-03-18"
"חוות מגדלים","חוות מגדלים","?? ?????","unmapped_fallback","2026-03-18"
"בית העלמין החדש עכו","בית העלמין החדש עכו","?? ?????","unmapped_fallback","2026-03-18"
"צורית גילון","צורית גילון","?? ?????","unmapped_fallback","2026-03-18"
"לב החולה","לב החולה","?? ?????","unmapped_fallback","2026-03-18"
"חוות עולם חסד","חוות עולם חסד","?? ?????","unmapped_fallback","2026-03-18"
"חוות יאיר","חוות יאיר","?? ?????","unmapped_fallback","2026-03-18"
"חוות אביחי","חוות אביחי","?? ?????","unmapped_fallback","2026-03-18"
"חוות נוף אב""י","חוות נוף אב""י","?? ?????","unmapped_fallback","2026-03-18"
"חוות צרידה","חוות צרידה","?? ?????","unmapped_fallback","2026-03-18"
"חוות שוביאל","חוות שוביאל","?? ?????","unmapped_fallback","2026-03-18"
"חוות שחרית","חוות שחרית","?? ?????","unmapped_fallback","2026-03-18"
"חוות נווה צוף","חוות נווה צוף","?? ?????","unmapped_fallback","2026-03-18"
"מכינת אלישע","מכינת אלישע","?? ?????","unmapped_fallback","2026-03-18"
"הר ברכה","הר ברכה","?? ?????","unmapped_fallback","2026-03-18"
"גבעת פורת יוסף","גבעת פורת יוסף","?? ?????","unmapped_fallback","2026-03-18"
"חוות מרום שמואל","חוות מרום שמואל","?? ?????","unmapped_fallback","2026-03-18"
"חוות שדה","חוות שדה","?? ?????","unmapped_fallback","2026-03-18"
"מנחת מחניים","מנחת מחניים","?? ?????","unmapped_fallback","2026-03-18"
"קדיתא","קדיתא","?? ?????","unmapped_fallback","2026-03-18"
"הר חלוץ","הר חלוץ","?? ?????","unmapped_fallback","2026-03-18"
"כורזים ורד הגליל","כורזים ורד הגליל","?? ?????","unmapped_fallback","2026-03-18"
"צורית גילון","צורית גילון","?? ?????","unmapped_fallback","2026-03-18"
"בית סוהר צלמון","בית סוהר צלמון","?? ?????","unmapped_fallback","2026-03-18"
"הררית יחד","הררית יחד","?? ?????","unmapped_fallback","2026-03-18"
"לוטם וחמדון","לוטם וחמדון","?? ?????","unmapped_fallback","2026-03-18"
"מע'אר","מע'אר","?? ?????","unmapped_fallback","2026-03-18"
"מרכז אזורי מרום גליל","מרכז אזורי מרום גליל","?? ?????","unmapped_fallback","2026-03-18"
"מרכז אזורי רמת כורזים","מרכז אזורי רמת כורזים","?? ?????","unmapped_fallback","2026-03-18"
"קדיתא","קדיתא","?? ?????","unmapped_fallback","2026-03-18"
"חמדת ימים","חמדת ימים","?? ?????","unmapped_fallback","2026-03-18"
"מנחת מחניים","מנחת מחניים","?? ?????","unmapped_fallback","2026-03-18"
"בית העלמין החדש עכו","בית העלמין החדש עכו","?? ?????","unmapped_fallback","2026-03-18"
"בית עלמין תל רגב","בית עלמין תל רגב","?? ?????","unmapped_fallback","2026-03-18"
"כפר ח'וואלד","כפר ח'וואלד","?? ?????","unmapped_fallback","2026-03-18"
"גבעת וולפסון","גבעת וולפסון","?? ?????","unmapped_fallback","2026-03-18"
"סואעד חמירה","סואעד חמירה","?? ?????","unmapped_fallback","2026-03-18"
"הר חלוץ","הר חלוץ","?? ?????","unmapped_fallback","2026-03-18"
"חוף זיקים","חוף זיקים","?? ?????","unmapped_fallback","2026-03-18"
"בית סוהר צלמון","בית סוהר צלמון","?? ?????","unmapped_fallback","2026-03-18"
"מע'אר","מע'אר","?? ?????","unmapped_fallback","2026-03-18"
"הר חלוץ","הר חלוץ","?? ?????","unmapped_fallback","2026-03-18"
"חוות אשכולות","חוות אשכולות","?? ?????","unmapped_fallback","2026-03-18"
"אפקה","אפקה","?? ?????","unmapped_fallback","2026-03-18"
"חוות מדבר חבר","חוות מדבר חבר","?? ?????","unmapped_fallback","2026-03-18"
"חוות מלאכי אברהם","חוות מלאכי אברהם","?? ?????","unmapped_fallback","2026-03-18"
"כפר מימון ותושיה","כפר מימון ותושיה","?? ?????","unmapped_fallback","2026-03-18"
"חוות תלם צפון","חוות תלם צפון","?? ?????","unmapped_fallback","2026-03-18"
"חוות נחלת אבות","חוות נחלת אבות","?? ?????","unmapped_fallback","2026-03-18"
"חוות מור ואברהם","חוות מור ואברהם","?? ?????","unmapped_fallback","2026-03-18"
"מיצד","מיצד","?? ?????","unmapped_fallback","2026-03-18"
"חוות יאיר","חוות יאיר","?? ?????","unmapped_fallback","2026-03-18"
"חוות שחרית","חוות שחרית","?? ?????","unmapped_fallback","2026-03-18"
"חוות אביחי","חוות אביחי","?? ?????","unmapped_fallback","2026-03-18"
"חוות צרידה","חוות צרידה","?? ?????","unmapped_fallback","2026-03-18"
"חוות עולם חסד","חוות עולם חסד","?? ?????","unmapped_fallback","2026-03-18"
"בית העלמין החדש נהריה","בית העלמין החדש נהריה","?? ?????","unmapped_fallback","2026-03-18"
"חוות יאיר","חוות יאיר","?? ?????","unmapped_fallback","2026-03-19"
"חוות אביחי","חוות אביחי","?? ?????","unmapped_fallback","2026-03-19"
"חוות צרידה","חוות צרידה","?? ?????","unmapped_fallback","2026-03-19"
"חוות שחרית","חוות שחרית","?? ?????","unmapped_fallback","2026-03-19"
"חוות נוף אב""י","חוות נוף אב""י","?? ?????","unmapped_fallback","2026-03-19"
"חוות שוביאל","חוות שוביאל","?? ?????","unmapped_fallback","2026-03-19"
"הר ברכה","הר ברכה","?? ?????","unmapped_fallback","2026-03-19"
"בית העלמין החדש נהריה","בית העלמין החדש נהריה","?? ?????","unmapped_fallback","2026-03-19"
"לב החולה","לב החולה","?? ?????","unmapped_fallback","2026-03-19"
"בית ספר שדה מירון","בית ספר שדה מירון","?? ?????","unmapped_fallback","2026-03-19"
"מרכז אזורי מרום גליל","מרכז אזורי מרום גליל","?? ?????","unmapped_fallback","2026-03-19"
"מרכז אזורי רמת כורזים","מרכז אזורי רמת כורזים","?? ?????","unmapped_fallback","2026-03-19"
"קדיתא","קדיתא","?? ?????","unmapped_fallback","2026-03-19"
"חמדת ימים","חמדת ימים","?? ?????","unmapped_fallback","2026-03-19"
"מנחת מחניים","מנחת מחניים","?? ?????","unmapped_fallback","2026-03-19"
"הר חלוץ","הר חלוץ","?? ?????","unmapped_fallback","2026-03-19"
"גבעת וולפסון","גבעת וולפסון","?? ?????","unmapped_fallback","2026-03-19"
"כעביה טבאש","כעביה טבאש","?? ?????","unmapped_fallback","2026-03-19"
"צורית גילון","צורית גילון","?? ?????","unmapped_fallback","2026-03-19"
"בית סוהר קישון","בית סוהר קישון","?? ?????","unmapped_fallback","2026-03-19"
"לוטם וחמדון","לוטם וחמדון","?? ?????","unmapped_fallback","2026-03-19"
"בית עלמין תל רגב","בית עלמין תל רגב","?? ?????","unmapped_fallback","2026-03-19"
"כפר ח'וואלד","כפר ח'וואלד","?? ?????","unmapped_fallback","2026-03-19"
"סואעד חמירה","סואעד חמירה","?? ?????","unmapped_fallback","2026-03-19"
"לב החולה","לב החולה","?? ?????","unmapped_fallback","2026-03-19"
"פוריה נווה עובד","פוריה נווה עובד","?? ?????","unmapped_fallback","2026-03-19"
"אזור תעשייה קדמת גליל","אזור תעשייה קדמת גליל","?? ?????","unmapped_fallback","2026-03-19"
"אתר ההנצחה גולני","אתר ההנצחה גולני","?? ?????","unmapped_fallback","2026-03-19"
"בית ירח","בית ירח","?? ?????","unmapped_fallback","2026-03-19"
"בני יהודה וגבעת יואב","בני יהודה וגבעת יואב","?? ?????","unmapped_fallback","2026-03-19"
"דבוריה","דבוריה","?? ?????","unmapped_fallback","2026-03-19"
"כינרת מושבה","כינרת מושבה","?? ?????","unmapped_fallback","2026-03-19"
"כינרת קבוצה","כינרת קבוצה","?? ?????","unmapped_fallback","2026-03-19"
"פוריה כפר עבודה","פוריה כפר עבודה","?? ?????","unmapped_fallback","2026-03-19"
"פוריה עילית","פוריה עילית","?? ?????","unmapped_fallback","2026-03-19"
"שיבלי אום אלג'נם","שיבלי אום אלג'נם","?? ?????","unmapped_fallback","2026-03-19"
"אזור תעשייה בני יהודה","אזור תעשייה בני יהודה","?? ?????","unmapped_fallback","2026-03-19"
"גניגר","גניגר","?? ?????","unmapped_fallback","2026-03-19"
"חג'אג'רה","חג'אג'רה","?? ?????","unmapped_fallback","2026-03-19"
"כורזים ורד הגליל","כורזים ורד הגליל","?? ?????","unmapped_fallback","2026-03-19"
"בית סוהר צלמון","בית סוהר צלמון","?? ?????","unmapped_fallback","2026-03-19"
"הררית יחד","הררית יחד","?? ?????","unmapped_fallback","2026-03-19"
"מע'אר","מע'אר","?? ?????","unmapped_fallback","2026-03-19"
"כעביה טבאש","כעביה טבאש","?? ?????","unmapped_fallback","2026-03-19"
"לוטם וחמדון","לוטם וחמדון","?? ?????","unmapped_fallback","2026-03-19"
"בית עלמין תל רגב","בית עלמין תל רגב","?? ?????","unmapped_fallback","2026-03-19"
"כפר ח'וואלד","כפר ח'וואלד","?? ?????","unmapped_fallback","2026-03-19"
"סואעד חמירה","סואעד חמירה","?? ?????","unmapped_fallback","2026-03-19"
"החווה של מנחם","החווה של מנחם","?? ?????","unmapped_fallback","2026-03-19"
"חוות הרשאש","חוות הרשאש","?? ?????","unmapped_fallback","2026-03-19"
"חוות מגנזי","חוות מגנזי","?? ?????","unmapped_fallback","2026-03-19"
"יבוא דודי","יבוא דודי","?? ?????","unmapped_fallback","2026-03-19"
"חוות יאיר","חוות יאיר","?? ?????","unmapped_fallback","2026-03-19"
"הר ברכה","הר ברכה","?? ?????","unmapped_fallback","2026-03-19"
"חוות אביחי","חוות אביחי","?? ?????","unmapped_fallback","2026-03-19"
"גבעת פורת יוסף","גבעת פורת יוסף","?? ?????","unmapped_fallback","2026-03-19"
"החווה של יאיא","החווה של יאיא","?? ?????","unmapped_fallback","2026-03-19"
"חוות גנות","חוות גנות","?? ?????","unmapped_fallback","2026-03-19"
"חוות מגדלים","חוות מגדלים","?? ?????","unmapped_fallback","2026-03-19"
"חוות מרום שמואל","חוות מרום שמואל","?? ?????","unmapped_fallback","2026-03-19"
"חוות נווה צוף","חוות נווה צוף","?? ?????","unmapped_fallback","2026-03-19"
"חוות נוף אב""י","חוות נוף אב""י","?? ?????","unmapped_fallback","2026-03-19"
"חוות נחל שילה","חוות נחל שילה","?? ?????","unmapped_fallback","2026-03-19"
"חוות עולם חסד","חוות עולם חסד","?? ?????","unmapped_fallback","2026-03-19"
"חוות צרידה","חוות צרידה","?? ?????","unmapped_fallback","2026-03-19"
"חוות שדה","חוות שדה","?? ?????","unmapped_fallback","2026-03-19"
"חוות שוביאל","חוות שוביאל","?? ?????","unmapped_fallback","2026-03-19"
"חוות שחרית","חוות שחרית","?? ?????","unmapped_fallback","2026-03-19"
"מכינת אלישע","מכינת אלישע","?? ?????","unmapped_fallback","2026-03-19"
"חוות פריאל","חוות פריאל","?? ?????","unmapped_fallback","2026-03-19"
"חוות ראש תאנה","חוות ראש תאנה","?? ?????","unmapped_fallback","2026-03-19"
"אעירה השחר","אעירה השחר","?? ?????","unmapped_fallback","2026-03-19"
"חוות מעלה אהוביה","חוות מעלה אהוביה","?? ?????","unmapped_fallback","2026-03-19"
"הר חלוץ","הר חלוץ","?? ?????","unmapped_fallback","2026-03-19"
"צורית גילון","צורית גילון","?? ?????","unmapped_fallback","2026-03-19"
"בית ספר שדה מירון","בית ספר שדה מירון","?? ?????","unmapped_fallback","2026-03-19"
"לוטם וחמדון","לוטם וחמדון","?? ?????","unmapped_fallback","2026-03-19"
"מע'אר","מע'אר","?? ?????","unmapped_fallback","2026-03-19"
"מרכז אזורי מרום גליל","מרכז אזורי מרום גליל","?? ?????","unmapped_fallback","2026-03-19"
"מרכז אזורי רמת כורזים","מרכז אזורי רמת כורזים","?? ?????","unmapped_fallback","2026-03-19"
"קדיתא","קדיתא","?? ?????","unmapped_fallback","2026-03-19"
"חמדת ימים","חמדת ימים","?? ?????","unmapped_fallback","2026-03-19"
"מנחת מחניים","מנחת מחניים","?? ?????","unmapped_fallback","2026-03-19"
"כורזים ורד הגליל","כורזים ורד הגליל","?? ?????","unmapped_fallback","2026-03-19"
"בית סוהר צלמון","בית סוהר צלמון","?? ?????","unmapped_fallback","2026-03-19"
"גבעת וולפסון","גבעת וולפסון","?? ?????","unmapped_fallback","2026-03-19"
"בית העלמין החדש עכו","בית העלמין החדש עכו","?? ?????","unmapped_fallback","2026-03-19"
"בית סוהר קישון","בית סוהר קישון","?? ?????","unmapped_fallback","2026-03-19"
"בית עלמין תל רגב","בית עלמין תל רגב","?? ?????","unmapped_fallback","2026-03-19"
"כפר ח'וואלד","כפר ח'וואלד","?? ?????","unmapped_fallback","2026-03-19"
"סואעד חמירה","סואעד חמירה","?? ?????","unmapped_fallback","2026-03-19"
"חוות יאיר","חוות יאיר","?? ?????","unmapped_fallback","2026-03-19"
"הר ברכה","הר ברכה","?? ?????","unmapped_fallback","2026-03-19"
"חוות אביחי","חוות אביחי","?? ?????","unmapped_fallback","2026-03-19"
"החווה של יאיא","החווה של יאיא","?? ?????","unmapped_fallback","2026-03-19"
"חוות גנות","חוות גנות","?? ?????","unmapped_fallback","2026-03-19"
"חוות מגדלים","חוות מגדלים","?? ?????","unmapped_fallback","2026-03-19"
"חוות נוף אב""י","חוות נוף אב""י","?? ?????","unmapped_fallback","2026-03-19"
"חוות נחל שילה","חוות נחל שילה","?? ?????","unmapped_fallback","2026-03-19"
"חוות פריאל","חוות פריאל","?? ?????","unmapped_fallback","2026-03-19"
"חוות צרידה","חוות צרידה","?? ?????","unmapped_fallback","2026-03-19"
"חוות שדה","חוות שדה","?? ?????","unmapped_fallback","2026-03-19"
"חוות שוביאל","חוות שוביאל","?? ?????","unmapped_fallback","2026-03-19"
"חוות שחרית","חוות שחרית","?? ?????","unmapped_fallback","2026-03-19"
"מכינת אלישע","מכינת אלישע","?? ?????","unmapped_fallback","2026-03-19"
"חוות עולם חסד","חוות עולם חסד","?? ?????","unmapped_fallback","2026-03-19"
"חוות נווה צוף","חוות נווה צוף","?? ?????","unmapped_fallback","2026-03-19"
"חוות מרום שמואל","חוות מרום שמואל","?? ?????","unmapped_fallback","2026-03-19"
"חוות הרשאש","חוות הרשאש","?? ?????","unmapped_fallback","2026-03-19"
"פנימיית עין כרם","פנימיית עין כרם","?? ?????","unmapped_fallback","2026-03-19"
"גבעת אסף","גבעת אסף","?? ?????","unmapped_fallback","2026-03-19"
"מגרון","מגרון","?? ?????","unmapped_fallback","2026-03-19"
"הררית יחד","הררית יחד","?? ?????","unmapped_fallback","2026-03-19"
"חג'אג'רה","חג'אג'רה","?? ?????","unmapped_fallback","2026-03-19"
"גבעת וולפסון","גבעת וולפסון","?? ?????","unmapped_fallback","2026-03-19"
"כעביה טבאש","כעביה טבאש","?? ?????","unmapped_fallback","2026-03-19"
"בית סוהר קישון","בית סוהר קישון","?? ?????","unmapped_fallback","2026-03-19"
"בית עלמין תל רגב","בית עלמין תל רגב","?? ?????","unmapped_fallback","2026-03-19"
"כפר ח'וואלד","כפר ח'וואלד","?? ?????","unmapped_fallback","2026-03-19"
"סואעד חמירה","סואעד חמירה","?? ?????","unmapped_fallback","2026-03-19"
"אתר ההנצחה גולני","אתר ההנצחה גולני","?? ?????","unmapped_fallback","2026-03-19"
"אלון","אלון","?? ?????","unmapped_fallback","2026-03-19"
"גבעת אסף","גבעת אסף","?? ?????","unmapped_fallback","2026-03-19"
"בית חגלה","בית חגלה","?? ?????","unmapped_fallback","2026-03-19"
"בני אדם","בני אדם","?? ?????","unmapped_fallback","2026-03-19"
"החווה של זוהר","החווה של זוהר","?? ?????","unmapped_fallback","2026-03-19"
"חוות בניהו","חוות בניהו","?? ?????","unmapped_fallback","2026-03-19"
"חוות הרועה העברי","חוות הרועה העברי","?? ?????","unmapped_fallback","2026-03-19"
"חוות חנינא","חוות חנינא","?? ?????","unmapped_fallback","2026-03-19"
"חוות ינון","חוות ינון","?? ?????","unmapped_fallback","2026-03-19"
"חוות מלכיאל","חוות מלכיאל","?? ?????","unmapped_fallback","2026-03-19"
"חוות נחלת צבי","חוות נחלת צבי","?? ?????","unmapped_fallback","2026-03-19"
"מגרון","מגרון","?? ?????","unmapped_fallback","2026-03-19"
"נופי פרת","נופי פרת","?? ?????","unmapped_fallback","2026-03-19"
"צומת אלמוג","צומת אלמוג","?? ?????","unmapped_fallback","2026-03-19"
"צורית גילון","צורית גילון","?? ?????","unmapped_fallback","2026-03-19"
"כורזים ורד הגליל","כורזים ורד הגליל","?? ?????","unmapped_fallback","2026-03-19"
"בית סוהר צלמון","בית סוהר צלמון","?? ?????","unmapped_fallback","2026-03-19"
"הררית יחד","הררית יחד","?? ?????","unmapped_fallback","2026-03-19"
"לוטם וחמדון","לוטם וחמדון","?? ?????","unmapped_fallback","2026-03-19"
"מע'אר","מע'אר","?? ?????","unmapped_fallback","2026-03-19"
"מרכז אזורי רמת כורזים","מרכז אזורי רמת כורזים","?? ?????","unmapped_fallback","2026-03-19"
"חמדת ימים","חמדת ימים","?? ?????","unmapped_fallback","2026-03-19"
"מנחת מחניים","מנחת מחניים","?? ?????","unmapped_fallback","2026-03-19"
"גבעת וולפסון","גבעת וולפסון","?? ?????","unmapped_fallback","2026-03-19"
"צורית גילון","צורית גילון","?? ?????","unmapped_fallback","2026-03-19"
"בית העלמין החדש עכו","בית העלמין החדש עכו","?? ?????","unmapped_fallback","2026-03-19"
"בית עלמין תל רגב","בית עלמין תל רגב","?? ?????","unmapped_fallback","2026-03-19"
"כפר ח'וואלד","כפר ח'וואלד","?? ?????","unmapped_fallback","2026-03-19"
"סואעד חמירה","סואעד חמירה","?? ?????","unmapped_fallback","2026-03-19"
"בית סוהר קישון","בית סוהר קישון","?? ?????","unmapped_fallback","2026-03-19"
"כעביה טבאש","כעביה טבאש","?? ?????","unmapped_fallback","2026-03-19"
"גבעת וולפסון","גבעת וולפסון","?? ?????","unmapped_fallback","2026-03-19"
"חג'אג'רה","חג'אג'רה","?? ?????","unmapped_fallback","2026-03-19"
"כעביה טבאש","כעביה טבאש","?? ?????","unmapped_fallback","2026-03-19"
"אתר ההנצחה גולני","אתר ההנצחה גולני","?? ?????","unmapped_fallback","2026-03-19"
"בית סוהר צלמון","בית סוהר צלמון","?? ?????","unmapped_fallback","2026-03-19"
"בית סוהר קישון","בית סוהר קישון","?? ?????","unmapped_fallback","2026-03-19"
"הררית יחד","הררית יחד","?? ?????","unmapped_fallback","2026-03-19"
"לוטם וחמדון","לוטם וחמדון","?? ?????","unmapped_fallback","2026-03-19"
"מע'אר","מע'אר","?? ?????","unmapped_fallback","2026-03-19"
"בית עלמין תל רגב","בית עלמין תל רגב","?? ?????","unmapped_fallback","2026-03-19"
"כפר ח'וואלד","כפר ח'וואלד","?? ?????","unmapped_fallback","2026-03-19"
"סואעד חמירה","סואעד חמירה","?? ?????","unmapped_fallback","2026-03-19"
"צורית גילון","צורית גילון","?? ?????","unmapped_fallback","2026-03-19"
"הר חלוץ","הר חלוץ","?? ?????","unmapped_fallback","2026-03-19"
"בית העלמין החדש עכו","בית העלמין החדש עכו","?? ?????","unmapped_fallback","2026-03-19"
"חמדת ימים","חמדת ימים","?? ?????","unmapped_fallback","2026-03-19"
"בית העלמין החדש נהריה","בית העלמין החדש נהריה","?? ?????","unmapped_fallback","2026-03-19"
"בית ספר שדה מירון","בית ספר שדה מירון","?? ?????","unmapped_fallback","2026-03-19"
"מרכז אזורי מרום גליל","מרכז אזורי מרום גליל","?? ?????","unmapped_fallback","2026-03-19"
"קדיתא","קדיתא","?? ?????","unmapped_fallback","2026-03-19"
"כורזים ורד הגליל","כורזים ורד הגליל","?? ?????","unmapped_fallback","2026-03-19"
"מרכז אזורי רמת כורזים","מרכז אזורי רמת כורזים","?? ?????","unmapped_fallback","2026-03-19"
"אזור תעשייה קדמת גליל","אזור תעשייה קדמת גליל","?? ?????","unmapped_fallback","2026-03-19"
"חוות ראש תאנה","חוות ראש תאנה","?? ?????","unmapped_fallback","2026-03-19"
"חוות עדן","חוות עדן","?? ?????","unmapped_fallback","2026-03-19"
"בר כוכבא","בר כוכבא","?? ?????","unmapped_fallback","2026-03-19"
"גבעות","גבעות","?? ?????","unmapped_fallback","2026-03-19"
"חוות קשואלה","חוות קשואלה","?? ?????","unmapped_fallback","2026-03-19"
"חוות ארץ האיילים","חוות ארץ האיילים","?? ?????","unmapped_fallback","2026-03-19"
"פנימיית עין כרם","פנימיית עין כרם","?? ?????","unmapped_fallback","2026-03-19"
"אלון","אלון","?? ?????","unmapped_fallback","2026-03-19"
"מרכז אזורי מגילות","מרכז אזורי מגילות","?? ?????","unmapped_fallback","2026-03-19"
"בית חגלה","בית חגלה","?? ?????","unmapped_fallback","2026-03-19"
"בני אדם","בני אדם","?? ?????","unmapped_fallback","2026-03-19"
"החווה של זוהר","החווה של זוהר","?? ?????","unmapped_fallback","2026-03-19"
"חוות בניהו","חוות בניהו","?? ?????","unmapped_fallback","2026-03-19"
"חוות הרועה העברי","חוות הרועה העברי","?? ?????","unmapped_fallback","2026-03-19"
"חוות חנינא","חוות חנינא","?? ?????","unmapped_fallback","2026-03-19"
"חוות ינון","חוות ינון","?? ?????","unmapped_fallback","2026-03-19"
"חוות מלכיאל","חוות מלכיאל","?? ?????","unmapped_fallback","2026-03-19"
"חוות נחלת צבי","חוות נחלת צבי","?? ?????","unmapped_fallback","2026-03-19"
"מגרון","מגרון","?? ?????","unmapped_fallback","2026-03-19"
"נופי פרת","נופי פרת","?? ?????","unmapped_fallback","2026-03-19"
"צומת אלמוג","צומת אלמוג","?? ?????","unmapped_fallback","2026-03-19"
"קדם ערבה","קדם ערבה","?? ?????","unmapped_fallback","2026-03-19"
"בר כוכבא","בר כוכבא","?? ?????","unmapped_fallback","2026-03-19"
"חוות צאן קדר","חוות צאן קדר","?? ?????","unmapped_fallback","2026-03-19"
"חוות עדן","חוות עדן","?? ?????","unmapped_fallback","2026-03-19"
"אלון","אלון","?? ?????","unmapped_fallback","2026-03-19"
"מרכז אזורי מגילות","מרכז אזורי מגילות","?? ?????","unmapped_fallback","2026-03-19"
"בית חגלה","בית חגלה","?? ?????","unmapped_fallback","2026-03-19"
"בני אדם","בני אדם","?? ?????","unmapped_fallback","2026-03-19"
"חוות בניהו","חוות בניהו","?? ?????","unmapped_fallback","2026-03-19"
"חוות הרועה העברי","חוות הרועה העברי","?? ?????","unmapped_fallback","2026-03-19"
"חוות ינון","חוות ינון","?? ?????","unmapped_fallback","2026-03-19"
"חוות נחלת צבי","חוות נחלת צבי","?? ?????","unmapped_fallback","2026-03-19"
"נופי פרת","נופי פרת","?? ?????","unmapped_fallback","2026-03-19"
"צומת אלמוג","צומת אלמוג","?? ?????","unmapped_fallback","2026-03-19"
"קדם ערבה","קדם ערבה","?? ?????","unmapped_fallback","2026-03-19"
"חוות מלכיאל","חוות מלכיאל","?? ?????","unmapped_fallback","2026-03-19"
"פנימיית עין כרם","פנימיית עין כרם","?? ?????","unmapped_fallback","2026-03-19"
"אלון","אלון","?? ?????","unmapped_fallback","2026-03-19"
"גבעת אסף","גבעת אסף","?? ?????","unmapped_fallback","2026-03-19"
"אעירה השחר","אעירה השחר","?? ?????","unmapped_fallback","2026-03-19"
"בני אדם","בני אדם","?? ?????","unmapped_fallback","2026-03-19"
"החווה של זוהר","החווה של זוהר","?? ?????","unmapped_fallback","2026-03-19"
"חוות בניהו","חוות בניהו","?? ?????","unmapped_fallback","2026-03-19"
"חוות הרועה העברי","חוות הרועה העברי","?? ?????","unmapped_fallback","2026-03-19"
"חוות חנינא","חוות חנינא","?? ?????","unmapped_fallback","2026-03-19"
"חוות ינון","חוות ינון","?? ?????","unmapped_fallback","2026-03-19"
"חוות מלכיאל","חוות מלכיאל","?? ?????","unmapped_fallback","2026-03-19"
"חוות מעלה אהוביה","חוות מעלה אהוביה","?? ?????","unmapped_fallback","2026-03-19"
"חוות נחלת צבי","חוות נחלת צבי","?? ?????","unmapped_fallback","2026-03-19"
"מגרון","מגרון","?? ?????","unmapped_fallback","2026-03-19"
"נופי פרת","נופי פרת","?? ?????","unmapped_fallback","2026-03-19"
"פנימיית עין כרם","פנימיית עין כרם","?? ?????","unmapped_fallback","2026-03-19"
"חוות חנינא","חוות חנינא","?? ?????","unmapped_fallback","2026-03-19"
"מגרון","מגרון","?? ?????","unmapped_fallback","2026-03-19"
"החווה של זוהר","החווה של זוהר","?? ?????","unmapped_fallback","2026-03-19"
"בר כוכבא","בר כוכבא","?? ?????","unmapped_fallback","2026-03-19"
"חוות צאן קדר","חוות צאן קדר","?? ?????","unmapped_fallback","2026-03-19"
"חוות עדן","חוות עדן","?? ?????","unmapped_fallback","2026-03-19"
"פנימיית עין כרם","פנימיית עין כרם","?? ?????","unmapped_fallback","2026-03-20"
"אלון","אלון","?? ?????","unmapped_fallback","2026-03-20"
"גבעת אסף","גבעת אסף","?? ?????","unmapped_fallback","2026-03-20"
"אעירה השחר","אעירה השחר","?? ?????","unmapped_fallback","2026-03-20"
"בני אדם","בני אדם","?? ?????","unmapped_fallback","2026-03-20"
"החווה של זוהר","החווה של זוהר","?? ?????","unmapped_fallback","2026-03-20"
"חוות בניהו","חוות בניהו","?? ?????","unmapped_fallback","2026-03-20"
"חוות הרועה העברי","חוות הרועה העברי","?? ?????","unmapped_fallback","2026-03-20"
"חוות חנינא","חוות חנינא","?? ?????","unmapped_fallback","2026-03-20"
"חוות ינון","חוות ינון","?? ?????","unmapped_fallback","2026-03-20"
"חוות מלכיאל","חוות מלכיאל","?? ?????","unmapped_fallback","2026-03-20"
"חוות מעלה אהוביה","חוות מעלה אהוביה","?? ?????","unmapped_fallback","2026-03-20"
"חוות נחלת צבי","חוות נחלת צבי","?? ?????","unmapped_fallback","2026-03-20"
"מגרון","מגרון","?? ?????","unmapped_fallback","2026-03-20"
"נופי פרת","נופי פרת","?? ?????","unmapped_fallback","2026-03-20"
"בר כוכבא","בר כוכבא","?? ?????","unmapped_fallback","2026-03-20"
"חוות עדן","חוות עדן","?? ?????","unmapped_fallback","2026-03-20"
"גבעות","גבעות","?? ?????","unmapped_fallback","2026-03-20"
"חוות קשואלה","חוות קשואלה","?? ?????","unmapped_fallback","2026-03-20"
"גבעת וולפסון","גבעת וולפסון","?? ?????","unmapped_fallback","2026-03-20"
"כעביה טבאש","כעביה טבאש","?? ?????","unmapped_fallback","2026-03-20"
"כפר ח'וואלד","כפר ח'וואלד","?? ?????","unmapped_fallback","2026-03-20"
"סואעד חמירה","סואעד חמירה","?? ?????","unmapped_fallback","2026-03-20"
"בית עלמין תל רגב","בית עלמין תל רגב","?? ?????","unmapped_fallback","2026-03-20"
"בית סוהר קישון","בית סוהר קישון","?? ?????","unmapped_fallback","2026-03-20"
"חג'אג'רה","חג'אג'רה","?? ?????","unmapped_fallback","2026-03-20"
"צורית גילון","צורית גילון","?? ?????","unmapped_fallback","2026-03-20"
"אתר ההנצחה גולני","אתר ההנצחה גולני","?? ?????","unmapped_fallback","2026-03-20"
"הררית יחד","הררית יחד","?? ?????","unmapped_fallback","2026-03-20"
"לוטם וחמדון","לוטם וחמדון","?? ?????","unmapped_fallback","2026-03-20"
"בית העלמין החדש עכו","בית העלמין החדש עכו","?? ?????","unmapped_fallback","2026-03-20"
"בית סוהר צלמון","בית סוהר צלמון","?? ?????","unmapped_fallback","2026-03-20"
"מע'אר","מע'אר","?? ?????","unmapped_fallback","2026-03-20"
"אזור תעשייה קדמת גליל","אזור תעשייה קדמת גליל","?? ?????","unmapped_fallback","2026-03-20"
"בני יהודה וגבעת יואב","בני יהודה וגבעת יואב","?? ?????","unmapped_fallback","2026-03-20"
"תחנת רכבת כפר יהושוע","תחנת רכבת כפר יהושוע","?? ?????","unmapped_fallback","2026-03-20"
"גבעת וולפסון","גבעת וולפסון","?? ?????","unmapped_fallback","2026-03-20"
"כעביה טבאש","כעביה טבאש","?? ?????","unmapped_fallback","2026-03-20"
"בית סוהר קישון","בית סוהר קישון","?? ?????","unmapped_fallback","2026-03-20"
"בית עלמין תל רגב","בית עלמין תל רגב","?? ?????","unmapped_fallback","2026-03-20"
"כפר ח'וואלד","כפר ח'וואלד","?? ?????","unmapped_fallback","2026-03-20"
"סואעד חמירה","סואעד חמירה","?? ?????","unmapped_fallback","2026-03-20"
"חג'אג'רה","חג'אג'רה","?? ?????","unmapped_fallback","2026-03-20"
"מרכז מיר''ב","מרכז מיר''ב","?? ?????","unmapped_fallback","2026-03-20"
"תחנת רכבת כפר יהושוע","תחנת רכבת כפר יהושוע","?? ?????","unmapped_fallback","2026-03-20"
"בוקעתא","בוקעתא","?? ?????","unmapped_fallback","2026-03-20"
"לב החולה","לב החולה","?? ?????","unmapped_fallback","2026-03-20"
"בית ספר שדה מירון","בית ספר שדה מירון","?? ?????","unmapped_fallback","2026-03-20"
"כורזים ורד הגליל","כורזים ורד הגליל","?? ?????","unmapped_fallback","2026-03-20"
"מרכז אזורי רמת כורזים","מרכז אזורי רמת כורזים","?? ?????","unmapped_fallback","2026-03-20"
"מרכז אזורי מרום גליל","מרכז אזורי מרום גליל","?? ?????","unmapped_fallback","2026-03-20"
"קדיתא","קדיתא","?? ?????","unmapped_fallback","2026-03-20"
"בית העלמין החדש נהריה","בית העלמין החדש נהריה","?? ?????","unmapped_fallback","2026-03-20"
"אזור תעשייה אלון התבור","אזור תעשייה אלון התבור","?? ?????","unmapped_fallback","2026-03-20"
"גניגר","גניגר","?? ?????","unmapped_fallback","2026-03-20"
"טייבה בגלבוע","טייבה בגלבוע","?? ?????","unmapped_fallback","2026-03-20"
"טמרה בגלבוע","טמרה בגלבוע","?? ?????","unmapped_fallback","2026-03-20"
"מרחביה מושב","מרחביה מושב","?? ?????","unmapped_fallback","2026-03-20"
"מרחביה קיבוץ","מרחביה קיבוץ","?? ?????","unmapped_fallback","2026-03-20"
"יקנעם המושבה והזורע","יקנעם המושבה והזורע","?? ?????","unmapped_fallback","2026-03-20"
"קיבוץ מגידו","קיבוץ מגידו","?? ?????","unmapped_fallback","2026-03-20"
"בית ירח","בית ירח","?? ?????","unmapped_fallback","2026-03-20"
"דבוריה","דבוריה","?? ?????","unmapped_fallback","2026-03-20"
"כינרת מושבה","כינרת מושבה","?? ?????","unmapped_fallback","2026-03-20"
"כינרת קבוצה","כינרת קבוצה","?? ?????","unmapped_fallback","2026-03-20"
"פוריה כפר עבודה","פוריה כפר עבודה","?? ?????","unmapped_fallback","2026-03-20"
"פוריה נווה עובד","פוריה נווה עובד","?? ?????","unmapped_fallback","2026-03-20"
"פוריה עילית","פוריה עילית","?? ?????","unmapped_fallback","2026-03-20"
"שיבלי אום אלג'נם","שיבלי אום אלג'נם","?? ?????","unmapped_fallback","2026-03-20"
"תחנת רכבת כפר ברוך","תחנת רכבת כפר ברוך","?? ?????","unmapped_fallback","2026-03-20"
"אזור תעשייה בני יהודה","אזור תעשייה בני יהודה","?? ?????","unmapped_fallback","2026-03-20"
"מנחת מחניים","מנחת מחניים","?? ?????","unmapped_fallback","2026-03-20"
"חוות יאיר","חוות יאיר","?? ?????","unmapped_fallback","2026-03-20"
"הר ברכה","הר ברכה","?? ?????","unmapped_fallback","2026-03-20"
"גבעת פורת יוסף","גבעת פורת יוסף","?? ?????","unmapped_fallback","2026-03-20"
"החווה של יאיא","החווה של יאיא","?? ?????","unmapped_fallback","2026-03-20"
"החווה של מנחם","החווה של מנחם","?? ?????","unmapped_fallback","2026-03-20"
"חוות גנות","חוות גנות","?? ?????","unmapped_fallback","2026-03-20"
"חוות מגדלים","חוות מגדלים","?? ?????","unmapped_fallback","2026-03-20"
"חוות מרום שמואל","חוות מרום שמואל","?? ?????","unmapped_fallback","2026-03-20"
"חוות נוף אב""י","חוות נוף אב""י","?? ?????","unmapped_fallback","2026-03-20"
"חוות שדה","חוות שדה","?? ?????","unmapped_fallback","2026-03-20"
"חוות שחרית","חוות שחרית","?? ?????","unmapped_fallback","2026-03-20"
"חוות שוביאל","חוות שוביאל","?? ?????","unmapped_fallback","2026-03-20"
"חוות פריאל","חוות פריאל","?? ?????","unmapped_fallback","2026-03-20"
"בני אדם","בני אדם","?? ?????","unmapped_fallback","2026-03-20"
"חוות הרשאש","חוות הרשאש","?? ?????","unmapped_fallback","2026-03-20"
"אלון","אלון","?? ?????","unmapped_fallback","2026-03-20"
"חוות עולם חסד","חוות עולם חסד","?? ?????","unmapped_fallback","2026-03-20"
"נופי פרת","נופי פרת","?? ?????","unmapped_fallback","2026-03-20"
"חוות הרועה העברי","חוות הרועה העברי","?? ?????","unmapped_fallback","2026-03-20"
"גבעת אסף","גבעת אסף","?? ?????","unmapped_fallback","2026-03-20"
"אעירה השחר","אעירה השחר","?? ?????","unmapped_fallback","2026-03-20"
"החווה של זוהר","החווה של זוהר","?? ?????","unmapped_fallback","2026-03-20"
"חוות חנינא","חוות חנינא","?? ?????","unmapped_fallback","2026-03-20"
"חוות מגנזי","חוות מגנזי","?? ?????","unmapped_fallback","2026-03-20"
"חוות מלכיאל","חוות מלכיאל","?? ?????","unmapped_fallback","2026-03-20"
"חוות מעלה אהוביה","חוות מעלה אהוביה","?? ?????","unmapped_fallback","2026-03-20"
"חוות נווה צוף","חוות נווה צוף","?? ?????","unmapped_fallback","2026-03-20"
"חוות נחלת צבי","חוות נחלת צבי","?? ?????","unmapped_fallback","2026-03-20"
"חוות ראש תאנה","חוות ראש תאנה","?? ?????","unmapped_fallback","2026-03-20"
"יבוא דודי","יבוא דודי","?? ?????","unmapped_fallback","2026-03-20"
"מגרון","מגרון","?? ?????","unmapped_fallback","2026-03-20"
"מכינת אלישע","מכינת אלישע","?? ?????","unmapped_fallback","2026-03-20"
"חוות בניהו","חוות בניהו","?? ?????","unmapped_fallback","2026-03-20"
"חוות ינון","חוות ינון","?? ?????","unmapped_fallback","2026-03-20"
"מרכז אזורי מגילות","מרכז אזורי מגילות","?? ?????","unmapped_fallback","2026-03-20"
"בית חגלה","בית חגלה","?? ?????","unmapped_fallback","2026-03-20"
"צומת אלמוג","צומת אלמוג","?? ?????","unmapped_fallback","2026-03-20"
"קדם ערבה","קדם ערבה","?? ?????","unmapped_fallback","2026-03-20"
"חוות מגנזי","חוות מגנזי","?? ?????","unmapped_fallback","2026-03-20"
"חוות אביחי","חוות אביחי","?? ?????","unmapped_fallback","2026-03-20"
"חוות עולם חסד","חוות עולם חסד","?? ?????","unmapped_fallback","2026-03-20"
"יבוא דודי","יבוא דודי","?? ?????","unmapped_fallback","2026-03-20"
"גבעת אסף","גבעת אסף","?? ?????","unmapped_fallback","2026-03-20"
"חוות חנינא","חוות חנינא","?? ?????","unmapped_fallback","2026-03-20"
"חוות מלכיאל","חוות מלכיאל","?? ?????","unmapped_fallback","2026-03-20"
"חוות מעלה אהוביה","חוות מעלה אהוביה","?? ?????","unmapped_fallback","2026-03-20"
"חוות נחלת צבי","חוות נחלת צבי","?? ?????","unmapped_fallback","2026-03-20"
"מגרון","מגרון","?? ?????","unmapped_fallback","2026-03-20"
"אעירה השחר","אעירה השחר","?? ?????","unmapped_fallback","2026-03-20"
"החווה של זוהר","החווה של זוהר","?? ?????","unmapped_fallback","2026-03-20"
"חוות מלכיאל","חוות מלכיאל","?? ?????","unmapped_fallback","2026-03-20"
"בני אדם","בני אדם","?? ?????","unmapped_fallback","2026-03-20"
"חוות בניהו","חוות בניהו","?? ?????","unmapped_fallback","2026-03-20"
"חוות ינון","חוות ינון","?? ?????","unmapped_fallback","2026-03-20"
"אלון","אלון","?? ?????","unmapped_fallback","2026-03-20"
"חוות הרועה העברי","חוות הרועה העברי","?? ?????","unmapped_fallback","2026-03-20"
"נופי פרת","נופי פרת","?? ?????","unmapped_fallback","2026-03-20"
"בית חגלה","בית חגלה","?? ?????","unmapped_fallback","2026-03-20"
"צומת אלמוג","צומת אלמוג","?? ?????","unmapped_fallback","2026-03-20"
"קדם ערבה","קדם ערבה","?? ?????","unmapped_fallback","2026-03-20"
"גבעת אסף","גבעת אסף","?? ?????","unmapped_fallback","2026-03-20"
"חוות הרשאש","חוות הרשאש","?? ?????","unmapped_fallback","2026-03-20"
"חוות חנינא","חוות חנינא","?? ?????","unmapped_fallback","2026-03-20"
"חוות מגנזי","חוות מגנזי","?? ?????","unmapped_fallback","2026-03-20"
"חוות מעלה אהוביה","חוות מעלה אהוביה","?? ?????","unmapped_fallback","2026-03-20"
"חוות נווה צוף","חוות נווה צוף","?? ?????","unmapped_fallback","2026-03-20"
"חוות נחלת צבי","חוות נחלת צבי","?? ?????","unmapped_fallback","2026-03-20"
"חוות ראש תאנה","חוות ראש תאנה","?? ?????","unmapped_fallback","2026-03-20"
"יבוא דודי","יבוא דודי","?? ?????","unmapped_fallback","2026-03-20"
"מגרון","מגרון","?? ?????","unmapped_fallback","2026-03-20"
"מכינת אלישע","מכינת אלישע","?? ?????","unmapped_fallback","2026-03-20"
"פנימיית עין כרם","פנימיית עין כרם","?? ?????","unmapped_fallback","2026-03-20"
"חוות אביחי","חוות אביחי","?? ?????","unmapped_fallback","2026-03-20"
"חוות מגדלים","חוות מגדלים","?? ?????","unmapped_fallback","2026-03-20"
"חוות נוף אב""י","חוות נוף אב""י","?? ?????","unmapped_fallback","2026-03-20"
"חוות נחל שילה","חוות נחל שילה","?? ?????","unmapped_fallback","2026-03-20"
"חוות עולם חסד","חוות עולם חסד","?? ?????","unmapped_fallback","2026-03-20"
"חוות פריאל","חוות פריאל","?? ?????","unmapped_fallback","2026-03-20"
"חוות צרידה","חוות צרידה","?? ?????","unmapped_fallback","2026-03-20"
"חוות שוביאל","חוות שוביאל","?? ?????","unmapped_fallback","2026-03-20"
"חוות שחרית","חוות שחרית","?? ?????","unmapped_fallback","2026-03-20"
"החווה של יאיא","החווה של יאיא","?? ?????","unmapped_fallback","2026-03-20"
"כורזים ורד הגליל","כורזים ורד הגליל","?? ?????","unmapped_fallback","2026-03-20"
"מרכז אזורי רמת כורזים","מרכז אזורי רמת כורזים","?? ?????","unmapped_fallback","2026-03-20"
"מנחת מחניים","מנחת מחניים","?? ?????","unmapped_fallback","2026-03-20"
"אזור תעשייה קיסריה","אזור תעשייה קיסריה","?? ?????","unmapped_fallback","2026-03-20"
"גבעת עדה","גבעת עדה","?? ?????","unmapped_fallback","2026-03-20"
"דליה","דליה","?? ?????","unmapped_fallback","2026-03-20"
"קיבוץ מגידו","קיבוץ מגידו","?? ?????","unmapped_fallback","2026-03-20"
"בית אלפא וחפציבה","בית אלפא וחפציבה","?? ?????","unmapped_fallback","2026-03-20"
"מרחביה מושב","מרחביה מושב","?? ?????","unmapped_fallback","2026-03-20"
"מרחביה קיבוץ","מרחביה קיבוץ","?? ?????","unmapped_fallback","2026-03-20"
"אום אל קוטוף","אום אל קוטוף","?? ?????","unmapped_fallback","2026-03-20"
"אזור תעשייה שחק","אזור תעשייה שחק","?? ?????","unmapped_fallback","2026-03-20"
"ברטעה","ברטעה","?? ?????","unmapped_fallback","2026-03-20"
"מועאוויה","מועאוויה","?? ?????","unmapped_fallback","2026-03-20"
"מתחם שביל התפוזים","מתחם שביל התפוזים","?? ?????","unmapped_fallback","2026-03-20"
"עין אל סהלה","עין אל סהלה","?? ?????","unmapped_fallback","2026-03-20"
"ישובי אומן","ישובי אומן","?? ?????","unmapped_fallback","2026-03-20"
"ישובי יעל","ישובי יעל","?? ?????","unmapped_fallback","2026-03-20"
"מוקיבלה","מוקיבלה","?? ?????","unmapped_fallback","2026-03-20"
"מרכז חבר","מרכז חבר","?? ?????","unmapped_fallback","2026-03-20"
"מתחם סקי גלבוע","מתחם סקי גלבוע","?? ?????","unmapped_fallback","2026-03-20"
"סנדלה","סנדלה","?? ?????","unmapped_fallback","2026-03-20"
"קבוצת גבע","קבוצת גבע","?? ?????","unmapped_fallback","2026-03-20"
"בי""ס כרמים בנימינה","בי""ס כרמים בנימינה","?? ?????","unmapped_fallback","2026-03-20"
"חוות אביה","חוות אביה","?? ?????","unmapped_fallback","2026-03-20"
"חוות אל נווה","חוות אל נווה","?? ?????","unmapped_fallback","2026-03-20"
"טל מנשה","טל מנשה","?? ?????","unmapped_fallback","2026-03-20"
"נמל קיסריה","נמל קיסריה","?? ?????","unmapped_fallback","2026-03-20"
"חוות מגדלים","חוות מגדלים","?? ?????","unmapped_fallback","2026-03-20"
"חוות שוביאל","חוות שוביאל","?? ?????","unmapped_fallback","2026-03-20"
"חוות שחרית","חוות שחרית","?? ?????","unmapped_fallback","2026-03-20"
"חוות נוף אב""י","חוות נוף אב""י","?? ?????","unmapped_fallback","2026-03-20"
"חוות צרידה","חוות צרידה","?? ?????","unmapped_fallback","2026-03-20"
"חוות פריאל","חוות פריאל","?? ?????","unmapped_fallback","2026-03-20"
"חוות נחל שילה","חוות נחל שילה","?? ?????","unmapped_fallback","2026-03-20"
"טייבה בגלבוע","טייבה בגלבוע","?? ?????","unmapped_fallback","2026-03-20"
"מנחת מחניים","מנחת מחניים","?? ?????","unmapped_fallback","2026-03-20"
"מרכז אזורי רמת כורזים","מרכז אזורי רמת כורזים","?? ?????","unmapped_fallback","2026-03-20"
"כורזים ורד הגליל","כורזים ורד הגליל","?? ?????","unmapped_fallback","2026-03-20"
"חוות יאיר","חוות יאיר","?? ?????","unmapped_fallback","2026-03-20"
"חוות גנות","חוות גנות","?? ?????","unmapped_fallback","2026-03-20"
"מרכז אזורי מגילות","מרכז אזורי מגילות","?? ?????","unmapped_fallback","2026-03-20"
"החווה של אורי כהן","החווה של אורי כהן","?? ?????","unmapped_fallback","2026-03-20"
"החווה של מנחם","החווה של מנחם","?? ?????","unmapped_fallback","2026-03-20"
"החווה של עשהאל","החווה של עשהאל","?? ?????","unmapped_fallback","2026-03-20"
"חוות יד השומר","חוות יד השומר","?? ?????","unmapped_fallback","2026-03-20"
"חוות מגנזי","חוות מגנזי","?? ?????","unmapped_fallback","2026-03-20"
"חוות עולם חסד","חוות עולם חסד","?? ?????","unmapped_fallback","2026-03-20"
"חוות אביחי","חוות אביחי","?? ?????","unmapped_fallback","2026-03-20"
"חוות צרידה","חוות צרידה","?? ?????","unmapped_fallback","2026-03-20"
"אלון","אלון","?? ?????","unmapped_fallback","2026-03-20"
"גבעת אסף","גבעת אסף","?? ?????","unmapped_fallback","2026-03-20"
"בית חגלה","בית חגלה","?? ?????","unmapped_fallback","2026-03-20"
"בני אדם","בני אדם","?? ?????","unmapped_fallback","2026-03-20"
"החווה של זוהר","החווה של זוהר","?? ?????","unmapped_fallback","2026-03-20"
"חוות בניהו","חוות בניהו","?? ?????","unmapped_fallback","2026-03-20"
"חוות הרועה העברי","חוות הרועה העברי","?? ?????","unmapped_fallback","2026-03-20"
"חוות חנינא","חוות חנינא","?? ?????","unmapped_fallback","2026-03-20"
"חוות ינון","חוות ינון","?? ?????","unmapped_fallback","2026-03-20"
"חוות מלכיאל","חוות מלכיאל","?? ?????","unmapped_fallback","2026-03-20"
"חוות נחלת צבי","חוות נחלת צבי","?? ?????","unmapped_fallback","2026-03-20"
"מגרון","מגרון","?? ?????","unmapped_fallback","2026-03-20"
"נופי פרת","נופי פרת","?? ?????","unmapped_fallback","2026-03-20"
"צומת אלמוג","צומת אלמוג","?? ?????","unmapped_fallback","2026-03-20"
"אעירה השחר","אעירה השחר","?? ?????","unmapped_fallback","2026-03-20"
"חוות מעלה אהוביה","חוות מעלה אהוביה","?? ?????","unmapped_fallback","2026-03-20"
"חוות נווה צוף","חוות נווה צוף","?? ?????","unmapped_fallback","2026-03-20"
"חוות נוף אב""י","חוות נוף אב""י","?? ?????","unmapped_fallback","2026-03-20"
"חוות נחל שילה","חוות נחל שילה","?? ?????","unmapped_fallback","2026-03-20"
"חוות ראש תאנה","חוות ראש תאנה","?? ?????","unmapped_fallback","2026-03-20"
"חוות שוביאל","חוות שוביאל","?? ?????","unmapped_fallback","2026-03-20"
"חוות שחרית","חוות שחרית","?? ?????","unmapped_fallback","2026-03-20"
"יבוא דודי","יבוא דודי","?? ?????","unmapped_fallback","2026-03-20"
"מכינת אלישע","מכינת אלישע","?? ?????","unmapped_fallback","2026-03-20"
"פנימיית עין כרם","פנימיית עין כרם","?? ?????","unmapped_fallback","2026-03-20"
"אלון","אלון","?? ?????","unmapped_fallback","2026-03-20"
"הגבעה הצהובה","הגבעה הצהובה","?? ?????","unmapped_fallback","2026-03-20"
"אעירה השחר","אעירה השחר","?? ?????","unmapped_fallback","2026-03-20"
"בית הברכה","בית הברכה","?? ?????","unmapped_fallback","2026-03-20"
"בני אדם","בני אדם","?? ?????","unmapped_fallback","2026-03-20"
"בר כוכבא","בר כוכבא","?? ?????","unmapped_fallback","2026-03-20"
"גבעות","גבעות","?? ?????","unmapped_fallback","2026-03-20"
"החווה של זוהר","החווה של זוהר","?? ?????","unmapped_fallback","2026-03-20"
"חוות ארץ האיילים","חוות ארץ האיילים","?? ?????","unmapped_fallback","2026-03-20"
"חוות בניהו","חוות בניהו","?? ?????","unmapped_fallback","2026-03-20"
"חוות הרועה העברי","חוות הרועה העברי","?? ?????","unmapped_fallback","2026-03-20"
"חוות חנינא","חוות חנינא","?? ?????","unmapped_fallback","2026-03-20"
"חוות ינון","חוות ינון","?? ?????","unmapped_fallback","2026-03-20"
"חוות מלכיאל","חוות מלכיאל","?? ?????","unmapped_fallback","2026-03-20"
"חוות נחלת צבי","חוות נחלת צבי","?? ?????","unmapped_fallback","2026-03-20"
"חוות עדן","חוות עדן","?? ?????","unmapped_fallback","2026-03-20"
"חוות צאן קדר","חוות צאן קדר","?? ?????","unmapped_fallback","2026-03-20"
"חוות קשואלה","חוות קשואלה","?? ?????","unmapped_fallback","2026-03-20"
"מגרון","מגרון","?? ?????","unmapped_fallback","2026-03-20"
"נופי פרת","נופי פרת","?? ?????","unmapped_fallback","2026-03-20"
"עוז וגאון","עוז וגאון","?? ?????","unmapped_fallback","2026-03-20"
"חוות תלם צפון","חוות תלם צפון","?? ?????","unmapped_fallback","2026-03-20"
"חוות מעלה אהוביה","חוות מעלה אהוביה","?? ?????","unmapped_fallback","2026-03-20"
"באקה אל גרבייה","באקה אל גרבייה","?? ?????","unmapped_fallback","2026-03-20"
"אמץ","אמץ","?? ?????","unmapped_fallback","2026-03-20"
"בית חרות","בית חרות","?? ?????","unmapped_fallback","2026-03-20"
"גבעת חיים איחוד","גבעת חיים איחוד","?? ?????","unmapped_fallback","2026-03-20"
"גבעת חיים מאוחד","גבעת חיים מאוחד","?? ?????","unmapped_fallback","2026-03-20"
"חבצלת השרון וצוקי ים","חבצלת השרון וצוקי ים","?? ?????","unmapped_fallback","2026-03-20"
"חוות אל נווה","חוות אל נווה","?? ?????","unmapped_fallback","2026-03-20"
"חוות אלחי","חוות אלחי","?? ?????","unmapped_fallback","2026-03-20"
"חוות עמיאל","חוות עמיאל","?? ?????","unmapped_fallback","2026-03-20"
"חומש","חומש","?? ?????","unmapped_fallback","2026-03-20"
"חרמש דרום","חרמש דרום","?? ?????","unmapped_fallback","2026-03-20"
"כפר גמילה מלכישוע","כפר גמילה מלכישוע","?? ?????","unmapped_fallback","2026-03-20"
"חוות אביה","חוות אביה","?? ?????","unmapped_fallback","2026-03-20"
"חוות יד השומר","חוות יד השומר","?? ?????","unmapped_fallback","2026-03-20"
"הר חלוץ","הר חלוץ","?? ?????","unmapped_fallback","2026-03-20"
"חוות אביחי","חוות אביחי","?? ?????","unmapped_fallback","2026-03-20"
"חוות מגנזי","חוות מגנזי","?? ?????","unmapped_fallback","2026-03-20"
"חוות נווה צוף","חוות נווה צוף","?? ?????","unmapped_fallback","2026-03-20"
"חוות נחל שילה","חוות נחל שילה","?? ?????","unmapped_fallback","2026-03-20"
"חוות עולם חסד","חוות עולם חסד","?? ?????","unmapped_fallback","2026-03-20"
"חוות צרידה","חוות צרידה","?? ?????","unmapped_fallback","2026-03-20"
"חוות שוביאל","חוות שוביאל","?? ?????","unmapped_fallback","2026-03-20"
"יבוא דודי","יבוא דודי","?? ?????","unmapped_fallback","2026-03-20"
"מכינת אלישע","מכינת אלישע","?? ?????","unmapped_fallback","2026-03-20"
"חוות נוף אב""י","חוות נוף אב""י","?? ?????","unmapped_fallback","2026-03-20"
"חוות שחרית","חוות שחרית","?? ?????","unmapped_fallback","2026-03-20"
"חוות יאיר","חוות יאיר","?? ?????","unmapped_fallback","2026-03-20"
"גבעת אסף","גבעת אסף","?? ?????","unmapped_fallback","2026-03-20"
"אעירה השחר","אעירה השחר","?? ?????","unmapped_fallback","2026-03-20"
"בני אדם","בני אדם","?? ?????","unmapped_fallback","2026-03-20"
"החווה של זוהר","החווה של זוהר","?? ?????","unmapped_fallback","2026-03-20"
"חוות בניהו","חוות בניהו","?? ?????","unmapped_fallback","2026-03-20"
"חוות חנינא","חוות חנינא","?? ?????","unmapped_fallback","2026-03-20"
"חוות ינון","חוות ינון","?? ?????","unmapped_fallback","2026-03-20"
"חוות מלכיאל","חוות מלכיאל","?? ?????","unmapped_fallback","2026-03-20"
"חוות מעלה אהוביה","חוות מעלה אהוביה","?? ?????","unmapped_fallback","2026-03-20"
"חוות נחלת צבי","חוות נחלת צבי","?? ?????","unmapped_fallback","2026-03-20"
"חוות ראש תאנה","חוות ראש תאנה","?? ?????","unmapped_fallback","2026-03-20"
"מגרון","מגרון","?? ?????","unmapped_fallback","2026-03-20"
"פנימיית עין כרם","פנימיית עין כרם","?? ?????","unmapped_fallback","2026-03-20"
"הר ברכה","הר ברכה","?? ?????","unmapped_fallback","2026-03-20"
"גבעת פורת יוסף","גבעת פורת יוסף","?? ?????","unmapped_fallback","2026-03-20"
"חוות מרום שמואל","חוות מרום שמואל","?? ?????","unmapped_fallback","2026-03-20"
"חוות שדה","חוות שדה","?? ?????","unmapped_fallback","2026-03-20"
"חוות מגדלים","חוות מגדלים","?? ?????","unmapped_fallback","2026-03-20"
"מנחת מחניים","מנחת מחניים","?? ?????","unmapped_fallback","2026-03-21"
"חוות אביחי","חוות אביחי","?? ?????","unmapped_fallback","2026-03-21"
"חוות מגנזי","חוות מגנזי","?? ?????","unmapped_fallback","2026-03-21"
"חוות נווה צוף","חוות נווה צוף","?? ?????","unmapped_fallback","2026-03-21"
"חוות עולם חסד","חוות עולם חסד","?? ?????","unmapped_fallback","2026-03-21"
"יבוא דודי","יבוא דודי","?? ?????","unmapped_fallback","2026-03-21"
"מכינת אלישע","מכינת אלישע","?? ?????","unmapped_fallback","2026-03-21"
"חוות צרידה","חוות צרידה","?? ?????","unmapped_fallback","2026-03-21"
"קדיתא","קדיתא","?? ?????","unmapped_fallback","2026-03-21"
"מרכז אזורי מרום גליל","מרכז אזורי מרום גליל","?? ?????","unmapped_fallback","2026-03-21"
"בית סוהר צלמון","בית סוהר צלמון","?? ?????","unmapped_fallback","2026-03-21"
"מע'אר","מע'אר","?? ?????","unmapped_fallback","2026-03-21"
"אזור תעשייה שחורת","אזור תעשייה שחורת","?? ?????","unmapped_fallback","2026-03-21"
"בחלק מהאזורים בארץ","בחלק מהאזורים בארץ","?? ?????","unmapped_fallback","2026-03-21"
"הר חלוץ","הר חלוץ","?? ?????","unmapped_fallback","2026-03-21"
"צורית גילון","צורית גילון","?? ?????","unmapped_fallback","2026-03-21"
"בית העלמין החדש עכו","בית העלמין החדש עכו","?? ?????","unmapped_fallback","2026-03-21"
"בית סוהר צלמון","בית סוהר צלמון","?? ?????","unmapped_fallback","2026-03-21"
"הררית יחד","הררית יחד","?? ?????","unmapped_fallback","2026-03-21"
"לוטם וחמדון","לוטם וחמדון","?? ?????","unmapped_fallback","2026-03-21"
"מע'אר","מע'אר","?? ?????","unmapped_fallback","2026-03-21"
"מרכז אזורי רמת כורזים","מרכז אזורי רמת כורזים","?? ?????","unmapped_fallback","2026-03-21"
"בית עלמין תל רגב","בית עלמין תל רגב","?? ?????","unmapped_fallback","2026-03-21"
"חמדת ימים","חמדת ימים","?? ?????","unmapped_fallback","2026-03-21"
"כפר ח'וואלד","כפר ח'וואלד","?? ?????","unmapped_fallback","2026-03-21"
"כורזים ורד הגליל","כורזים ורד הגליל","?? ?????","unmapped_fallback","2026-03-21"
"מנחת מחניים","מנחת מחניים","?? ?????","unmapped_fallback","2026-03-21"
"גבעת וולפסון","גבעת וולפסון","?? ?????","unmapped_fallback","2026-03-21"
"סואעד חמירה","סואעד חמירה","?? ?????","unmapped_fallback","2026-03-21"
"בית ספר שדה מירון","בית ספר שדה מירון","?? ?????","unmapped_fallback","2026-03-21"
"מרכז אזורי מרום גליל","מרכז אזורי מרום גליל","?? ?????","unmapped_fallback","2026-03-21"
"קדיתא","קדיתא","?? ?????","unmapped_fallback","2026-03-21"
"צורית גילון","צורית גילון","?? ?????","unmapped_fallback","2026-03-21"
"בית סוהר קישון","בית סוהר קישון","?? ?????","unmapped_fallback","2026-03-21"
"הררית יחד","הררית יחד","?? ?????","unmapped_fallback","2026-03-21"
"לוטם וחמדון","לוטם וחמדון","?? ?????","unmapped_fallback","2026-03-21"
"בית עלמין תל רגב","בית עלמין תל רגב","?? ?????","unmapped_fallback","2026-03-21"
"כפר ח'וואלד","כפר ח'וואלד","?? ?????","unmapped_fallback","2026-03-21"
"בית העלמין החדש עכו","בית העלמין החדש עכו","?? ?????","unmapped_fallback","2026-03-21"
"גבעת וולפסון","גבעת וולפסון","?? ?????","unmapped_fallback","2026-03-21"
"סואעד חמירה","סואעד חמירה","?? ?????","unmapped_fallback","2026-03-21"
"כעביה טבאש","כעביה טבאש","?? ?????","unmapped_fallback","2026-03-21"
"כורזים ורד הגליל","כורזים ורד הגליל","?? ?????","unmapped_fallback","2026-03-21"
"מרכז אזורי רמת כורזים","מרכז אזורי רמת כורזים","?? ?????","unmapped_fallback","2026-03-21"
"חמדת ימים","חמדת ימים","?? ?????","unmapped_fallback","2026-03-21"
"מנחת מחניים","מנחת מחניים","?? ?????","unmapped_fallback","2026-03-21"
"חוות אביחי","חוות אביחי","?? ?????","unmapped_fallback","2026-03-22"
"חוות נוף אב""י","חוות נוף אב""י","?? ?????","unmapped_fallback","2026-03-22"
"חוות עולם חסד","חוות עולם חסד","?? ?????","unmapped_fallback","2026-03-22"
"חוות צרידה","חוות צרידה","?? ?????","unmapped_fallback","2026-03-22"
"חוות שוביאל","חוות שוביאל","?? ?????","unmapped_fallback","2026-03-22"
"חוות שחרית","חוות שחרית","?? ?????","unmapped_fallback","2026-03-22"
"מכינת אלישע","מכינת אלישע","?? ?????","unmapped_fallback","2026-03-22"
"חוות מגנזי","חוות מגנזי","?? ?????","unmapped_fallback","2026-03-22"
"חוות נווה צוף","חוות נווה צוף","?? ?????","unmapped_fallback","2026-03-22"
"יבוא דודי","יבוא דודי","?? ?????","unmapped_fallback","2026-03-22"
"חוות נחל שילה","חוות נחל שילה","?? ?????","unmapped_fallback","2026-03-22"
"פנימיית עין כרם","פנימיית עין כרם","?? ?????","unmapped_fallback","2026-03-22"
"בר כוכבא","בר כוכבא","?? ?????","unmapped_fallback","2026-03-22"
"גבעות","גבעות","?? ?????","unmapped_fallback","2026-03-22"
"חוות ארץ האיילים","חוות ארץ האיילים","?? ?????","unmapped_fallback","2026-03-22"
"חוות עדן","חוות עדן","?? ?????","unmapped_fallback","2026-03-22"
"חוות צאן קדר","חוות צאן קדר","?? ?????","unmapped_fallback","2026-03-22"
"חוות קשואלה","חוות קשואלה","?? ?????","unmapped_fallback","2026-03-22"
"חוף זיקים","חוף זיקים","?? ?????","unmapped_fallback","2026-03-22"
"הגבעה הצהובה","הגבעה הצהובה","?? ?????","unmapped_fallback","2026-03-22"
"עוז וגאון","עוז וגאון","?? ?????","unmapped_fallback","2026-03-22"
"מיצד","מיצד","?? ?????","unmapped_fallback","2026-03-22"
"איבי הנחל","איבי הנחל","?? ?????","unmapped_fallback","2026-03-22"
"בית הברכה","בית הברכה","?? ?????","unmapped_fallback","2026-03-22"
"חוות נחלת אבות","חוות נחלת אבות","?? ?????","unmapped_fallback","2026-03-22"
"חוות תלם צפון","חוות תלם צפון","?? ?????","unmapped_fallback","2026-03-22"
"תקוע ד' וה'","תקוע ד' וה'","?? ?????","unmapped_fallback","2026-03-22"
"כפר אלדד","כפר אלדד","?? ?????","unmapped_fallback","2026-03-22"
"חוות מלאכי אברהם","חוות מלאכי אברהם","?? ?????","unmapped_fallback","2026-03-22"
"אפקה","אפקה","?? ?????","unmapped_fallback","2026-03-22"
"חוות מדבר חבר","חוות מדבר חבר","?? ?????","unmapped_fallback","2026-03-22"
"חוות מור ואברהם","חוות מור ואברהם","?? ?????","unmapped_fallback","2026-03-22"
"שני ליבנה","שני ליבנה","?? ?????","unmapped_fallback","2026-03-22"
"חוות מקנה יהודה","חוות מקנה יהודה","?? ?????","unmapped_fallback","2026-03-22"
"חוות אשכולות","חוות אשכולות","?? ?????","unmapped_fallback","2026-03-22"
"חוות יאיר","חוות יאיר","?? ?????","unmapped_fallback","2026-03-22"
"חוות אביחי","חוות אביחי","?? ?????","unmapped_fallback","2026-03-22"
"חוות צרידה","חוות צרידה","?? ?????","unmapped_fallback","2026-03-22"
"חוות שחרית","חוות שחרית","?? ?????","unmapped_fallback","2026-03-22"
"חוות נוף אב""י","חוות נוף אב""י","?? ?????","unmapped_fallback","2026-03-22"
"חוות יאיר","חוות יאיר","?? ?????","unmapped_fallback","2026-03-22"
"חוות אביחי","חוות אביחי","?? ?????","unmapped_fallback","2026-03-22"
"חוות נוף אב""י","חוות נוף אב""י","?? ?????","unmapped_fallback","2026-03-22"
"חוות צרידה","חוות צרידה","?? ?????","unmapped_fallback","2026-03-22"
"חוות שוביאל","חוות שוביאל","?? ?????","unmapped_fallback","2026-03-22"
"חוות שחרית","חוות שחרית","?? ?????","unmapped_fallback","2026-03-22"
"מכינת אלישע","מכינת אלישע","?? ?????","unmapped_fallback","2026-03-22"
"חוות עולם חסד","חוות עולם חסד","?? ?????","unmapped_fallback","2026-03-22"
"אזור תעשייה שחורת","אזור תעשייה שחורת","?? ?????","unmapped_fallback","2026-03-22"
"לב החולה","לב החולה","?? ?????","unmapped_fallback","2026-03-22"
"חוות שוביאל","חוות שוביאל","?? ?????","unmapped_fallback","2026-03-22"
"חוות מגנזי","חוות מגנזי","?? ?????","unmapped_fallback","2026-03-22"
"חוות אביחי","חוות אביחי","?? ?????","unmapped_fallback","2026-03-22"
"חוות עולם חסד","חוות עולם חסד","?? ?????","unmapped_fallback","2026-03-22"
"חוות צרידה","חוות צרידה","?? ?????","unmapped_fallback","2026-03-22"
"חוות שחרית","חוות שחרית","?? ?????","unmapped_fallback","2026-03-22"
"חוות יאיר","חוות יאיר","?? ?????","unmapped_fallback","2026-03-22"
"הר ברכה","הר ברכה","?? ?????","unmapped_fallback","2026-03-22"
"גבעת פורת יוסף","גבעת פורת יוסף","?? ?????","unmapped_fallback","2026-03-22"
"החווה של יאיא","החווה של יאיא","?? ?????","unmapped_fallback","2026-03-22"
"חוות גנות","חוות גנות","?? ?????","unmapped_fallback","2026-03-22"
"חוות מגדלים","חוות מגדלים","?? ?????","unmapped_fallback","2026-03-22"
"חוות מרום שמואל","חוות מרום שמואל","?? ?????","unmapped_fallback","2026-03-22"
"חוות נוף אב""י","חוות נוף אב""י","?? ?????","unmapped_fallback","2026-03-22"
"חוות שדה","חוות שדה","?? ?????","unmapped_fallback","2026-03-22"
"חוות נווה צוף","חוות נווה צוף","?? ?????","unmapped_fallback","2026-03-22"
"מכינת אלישע","מכינת אלישע","?? ?????","unmapped_fallback","2026-03-22"
"בית העלמין החדש נהריה","בית העלמין החדש נהריה","?? ?????","unmapped_fallback","2026-03-22"
"בית העלמין החדש נהריה","בית העלמין החדש נהריה","?? ?????","unmapped_fallback","2026-03-22"
"בית העלמין החדש נהריה","בית העלמין החדש נהריה","?? ?????","unmapped_fallback","2026-03-22"
"בית העלמין החדש נהריה","בית העלמין החדש נהריה","?? ?????","unmapped_fallback","2026-03-22"
"בית העלמין החדש נהריה","בית העלמין החדש נהריה","?? ?????","unmapped_fallback","2026-03-22"
"חוות יאיר","חוות יאיר","?? ?????","unmapped_fallback","2026-03-23"
"חוות אביחי","חוות אביחי","?? ?????","unmapped_fallback","2026-03-23"
"חוות נווה צוף","חוות נווה צוף","?? ?????","unmapped_fallback","2026-03-23"
"חוות נוף אב""י","חוות נוף אב""י","?? ?????","unmapped_fallback","2026-03-23"
"חוות נחל שילה","חוות נחל שילה","?? ?????","unmapped_fallback","2026-03-23"
"חוות עולם חסד","חוות עולם חסד","?? ?????","unmapped_fallback","2026-03-23"
"חוות צרידה","חוות צרידה","?? ?????","unmapped_fallback","2026-03-23"
"חוות שוביאל","חוות שוביאל","?? ?????","unmapped_fallback","2026-03-23"
"חוות שחרית","חוות שחרית","?? ?????","unmapped_fallback","2026-03-23"
"מכינת אלישע","מכינת אלישע","?? ?????","unmapped_fallback","2026-03-23"
"חוות מגנזי","חוות מגנזי","?? ?????","unmapped_fallback","2026-03-23"
"חוף זיקים","חוף זיקים","?? ?????","unmapped_fallback","2026-03-23"
"חוות תלם צפון","חוות תלם צפון","?? ?????","unmapped_fallback","2026-03-23"
"מיצד","מיצד","?? ?????","unmapped_fallback","2026-03-23"
"בית הברכה","בית הברכה","?? ?????","unmapped_fallback","2026-03-23"
"חוות נחלת אבות","חוות נחלת אבות","?? ?????","unmapped_fallback","2026-03-23"
"עוז וגאון","עוז וגאון","?? ?????","unmapped_fallback","2026-03-23"
"הר חלוץ","הר חלוץ","?? ?????","unmapped_fallback","2026-03-23"
"כורזים ורד הגליל","כורזים ורד הגליל","?? ?????","unmapped_fallback","2026-03-23"
"צורית גילון","צורית גילון","?? ?????","unmapped_fallback","2026-03-23"
"בית העלמין החדש עכו","בית העלמין החדש עכו","?? ?????","unmapped_fallback","2026-03-23"
"בית סוהר צלמון","בית סוהר צלמון","?? ?????","unmapped_fallback","2026-03-23"
"בית ספר שדה מירון","בית ספר שדה מירון","?? ?????","unmapped_fallback","2026-03-23"
"לוטם וחמדון","לוטם וחמדון","?? ?????","unmapped_fallback","2026-03-23"
"מע'אר","מע'אר","?? ?????","unmapped_fallback","2026-03-23"
"מרכז אזורי מרום גליל","מרכז אזורי מרום גליל","?? ?????","unmapped_fallback","2026-03-23"
"מרכז אזורי רמת כורזים","מרכז אזורי רמת כורזים","?? ?????","unmapped_fallback","2026-03-23"
"קדיתא","קדיתא","?? ?????","unmapped_fallback","2026-03-23"
"חמדת ימים","חמדת ימים","?? ?????","unmapped_fallback","2026-03-23"
"מנחת מחניים","מנחת מחניים","?? ?????","unmapped_fallback","2026-03-23"
"בית העלמין החדש נהריה","בית העלמין החדש נהריה","?? ?????","unmapped_fallback","2026-03-23"
"חוף זיקים","חוף זיקים","?? ?????","unmapped_fallback","2026-03-23"
"חוות מגנזי","חוות מגנזי","?? ?????","unmapped_fallback","2026-03-23"
"פנימיית עין כרם","פנימיית עין כרם","?? ?????","unmapped_fallback","2026-03-23"
"בר כוכבא","בר כוכבא","?? ?????","unmapped_fallback","2026-03-23"
"גבעות","גבעות","?? ?????","unmapped_fallback","2026-03-23"
"חוות עדן","חוות עדן","?? ?????","unmapped_fallback","2026-03-23"
"חוות קשואלה","חוות קשואלה","?? ?????","unmapped_fallback","2026-03-23"
"אזור תעשייה שחורת","אזור תעשייה שחורת","?? ?????","unmapped_fallback","2026-03-23"
"גבעת וולפסון","גבעת וולפסון","?? ?????","unmapped_fallback","2026-03-24"
"חג'אג'רה","חג'אג'רה","?? ?????","unmapped_fallback","2026-03-24"
"כעביה טבאש","כעביה טבאש","?? ?????","unmapped_fallback","2026-03-24"
"צורית גילון","צורית גילון","?? ?????","unmapped_fallback","2026-03-24"
"בית סוהר צלמון","בית סוהר צלמון","?? ?????","unmapped_fallback","2026-03-24"
"בית סוהר קישון","בית סוהר קישון","?? ?????","unmapped_fallback","2026-03-24"
"הררית יחד","הררית יחד","?? ?????","unmapped_fallback","2026-03-24"
"לוטם וחמדון","לוטם וחמדון","?? ?????","unmapped_fallback","2026-03-24"
"מע'אר","מע'אר","?? ?????","unmapped_fallback","2026-03-24"
"בית עלמין תל רגב","בית עלמין תל רגב","?? ?????","unmapped_fallback","2026-03-24"
"כפר ח'וואלד","כפר ח'וואלד","?? ?????","unmapped_fallback","2026-03-24"
"סואעד חמירה","סואעד חמירה","?? ?????","unmapped_fallback","2026-03-24"
"כורזים ורד הגליל","כורזים ורד הגליל","?? ?????","unmapped_fallback","2026-03-24"
"חמדת ימים","חמדת ימים","?? ?????","unmapped_fallback","2026-03-24"
"בית העלמין החדש עכו","בית העלמין החדש עכו","?? ?????","unmapped_fallback","2026-03-24"
"מרכז מיר''ב","מרכז מיר''ב","?? ?????","unmapped_fallback","2026-03-24"
"תחנת רכבת כפר יהושוע","תחנת רכבת כפר יהושוע","?? ?????","unmapped_fallback","2026-03-24"
"אתר ההנצחה גולני","אתר ההנצחה גולני","?? ?????","unmapped_fallback","2026-03-24"
"חוף זיקים","חוף זיקים","?? ?????","unmapped_fallback","2026-03-24"
"גבעות","גבעות","?? ?????","unmapped_fallback","2026-03-24"
"חוות קשואלה","חוות קשואלה","?? ?????","unmapped_fallback","2026-03-24"
"חוות יאיר","חוות יאיר","?? ?????","unmapped_fallback","2026-03-24"
"חוות אביחי","חוות אביחי","?? ?????","unmapped_fallback","2026-03-24"
"חוות נוף אב""י","חוות נוף אב""י","?? ?????","unmapped_fallback","2026-03-24"
"חוות עולם חסד","חוות עולם חסד","?? ?????","unmapped_fallback","2026-03-24"
"חוות צרידה","חוות צרידה","?? ?????","unmapped_fallback","2026-03-24"
"חוות שוביאל","חוות שוביאל","?? ?????","unmapped_fallback","2026-03-24"
"חוות שחרית","חוות שחרית","?? ?????","unmapped_fallback","2026-03-24"
"שני ליבנה","שני ליבנה","?? ?????","unmapped_fallback","2026-03-24"
"חוות מור ואברהם","חוות מור ואברהם","?? ?????","unmapped_fallback","2026-03-24"
"חוות מקנה יהודה","חוות מקנה יהודה","?? ?????","unmapped_fallback","2026-03-24"
"אפקה","אפקה","?? ?????","unmapped_fallback","2026-03-24"
"חוות אשכולות","חוות אשכולות","?? ?????","unmapped_fallback","2026-03-24"
"החווה של יאיא","החווה של יאיא","?? ?????","unmapped_fallback","2026-03-24"
"חוות גנות","חוות גנות","?? ?????","unmapped_fallback","2026-03-24"
"חוות הרשאש","חוות הרשאש","?? ?????","unmapped_fallback","2026-03-24"
"חוות מגדלים","חוות מגדלים","?? ?????","unmapped_fallback","2026-03-24"
"חוות מרום שמואל","חוות מרום שמואל","?? ?????","unmapped_fallback","2026-03-24"
"חוות פריאל","חוות פריאל","?? ?????","unmapped_fallback","2026-03-24"
"חוות שדה","חוות שדה","?? ?????","unmapped_fallback","2026-03-24"
"חוות יאיר","חוות יאיר","?? ?????","unmapped_fallback","2026-03-24"
"חוות אביחי","חוות אביחי","?? ?????","unmapped_fallback","2026-03-24"
"חוות נוף אב""י","חוות נוף אב""י","?? ?????","unmapped_fallback","2026-03-24"
"חוות נחל שילה","חוות נחל שילה","?? ?????","unmapped_fallback","2026-03-24"
"חוות צרידה","חוות צרידה","?? ?????","unmapped_fallback","2026-03-24"
"חוות שוביאל","חוות שוביאל","?? ?????","unmapped_fallback","2026-03-24"
"חוות שחרית","חוות שחרית","?? ?????","unmapped_fallback","2026-03-24"
"הר ברכה","הר ברכה","?? ?????","unmapped_fallback","2026-03-24"
"חוות עולם חסד","חוות עולם חסד","?? ?????","unmapped_fallback","2026-03-24"
"חוות נווה צוף","חוות נווה צוף","?? ?????","unmapped_fallback","2026-03-24"
"מכינת אלישע","מכינת אלישע","?? ?????","unmapped_fallback","2026-03-24"
"גבעת פורת יוסף","גבעת פורת יוסף","?? ?????","unmapped_fallback","2026-03-24"
"החווה של מנחם","החווה של מנחם","?? ?????","unmapped_fallback","2026-03-24"
"מיצד","מיצד","?? ?????","unmapped_fallback","2026-03-24"
"בית הברכה","בית הברכה","?? ?????","unmapped_fallback","2026-03-24"
"חוות נחלת אבות","חוות נחלת אבות","?? ?????","unmapped_fallback","2026-03-24"
"חוף זיקים","חוף זיקים","?? ?????","unmapped_fallback","2026-03-24"
"חוות תלם צפון","חוות תלם צפון","?? ?????","unmapped_fallback","2026-03-24"
"הר חלוץ","הר חלוץ","?? ?????","unmapped_fallback","2026-03-24"
"אל עמארני, אל מסק","אל עמארני, אל מסק","?? ?????","unmapped_fallback","2026-03-24"
"שני ליבנה","שני ליבנה","?? ?????","unmapped_fallback","2026-03-24"
"חוות מור ואברהם","חוות מור ואברהם","?? ?????","unmapped_fallback","2026-03-24"
"חוות מקנה יהודה","חוות מקנה יהודה","?? ?????","unmapped_fallback","2026-03-24"
"שאנטי במדבר","שאנטי במדבר","?? ?????","unmapped_fallback","2026-03-24"
"הר חלוץ","הר חלוץ","?? ?????","unmapped_fallback","2026-03-24"
"לב החולה","לב החולה","?? ?????","unmapped_fallback","2026-03-24"
"בוקעתא","בוקעתא","?? ?????","unmapped_fallback","2026-03-24"
"בית ספר שדה מירון","בית ספר שדה מירון","?? ?????","unmapped_fallback","2026-03-24"
"מרכז אזורי מרום גליל","מרכז אזורי מרום גליל","?? ?????","unmapped_fallback","2026-03-24"
"קדיתא","קדיתא","?? ?????","unmapped_fallback","2026-03-24"
"צורית גילון","צורית גילון","?? ?????","unmapped_fallback","2026-03-24"
"בית העלמין החדש עכו","בית העלמין החדש עכו","?? ?????","unmapped_fallback","2026-03-24"
"חמדת ימים","חמדת ימים","?? ?????","unmapped_fallback","2026-03-24"
"חג'אג'רה","חג'אג'רה","?? ?????","unmapped_fallback","2026-03-24"
"כורזים ורד הגליל","כורזים ורד הגליל","?? ?????","unmapped_fallback","2026-03-24"
"אתר ההנצחה גולני","אתר ההנצחה גולני","?? ?????","unmapped_fallback","2026-03-24"
"בית סוהר צלמון","בית סוהר צלמון","?? ?????","unmapped_fallback","2026-03-24"
"הררית יחד","הררית יחד","?? ?????","unmapped_fallback","2026-03-24"
"לוטם וחמדון","לוטם וחמדון","?? ?????","unmapped_fallback","2026-03-24"
"מע'אר","מע'אר","?? ?????","unmapped_fallback","2026-03-24"
"מרכז אזורי רמת כורזים","מרכז אזורי רמת כורזים","?? ?????","unmapped_fallback","2026-03-24"
"מנחת מחניים","מנחת מחניים","?? ?????","unmapped_fallback","2026-03-24"
"לב החולה","לב החולה","?? ?????","unmapped_fallback","2026-03-24"
"חוות יאיר","חוות יאיר","?? ?????","unmapped_fallback","2026-03-24"
"הר ברכה","הר ברכה","?? ?????","unmapped_fallback","2026-03-24"
"חוות נוף אב""י","חוות נוף אב""י","?? ?????","unmapped_fallback","2026-03-24"
"חוות שוביאל","חוות שוביאל","?? ?????","unmapped_fallback","2026-03-24"
"חוות שחרית","חוות שחרית","?? ?????","unmapped_fallback","2026-03-24"
"חוות אביחי","חוות אביחי","?? ?????","unmapped_fallback","2026-03-24"
"חוות צרידה","חוות צרידה","?? ?????","unmapped_fallback","2026-03-24"
"חוות עולם חסד","חוות עולם חסד","?? ?????","unmapped_fallback","2026-03-24"
"אזור תעשייה שחורת","אזור תעשייה שחורת","?? ?????","unmapped_fallback","2026-03-24"
"אלון","אלון","?? ?????","unmapped_fallback","2026-03-24"
"מרכז אזורי מגילות","מרכז אזורי מגילות","?? ?????","unmapped_fallback","2026-03-24"
"בית חגלה","בית חגלה","?? ?????","unmapped_fallback","2026-03-24"
"חוות הרועה העברי","חוות הרועה העברי","?? ?????","unmapped_fallback","2026-03-24"
"נופי פרת","נופי פרת","?? ?????","unmapped_fallback","2026-03-24"
"צומת אלמוג","צומת אלמוג","?? ?????","unmapped_fallback","2026-03-24"
"קדם ערבה","קדם ערבה","?? ?????","unmapped_fallback","2026-03-24"
"בני אדם","בני אדם","?? ?????","unmapped_fallback","2026-03-24"
"חוות בניהו","חוות בניהו","?? ?????","unmapped_fallback","2026-03-24"
"חוות ינון","חוות ינון","?? ?????","unmapped_fallback","2026-03-24"
"פנימיית עין כרם","פנימיית עין כרם","?? ?????","unmapped_fallback","2026-03-24"
"בר כוכבא","בר כוכבא","?? ?????","unmapped_fallback","2026-03-24"
"חוות נחלת צבי","חוות נחלת צבי","?? ?????","unmapped_fallback","2026-03-24"
"חוות צאן קדר","חוות צאן קדר","?? ?????","unmapped_fallback","2026-03-24"
"מגרון","מגרון","?? ?????","unmapped_fallback","2026-03-24"
"חוות עדן","חוות עדן","?? ?????","unmapped_fallback","2026-03-24"
"בני אדם","בני אדם","?? ?????","unmapped_fallback","2026-03-24"
"חוות הרועה העברי","חוות הרועה העברי","?? ?????","unmapped_fallback","2026-03-24"
"נופי פרת","נופי פרת","?? ?????","unmapped_fallback","2026-03-24"
"אזור תעשייה שחורת","אזור תעשייה שחורת","?? ?????","unmapped_fallback","2026-03-25"
"חרמש דרום","חרמש דרום","?? ?????","unmapped_fallback","2026-03-25"
"באקה אל גרבייה","באקה אל גרבייה","?? ?????","unmapped_fallback","2026-03-25"
"אמץ","אמץ","?? ?????","unmapped_fallback","2026-03-25"
"בית חרות","בית חרות","?? ?????","unmapped_fallback","2026-03-25"
"גבעת חיים איחוד","גבעת חיים איחוד","?? ?????","unmapped_fallback","2026-03-25"
"גבעת חיים מאוחד","גבעת חיים מאוחד","?? ?????","unmapped_fallback","2026-03-25"
"חבצלת השרון וצוקי ים","חבצלת השרון וצוקי ים","?? ?????","unmapped_fallback","2026-03-25"
"חוות אלחי","חוות אלחי","?? ?????","unmapped_fallback","2026-03-25"
"חומש","חומש","?? ?????","unmapped_fallback","2026-03-25"
"לב החולה","לב החולה","?? ?????","unmapped_fallback","2026-03-25"
"קדיתא","קדיתא","?? ?????","unmapped_fallback","2026-03-25"
"מרכז אזורי מרום גליל","מרכז אזורי מרום גליל","?? ?????","unmapped_fallback","2026-03-25"
"קדיתא","קדיתא","?? ?????","unmapped_fallback","2026-03-25"
"מרכז אזורי מרום גליל","מרכז אזורי מרום גליל","?? ?????","unmapped_fallback","2026-03-25"
"קדיתא","קדיתא","?? ?????","unmapped_fallback","2026-03-25"
"לב החולה","לב החולה","?? ?????","unmapped_fallback","2026-03-25"
"מנחת מחניים","מנחת מחניים","?? ?????","unmapped_fallback","2026-03-25"
"מרכז אזורי רמת כורזים","מרכז אזורי רמת כורזים","?? ?????","unmapped_fallback","2026-03-25"
"כורזים ורד הגליל","כורזים ורד הגליל","?? ?????","unmapped_fallback","2026-03-25"
"מרכז אזורי רמת כורזים","מרכז אזורי רמת כורזים","?? ?????","unmapped_fallback","2026-03-25"
"אזור תעשייה קיסריה","אזור תעשייה קיסריה","?? ?????","unmapped_fallback","2026-03-25"
"באקה אל גרבייה","באקה אל גרבייה","?? ?????","unmapped_fallback","2026-03-25"
"גבעת עדה","גבעת עדה","?? ?????","unmapped_fallback","2026-03-25"
"דליה","דליה","?? ?????","unmapped_fallback","2026-03-25"
"קיבוץ מגידו","קיבוץ מגידו","?? ?????","unmapped_fallback","2026-03-25"
"אום אל קוטוף","אום אל קוטוף","?? ?????","unmapped_fallback","2026-03-25"
"אזור תעשייה שחק","אזור תעשייה שחק","?? ?????","unmapped_fallback","2026-03-25"
"אמץ","אמץ","?? ?????","unmapped_fallback","2026-03-25"
"בית חרות","בית חרות","?? ?????","unmapped_fallback","2026-03-25"
"ברטעה","ברטעה","?? ?????","unmapped_fallback","2026-03-25"
"גבעת חיים איחוד","גבעת חיים איחוד","?? ?????","unmapped_fallback","2026-03-25"
"גבעת חיים מאוחד","גבעת חיים מאוחד","?? ?????","unmapped_fallback","2026-03-25"
"חבצלת השרון וצוקי ים","חבצלת השרון וצוקי ים","?? ?????","unmapped_fallback","2026-03-25"
"מועאוויה","מועאוויה","?? ?????","unmapped_fallback","2026-03-25"
"מתחם שביל התפוזים","מתחם שביל התפוזים","?? ?????","unmapped_fallback","2026-03-25"
"עין אל סהלה","עין אל סהלה","?? ?????","unmapped_fallback","2026-03-25"
"ישובי אומן","ישובי אומן","?? ?????","unmapped_fallback","2026-03-25"
"ישובי יעל","ישובי יעל","?? ?????","unmapped_fallback","2026-03-25"
"מוקיבלה","מוקיבלה","?? ?????","unmapped_fallback","2026-03-25"
"מרכז חבר","מרכז חבר","?? ?????","unmapped_fallback","2026-03-25"
"מתחם סקי גלבוע","מתחם סקי גלבוע","?? ?????","unmapped_fallback","2026-03-25"
"סנדלה","סנדלה","?? ?????","unmapped_fallback","2026-03-25"
"בי""ס כרמים בנימינה","בי""ס כרמים בנימינה","?? ?????","unmapped_fallback","2026-03-25"
"חוות אביה","חוות אביה","?? ?????","unmapped_fallback","2026-03-25"
"חוות אל נווה","חוות אל נווה","?? ?????","unmapped_fallback","2026-03-25"
"חרמש דרום","חרמש דרום","?? ?????","unmapped_fallback","2026-03-25"
"טל מנשה","טל מנשה","?? ?????","unmapped_fallback","2026-03-25"
"נמל קיסריה","נמל קיסריה","?? ?????","unmapped_fallback","2026-03-25"
"גבעת אסף","גבעת אסף","?? ?????","unmapped_fallback","2026-03-25"
"חוות אביחי","חוות אביחי","?? ?????","unmapped_fallback","2026-03-25"
"אעירה השחר","אעירה השחר","?? ?????","unmapped_fallback","2026-03-25"
"חוות חנינא","חוות חנינא","?? ?????","unmapped_fallback","2026-03-25"
"חוות מגנזי","חוות מגנזי","?? ?????","unmapped_fallback","2026-03-25"
"חוות מעלה אהוביה","חוות מעלה אהוביה","?? ?????","unmapped_fallback","2026-03-25"
"חוות נווה צוף","חוות נווה צוף","?? ?????","unmapped_fallback","2026-03-25"
"חוות נחל שילה","חוות נחל שילה","?? ?????","unmapped_fallback","2026-03-25"
"חוות עולם חסד","חוות עולם חסד","?? ?????","unmapped_fallback","2026-03-25"
"חוות צרידה","חוות צרידה","?? ?????","unmapped_fallback","2026-03-25"
"חוות ראש תאנה","חוות ראש תאנה","?? ?????","unmapped_fallback","2026-03-25"
"חוות שוביאל","חוות שוביאל","?? ?????","unmapped_fallback","2026-03-25"
"יבוא דודי","יבוא דודי","?? ?????","unmapped_fallback","2026-03-25"
"מגרון","מגרון","?? ?????","unmapped_fallback","2026-03-25"
"מכינת אלישע","מכינת אלישע","?? ?????","unmapped_fallback","2026-03-25"
"מרחביה מושב","מרחביה מושב","?? ?????","unmapped_fallback","2026-03-25"
"מרחביה קיבוץ","מרחביה קיבוץ","?? ?????","unmapped_fallback","2026-03-25"
"קבוצת גבע","קבוצת גבע","?? ?????","unmapped_fallback","2026-03-25"
"חוות מגנזי","חוות מגנזי","?? ?????","unmapped_fallback","2026-03-25"
"אזור תעשייה קיסריה","אזור תעשייה קיסריה","?? ?????","unmapped_fallback","2026-03-25"
"באקה אל גרבייה","באקה אל גרבייה","?? ?????","unmapped_fallback","2026-03-25"
"גבעת עדה","גבעת עדה","?? ?????","unmapped_fallback","2026-03-25"
"אום אל קוטוף","אום אל קוטוף","?? ?????","unmapped_fallback","2026-03-25"
"ברטעה","ברטעה","?? ?????","unmapped_fallback","2026-03-25"
"מתחם שביל התפוזים","מתחם שביל התפוזים","?? ?????","unmapped_fallback","2026-03-25"
"בי""ס כרמים בנימינה","בי""ס כרמים בנימינה","?? ?????","unmapped_fallback","2026-03-25"
"נמל קיסריה","נמל קיסריה","?? ?????","unmapped_fallback","2026-03-25"
"חוות יאיר","חוות יאיר","?? ?????","unmapped_fallback","2026-03-25"
"חוות אביחי","חוות אביחי","?? ?????","unmapped_fallback","2026-03-25"
"חוות נווה צוף","חוות נווה צוף","?? ?????","unmapped_fallback","2026-03-25"
"חוות נוף אב""י","חוות נוף אב""י","?? ?????","unmapped_fallback","2026-03-25"
"חוות עולם חסד","חוות עולם חסד","?? ?????","unmapped_fallback","2026-03-25"
"חוות צרידה","חוות צרידה","?? ?????","unmapped_fallback","2026-03-25"
"חוות שוביאל","חוות שוביאל","?? ?????","unmapped_fallback","2026-03-25"
"חוות שחרית","חוות שחרית","?? ?????","unmapped_fallback","2026-03-25"
"מכינת אלישע","מכינת אלישע","?? ?????","unmapped_fallback","2026-03-25"
"מכינת אלישע","מכינת אלישע","?? ?????","unmapped_fallback","2026-03-25"
"חוות נווה צוף","חוות נווה צוף","?? ?????","unmapped_fallback","2026-03-25"
"חוות יאיר","חוות יאיר","?? ?????","unmapped_fallback","2026-03-25"
"הר ברכה","הר ברכה","?? ?????","unmapped_fallback","2026-03-25"
"חוות אביחי","חוות אביחי","?? ?????","unmapped_fallback","2026-03-25"
"חוות נוף אב""י","חוות נוף אב""י","?? ?????","unmapped_fallback","2026-03-25"
"חוות עולם חסד","חוות עולם חסד","?? ?????","unmapped_fallback","2026-03-25"
"חוות צרידה","חוות צרידה","?? ?????","unmapped_fallback","2026-03-25"
"חוות שוביאל","חוות שוביאל","?? ?????","unmapped_fallback","2026-03-25"
"חוות שחרית","חוות שחרית","?? ?????","unmapped_fallback","2026-03-25"
"חוות מגנזי","חוות מגנזי","?? ?????","unmapped_fallback","2026-03-25"
"בית העלמין החדש עכו","בית העלמין החדש עכו","?? ?????","unmapped_fallback","2026-03-25"
"בית ספר שדה מירון","בית ספר שדה מירון","?? ?????","unmapped_fallback","2026-03-25"
"מרכז אזורי מרום גליל","מרכז אזורי מרום גליל","?? ?????","unmapped_fallback","2026-03-25"
"קדיתא","קדיתא","?? ?????","unmapped_fallback","2026-03-25"
"חמדת ימים","חמדת ימים","?? ?????","unmapped_fallback","2026-03-25"
"הר חלוץ","הר חלוץ","?? ?????","unmapped_fallback","2026-03-25"
"הר חלוץ","הר חלוץ","?? ?????","unmapped_fallback","2026-03-25"
"לב החולה","לב החולה","?? ?????","unmapped_fallback","2026-03-25"
"אזור תעשייה שחורת","אזור תעשייה שחורת","?? ?????","unmapped_fallback","2026-03-25"
"בית העלמין החדש עכו","בית העלמין החדש עכו","?? ?????","unmapped_fallback","2026-03-25"
"לב החולה","לב החולה","?? ?????","unmapped_fallback","2026-03-25"
"קדיתא","קדיתא","?? ?????","unmapped_fallback","2026-03-26"
"גבעת אסף","גבעת אסף","?? ?????","unmapped_fallback","2026-03-26"
"חוות אביחי","חוות אביחי","?? ?????","unmapped_fallback","2026-03-26"
"אעירה השחר","אעירה השחר","?? ?????","unmapped_fallback","2026-03-26"
"החווה של זוהר","החווה של זוהר","?? ?????","unmapped_fallback","2026-03-26"
"חוות בניהו","חוות בניהו","?? ?????","unmapped_fallback","2026-03-26"
"חוות הרשאש","חוות הרשאש","?? ?????","unmapped_fallback","2026-03-26"
"חוות חנינא","חוות חנינא","?? ?????","unmapped_fallback","2026-03-26"
"חוות מגדלים","חוות מגדלים","?? ?????","unmapped_fallback","2026-03-26"
"חוות מגנזי","חוות מגנזי","?? ?????","unmapped_fallback","2026-03-26"
"חוות מלכיאל","חוות מלכיאל","?? ?????","unmapped_fallback","2026-03-26"
"חוות מעלה אהוביה","חוות מעלה אהוביה","?? ?????","unmapped_fallback","2026-03-26"
"חוות נווה צוף","חוות נווה צוף","?? ?????","unmapped_fallback","2026-03-26"
"חוות נוף אב""י","חוות נוף אב""י","?? ?????","unmapped_fallback","2026-03-26"
"חוות נחל שילה","חוות נחל שילה","?? ?????","unmapped_fallback","2026-03-26"
"חוות נחלת צבי","חוות נחלת צבי","?? ?????","unmapped_fallback","2026-03-26"
"חוות עולם חסד","חוות עולם חסד","?? ?????","unmapped_fallback","2026-03-26"
"חוות פריאל","חוות פריאל","?? ?????","unmapped_fallback","2026-03-26"
"חוות צרידה","חוות צרידה","?? ?????","unmapped_fallback","2026-03-26"
"חוות ראש תאנה","חוות ראש תאנה","?? ?????","unmapped_fallback","2026-03-26"
"חוות שוביאל","חוות שוביאל","?? ?????","unmapped_fallback","2026-03-26"
"יבוא דודי","יבוא דודי","?? ?????","unmapped_fallback","2026-03-26"
"מגרון","מגרון","?? ?????","unmapped_fallback","2026-03-26"
"מכינת אלישע","מכינת אלישע","?? ?????","unmapped_fallback","2026-03-26"
"בני אדם","בני אדם","?? ?????","unmapped_fallback","2026-03-26"
"חוות ינון","חוות ינון","?? ?????","unmapped_fallback","2026-03-26"
"חוות מגדלים","חוות מגדלים","?? ?????","unmapped_fallback","2026-03-26"
"חוות נחל שילה","חוות נחל שילה","?? ?????","unmapped_fallback","2026-03-26"
"חוות יאיר","חוות יאיר","?? ?????","unmapped_fallback","2026-03-26"
"הר ברכה","הר ברכה","?? ?????","unmapped_fallback","2026-03-26"
"חוות אביחי","חוות אביחי","?? ?????","unmapped_fallback","2026-03-26"
"חוות נווה צוף","חוות נווה צוף","?? ?????","unmapped_fallback","2026-03-26"
"חוות עולם חסד","חוות עולם חסד","?? ?????","unmapped_fallback","2026-03-26"
"חוות צרידה","חוות צרידה","?? ?????","unmapped_fallback","2026-03-26"
"חוות שדה","חוות שדה","?? ?????","unmapped_fallback","2026-03-26"
"חוות שוביאל","חוות שוביאל","?? ?????","unmapped_fallback","2026-03-26"
"מכינת אלישע","מכינת אלישע","?? ?????","unmapped_fallback","2026-03-26"
"חוות נוף אב""י","חוות נוף אב""י","?? ?????","unmapped_fallback","2026-03-26"
"חוות שחרית","חוות שחרית","?? ?????","unmapped_fallback","2026-03-26"
"חוות מגנזי","חוות מגנזי","?? ?????","unmapped_fallback","2026-03-26"
"חוות אלחי","חוות אלחי","?? ?????","unmapped_fallback","2026-03-26"
"גבעת פורת יוסף","גבעת פורת יוסף","?? ?????","unmapped_fallback","2026-03-26"
"החווה של יאיא","החווה של יאיא","?? ?????","unmapped_fallback","2026-03-26"
"חוות גנות","חוות גנות","?? ?????","unmapped_fallback","2026-03-26"
"חוות מרום שמואל","חוות מרום שמואל","?? ?????","unmapped_fallback","2026-03-26"
"חוות פריאל","חוות פריאל","?? ?????","unmapped_fallback","2026-03-26"
"חוות מגנזי","חוות מגנזי","?? ?????","unmapped_fallback","2026-03-26"
"חוות עולם חסד","חוות עולם חסד","?? ?????","unmapped_fallback","2026-03-26"
"יבוא דודי","יבוא דודי","?? ?????","unmapped_fallback","2026-03-26"
"אלון","אלון","?? ?????","unmapped_fallback","2026-03-26"
"חוות הרועה העברי","חוות הרועה העברי","?? ?????","unmapped_fallback","2026-03-26"
"חוות ראש תאנה","חוות ראש תאנה","?? ?????","unmapped_fallback","2026-03-26"
"נופי פרת","נופי פרת","?? ?????","unmapped_fallback","2026-03-26"
"פנימיית עין כרם","פנימיית עין כרם","?? ?????","unmapped_fallback","2026-03-26"
"גבעת אסף","גבעת אסף","?? ?????","unmapped_fallback","2026-03-26"
"אעירה השחר","אעירה השחר","?? ?????","unmapped_fallback","2026-03-26"
"בני אדם","בני אדם","?? ?????","unmapped_fallback","2026-03-26"
"החווה של זוהר","החווה של זוהר","?? ?????","unmapped_fallback","2026-03-26"
"חוות בניהו","חוות בניהו","?? ?????","unmapped_fallback","2026-03-26"
"חוות חנינא","חוות חנינא","?? ?????","unmapped_fallback","2026-03-26"
"חוות ינון","חוות ינון","?? ?????","unmapped_fallback","2026-03-26"
"חוות מלכיאל","חוות מלכיאל","?? ?????","unmapped_fallback","2026-03-26"
"חוות מעלה אהוביה","חוות מעלה אהוביה","?? ?????","unmapped_fallback","2026-03-26"
"חוות נווה צוף","חוות נווה צוף","?? ?????","unmapped_fallback","2026-03-26"
"חוות נחלת צבי","חוות נחלת צבי","?? ?????","unmapped_fallback","2026-03-26"
"מגרון","מגרון","?? ?????","unmapped_fallback","2026-03-26"
"מכינת אלישע","מכינת אלישע","?? ?????","unmapped_fallback","2026-03-26"
"חוות הרשאש","חוות הרשאש","?? ?????","unmapped_fallback","2026-03-26"
"חוות נחל שילה","חוות נחל שילה","?? ?????","unmapped_fallback","2026-03-26"
"מרכז אזורי מגילות","מרכז אזורי מגילות","?? ?????","unmapped_fallback","2026-03-26"
"בית חגלה","בית חגלה","?? ?????","unmapped_fallback","2026-03-26"
"בר כוכבא","בר כוכבא","?? ?????","unmapped_fallback","2026-03-26"
"חוות עדן","חוות עדן","?? ?????","unmapped_fallback","2026-03-26"
"חוות צאן קדר","חוות צאן קדר","?? ?????","unmapped_fallback","2026-03-26"
"צומת אלמוג","צומת אלמוג","?? ?????","unmapped_fallback","2026-03-26"
"קדם ערבה","קדם ערבה","?? ?????","unmapped_fallback","2026-03-26"
"לב החולה","לב החולה","?? ?????","unmapped_fallback","2026-03-01"
"גבעת וולפסון","גבעת וולפסון","?? ?????","unmapped_fallback","2026-03-01"
"הר חלוץ","הר חלוץ","?? ?????","unmapped_fallback","2026-03-01"
"חג'אג'רה","חג'אג'רה","?? ?????","unmapped_fallback","2026-03-01"
"כעביה טבאש","כעביה טבאש","?? ?????","unmapped_fallback","2026-03-01"
"צורית גילון","צורית גילון","?? ?????","unmapped_fallback","2026-03-01"
"אתר ההנצחה גולני","אתר ההנצחה גולני","?? ?????","unmapped_fallback","2026-03-01"
"בית העלמין החדש עכו","בית העלמין החדש עכו","?? ?????","unmapped_fallback","2026-03-01"
"בית סוהר צלמון","בית סוהר צלמון","?? ?????","unmapped_fallback","2026-03-01"
"בית סוהר קישון","בית סוהר קישון","?? ?????","unmapped_fallback","2026-03-01"
"הררית יחד","הררית יחד","?? ?????","unmapped_fallback","2026-03-01"
"לוטם וחמדון","לוטם וחמדון","?? ?????","unmapped_fallback","2026-03-01"
"מע'אר","מע'אר","?? ?????","unmapped_fallback","2026-03-01"
"בית עלמין תל רגב","בית עלמין תל רגב","?? ?????","unmapped_fallback","2026-03-01"
"כפר ח'וואלד","כפר ח'וואלד","?? ?????","unmapped_fallback","2026-03-01"
"סואעד חמירה","סואעד חמירה","?? ?????","unmapped_fallback","2026-03-01"
"תחנת רכבת כפר יהושוע","תחנת רכבת כפר יהושוע","?? ?????","unmapped_fallback","2026-03-01"
"פנימיית עין כרם","פנימיית עין כרם","?? ?????","unmapped_fallback","2026-03-01"
"אלון","אלון","?? ?????","unmapped_fallback","2026-03-01"
"גבעת אסף","גבעת אסף","?? ?????","unmapped_fallback","2026-03-01"
"הגבעה הצהובה","הגבעה הצהובה","?? ?????","unmapped_fallback","2026-03-01"
"בית הברכה","בית הברכה","?? ?????","unmapped_fallback","2026-03-01"
"בית חגלה","בית חגלה","?? ?????","unmapped_fallback","2026-03-01"
"בני אדם","בני אדם","?? ?????","unmapped_fallback","2026-03-01"
"בר כוכבא","בר כוכבא","?? ?????","unmapped_fallback","2026-03-01"
"גבעות","גבעות","?? ?????","unmapped_fallback","2026-03-01"
"החווה של זוהר","החווה של זוהר","?? ?????","unmapped_fallback","2026-03-01"
"חוות ארץ האיילים","חוות ארץ האיילים","?? ?????","unmapped_fallback","2026-03-01"
"חוות בניהו","חוות בניהו","?? ?????","unmapped_fallback","2026-03-01"
"חוות הרועה העברי","חוות הרועה העברי","?? ?????","unmapped_fallback","2026-03-01"
"חוות חנינא","חוות חנינא","?? ?????","unmapped_fallback","2026-03-01"
"חוות ינון","חוות ינון","?? ?????","unmapped_fallback","2026-03-01"
"חוות מלכיאל","חוות מלכיאל","?? ?????","unmapped_fallback","2026-03-01"
"חוות נחלת צבי","חוות נחלת צבי","?? ?????","unmapped_fallback","2026-03-01"
"חוות עדן","חוות עדן","?? ?????","unmapped_fallback","2026-03-01"
"חוות צאן קדר","חוות צאן קדר","?? ?????","unmapped_fallback","2026-03-01"
"חוות קשואלה","חוות קשואלה","?? ?????","unmapped_fallback","2026-03-01"
"מגרון","מגרון","?? ?????","unmapped_fallback","2026-03-01"
"נופי פרת","נופי פרת","?? ?????","unmapped_fallback","2026-03-01"
"עוז וגאון","עוז וגאון","?? ?????","unmapped_fallback","2026-03-01"
"צומת אלמוג","צומת אלמוג","?? ?????","unmapped_fallback","2026-03-01"
"קדם ערבה","קדם ערבה","?? ?????","unmapped_fallback","2026-03-01"
"מרכז אזורי מגילות","מרכז אזורי מגילות","?? ?????","unmapped_fallback","2026-03-01"
"חוות אביחי","חוות אביחי","?? ?????","unmapped_fallback","2026-03-26"
"פנימיית עין כרם","פנימיית עין כרם","?? ?????","unmapped_fallback","2026-03-26"
"אלון","אלון","?? ?????","unmapped_fallback","2026-03-26"
"גבעת אסף","גבעת אסף","?? ?????","unmapped_fallback","2026-03-26"
"חוות הרועה העברי","חוות הרועה העברי","?? ?????","unmapped_fallback","2026-03-26"
"בני אדם","בני אדם","?? ?????","unmapped_fallback","2026-03-26"
"חוות בניהו","חוות בניהו","?? ?????","unmapped_fallback","2026-03-26"
"חוות חנינא","חוות חנינא","?? ?????","unmapped_fallback","2026-03-26"
"חוות ינון","חוות ינון","?? ?????","unmapped_fallback","2026-03-26"
"חוות מגנזי","חוות מגנזי","?? ?????","unmapped_fallback","2026-03-26"
"חוות נחלת צבי","חוות נחלת צבי","?? ?????","unmapped_fallback","2026-03-26"
"יבוא דודי","יבוא דודי","?? ?????","unmapped_fallback","2026-03-26"
"מגרון","מגרון","?? ?????","unmapped_fallback","2026-03-26"
"נופי פרת","נופי פרת","?? ?????","unmapped_fallback","2026-03-26"
"נופי פרת","נופי פרת","?? ?????","unmapped_fallback","2026-03-26"
"בר כוכבא","בר כוכבא","?? ?????","unmapped_fallback","2026-03-26"
"אעירה השחר","אעירה השחר","?? ?????","unmapped_fallback","2026-03-26"
"החווה של זוהר","החווה של זוהר","?? ?????","unmapped_fallback","2026-03-26"
"חוות מלכיאל","חוות מלכיאל","?? ?????","unmapped_fallback","2026-03-26"
"חוות מעלה אהוביה","חוות מעלה אהוביה","?? ?????","unmapped_fallback","2026-03-26"
"צומת אלמוג","צומת אלמוג","?? ?????","unmapped_fallback","2026-03-26"
"גבעת וולפסון","גבעת וולפסון","?? ?????","unmapped_fallback","2026-03-26"
"חג'אג'רה","חג'אג'רה","?? ?????","unmapped_fallback","2026-03-26"
"כעביה טבאש","כעביה טבאש","?? ?????","unmapped_fallback","2026-03-26"
"צורית גילון","צורית גילון","?? ?????","unmapped_fallback","2026-03-26"
"בית העלמין החדש עכו","בית העלמין החדש עכו","?? ?????","unmapped_fallback","2026-03-26"
"בית סוהר קישון","בית סוהר קישון","?? ?????","unmapped_fallback","2026-03-26"
"בית עלמין תל רגב","בית עלמין תל רגב","?? ?????","unmapped_fallback","2026-03-26"
"כפר ח'וואלד","כפר ח'וואלד","?? ?????","unmapped_fallback","2026-03-26"
"סואעד חמירה","סואעד חמירה","?? ?????","unmapped_fallback","2026-03-26"
"מרכז מיר''ב","מרכז מיר''ב","?? ?????","unmapped_fallback","2026-03-26"
"לב החולה","לב החולה","?? ?????","unmapped_fallback","2026-03-26"
"יקנעם המושבה והזורע","יקנעם המושבה והזורע","?? ?????","unmapped_fallback","2026-03-26"
"תחנת רכבת כפר יהושוע","תחנת רכבת כפר יהושוע","?? ?????","unmapped_fallback","2026-03-26"
"הררית יחד","הררית יחד","?? ?????","unmapped_fallback","2026-03-26"
"לוטם וחמדון","לוטם וחמדון","?? ?????","unmapped_fallback","2026-03-26"
"מע'אר","מע'אר","?? ?????","unmapped_fallback","2026-03-26"
"חוות יאיר","חוות יאיר","?? ?????","unmapped_fallback","2026-03-01"
"הר ברכה","הר ברכה","?? ?????","unmapped_fallback","2026-03-01"
"חוות אביחי","חוות אביחי","?? ?????","unmapped_fallback","2026-03-01"
"חוות נוף אב""י","חוות נוף אב""י","?? ?????","unmapped_fallback","2026-03-01"
"חוות עולם חסד","חוות עולם חסד","?? ?????","unmapped_fallback","2026-03-01"
"חוות צרידה","חוות צרידה","?? ?????","unmapped_fallback","2026-03-01"
"חוות שדה","חוות שדה","?? ?????","unmapped_fallback","2026-03-01"
"חוות שוביאל","חוות שוביאל","?? ?????","unmapped_fallback","2026-03-01"
"חוות שחרית","חוות שחרית","?? ?????","unmapped_fallback","2026-03-01"
"מכינת אלישע","מכינת אלישע","?? ?????","unmapped_fallback","2026-03-01"
"חוות נווה צוף","חוות נווה צוף","?? ?????","unmapped_fallback","2026-03-01"
"חוות מגדלים","חוות מגדלים","?? ?????","unmapped_fallback","2026-03-01"
"חוות נחל שילה","חוות נחל שילה","?? ?????","unmapped_fallback","2026-03-01"
"חוות אלחי","חוות אלחי","?? ?????","unmapped_fallback","2026-03-01"
"גבעת פורת יוסף","גבעת פורת יוסף","?? ?????","unmapped_fallback","2026-03-01"
"חוות מרום שמואל","חוות מרום שמואל","?? ?????","unmapped_fallback","2026-03-01"
"החווה של מנחם","החווה של מנחם","?? ?????","unmapped_fallback","2026-03-01"
"החווה של יאיא","החווה של יאיא","?? ?????","unmapped_fallback","2026-03-01"
"חוות גנות","חוות גנות","?? ?????","unmapped_fallback","2026-03-01"
"חוות פריאל","חוות פריאל","?? ?????","unmapped_fallback","2026-03-01"
"בתרונות","בתרונות","?? ?????","unmapped_fallback","2026-03-01"
"החווה של אורי כהן","החווה של אורי כהן","?? ?????","unmapped_fallback","2026-03-01"
"החווה של עשהאל","החווה של עשהאל","?? ?????","unmapped_fallback","2026-03-01"
"חוות הרשאש","חוות הרשאש","?? ?????","unmapped_fallback","2026-03-01"
"חוות יד השומר","חוות יד השומר","?? ?????","unmapped_fallback","2026-03-01"
"בית העלמין החדש נהריה","בית העלמין החדש נהריה","?? ?????","unmapped_fallback","2026-03-01"
"הר חלוץ","הר חלוץ","?? ?????","unmapped_fallback","2026-03-01"
"לב החולה","לב החולה","?? ?????","unmapped_fallback","2026-03-01"
"צורית גילון","צורית גילון","?? ?????","unmapped_fallback","2026-03-01"
"בית ספר שדה מירון","בית ספר שדה מירון","?? ?????","unmapped_fallback","2026-03-01"
"מרכז אזורי מרום גליל","מרכז אזורי מרום גליל","?? ?????","unmapped_fallback","2026-03-01"
"קדיתא","קדיתא","?? ?????","unmapped_fallback","2026-03-01"
"חמדת ימים","חמדת ימים","?? ?????","unmapped_fallback","2026-03-01"
"מנחת מחניים","מנחת מחניים","?? ?????","unmapped_fallback","2026-03-01"
"בית העלמין החדש עכו","בית העלמין החדש עכו","?? ?????","unmapped_fallback","2026-03-01"
"חוות יאיר","חוות יאיר","?? ?????","unmapped_fallback","2026-03-01"
"חוות אביחי","חוות אביחי","?? ?????","unmapped_fallback","2026-03-01"
"חוות מגנזי","חוות מגנזי","?? ?????","unmapped_fallback","2026-03-01"
"חוות נווה צוף","חוות נווה צוף","?? ?????","unmapped_fallback","2026-03-01"
"חוות נוף אב""י","חוות נוף אב""י","?? ?????","unmapped_fallback","2026-03-01"
"חוות עולם חסד","חוות עולם חסד","?? ?????","unmapped_fallback","2026-03-01"
"חוות צרידה","חוות צרידה","?? ?????","unmapped_fallback","2026-03-01"
"חוות שוביאל","חוות שוביאל","?? ?????","unmapped_fallback","2026-03-01"
"חוות שחרית","חוות שחרית","?? ?????","unmapped_fallback","2026-03-01"
"יבוא דודי","יבוא דודי","?? ?????","unmapped_fallback","2026-03-01"
"מכינת אלישע","מכינת אלישע","?? ?????","unmapped_fallback","2026-03-01"
"חוות נחל שילה","חוות נחל שילה","?? ?????","unmapped_fallback","2026-03-01"
"חוות מגדלים","חוות מגדלים","?? ?????","unmapped_fallback","2026-03-01"
"חוות אביחי","חוות אביחי","?? ?????","unmapped_fallback","2026-03-01"
"חוות מגנזי","חוות מגנזי","?? ?????","unmapped_fallback","2026-03-01"
"חוות נווה צוף","חוות נווה צוף","?? ?????","unmapped_fallback","2026-03-01"
"חוות נוף אב""י","חוות נוף אב""י","?? ?????","unmapped_fallback","2026-03-01"
"חוות נחל שילה","חוות נחל שילה","?? ?????","unmapped_fallback","2026-03-01"
"חוות עולם חסד","חוות עולם חסד","?? ?????","unmapped_fallback","2026-03-01"
"חוות צרידה","חוות צרידה","?? ?????","unmapped_fallback","2026-03-01"
"חוות שוביאל","חוות שוביאל","?? ?????","unmapped_fallback","2026-03-01"
"חוות שחרית","חוות שחרית","?? ?????","unmapped_fallback","2026-03-01"
"יבוא דודי","יבוא דודי","?? ?????","unmapped_fallback","2026-03-01"
"מכינת אלישע","מכינת אלישע","?? ?????","unmapped_fallback","2026-03-01"
"חוות יאיר","חוות יאיר","?? ?????","unmapped_fallback","2026-03-01"
"בית חרות","בית חרות","?? ?????","unmapped_fallback","2026-03-01"
"חבצלת השרון וצוקי ים","חבצלת השרון וצוקי ים","?? ?????","unmapped_fallback","2026-03-01"
"מנחת מחניים","מנחת מחניים","?? ?????","unmapped_fallback","2026-03-26"
"גבעת אסף","גבעת אסף","?? ?????","unmapped_fallback","2026-03-01"
"חוות הרשאש","חוות הרשאש","?? ?????","unmapped_fallback","2026-03-01"
"הר ברכה","הר ברכה","?? ?????","unmapped_fallback","2026-03-01"
"החווה של יאיא","החווה של יאיא","?? ?????","unmapped_fallback","2026-03-01"
"חוות שדה","חוות שדה","?? ?????","unmapped_fallback","2026-03-01"
"אעירה השחר","אעירה השחר","?? ?????","unmapped_fallback","2026-03-01"
"חוות מגדלים","חוות מגדלים","?? ?????","unmapped_fallback","2026-03-01"
"חוות מעלה אהוביה","חוות מעלה אהוביה","?? ?????","unmapped_fallback","2026-03-01"
"חוות פריאל","חוות פריאל","?? ?????","unmapped_fallback","2026-03-01"
"חוות ראש תאנה","חוות ראש תאנה","?? ?????","unmapped_fallback","2026-03-01"
"מגרון","מגרון","?? ?????","unmapped_fallback","2026-03-01"
"החווה של זוהר","החווה של זוהר","?? ?????","unmapped_fallback","2026-03-01"
"חוות חנינא","חוות חנינא","?? ?????","unmapped_fallback","2026-03-01"
"מרכז אזורי רמת כורזים","מרכז אזורי רמת כורזים","?? ?????","unmapped_fallback","2026-03-26"
"פנימיית עין כרם","פנימיית עין כרם","?? ?????","unmapped_fallback","2026-03-01"
"גבעת פורת יוסף","גבעת פורת יוסף","?? ?????","unmapped_fallback","2026-03-01"
"חוות בניהו","חוות בניהו","?? ?????","unmapped_fallback","2026-03-01"
"חוות גנות","חוות גנות","?? ?????","unmapped_fallback","2026-03-01"
"חוות ינון","חוות ינון","?? ?????","unmapped_fallback","2026-03-01"
"חוות מרום שמואל","חוות מרום שמואל","?? ?????","unmapped_fallback","2026-03-01"
"חוות נחלת צבי","חוות נחלת צבי","?? ?????","unmapped_fallback","2026-03-01"
"חוות מלכיאל","חוות מלכיאל","?? ?????","unmapped_fallback","2026-03-01"
"אלון","אלון","?? ?????","unmapped_fallback","2026-03-01"
"בני אדם","בני אדם","?? ?????","unmapped_fallback","2026-03-01"
"חוות אלחי","חוות אלחי","?? ?????","unmapped_fallback","2026-03-01"
"חוות הרועה העברי","חוות הרועה העברי","?? ?????","unmapped_fallback","2026-03-01"
"נופי פרת","נופי פרת","?? ?????","unmapped_fallback","2026-03-01"
"החווה של מנחם","החווה של מנחם","?? ?????","unmapped_fallback","2026-03-01"
"שני ליבנה","שני ליבנה","?? ?????","unmapped_fallback","2026-03-01"
"חוות מור ואברהם","חוות מור ואברהם","?? ?????","unmapped_fallback","2026-03-01"
"חוות מקנה יהודה","חוות מקנה יהודה","?? ?????","unmapped_fallback","2026-03-01"
"חוות אשכולות","חוות אשכולות","?? ?????","unmapped_fallback","2026-03-01"
"אפקה","אפקה","?? ?????","unmapped_fallback","2026-03-01"
"חוות מדבר חבר","חוות מדבר חבר","?? ?????","unmapped_fallback","2026-03-01"
"חוות מלאכי אברהם","חוות מלאכי אברהם","?? ?????","unmapped_fallback","2026-03-01"
"כורזים ורד הגליל","כורזים ורד הגליל","?? ?????","unmapped_fallback","2026-03-26"
"חוות אביחי","חוות אביחי","?? ?????","unmapped_fallback","2026-03-01"
"חוות נווה צוף","חוות נווה צוף","?? ?????","unmapped_fallback","2026-03-01"
"חוות נוף אב""י","חוות נוף אב""י","?? ?????","unmapped_fallback","2026-03-01"
"חוות נחל שילה","חוות נחל שילה","?? ?????","unmapped_fallback","2026-03-01"
"חוות עולם חסד","חוות עולם חסד","?? ?????","unmapped_fallback","2026-03-01"
"חוות צרידה","חוות צרידה","?? ?????","unmapped_fallback","2026-03-01"
"חוות שוביאל","חוות שוביאל","?? ?????","unmapped_fallback","2026-03-01"
"חוות שחרית","חוות שחרית","?? ?????","unmapped_fallback","2026-03-01"
"מכינת אלישע","מכינת אלישע","?? ?????","unmapped_fallback","2026-03-01"
"חוות מגנזי","חוות מגנזי","?? ?????","unmapped_fallback","2026-03-01"
"חוות יאיר","חוות יאיר","?? ?????","unmapped_fallback","2026-03-01"
"הר ברכה","הר ברכה","?? ?????","unmapped_fallback","2026-03-01"
"יבוא דודי","יבוא דודי","?? ?????","unmapped_fallback","2026-03-01"
"גבעת אסף","גבעת אסף","?? ?????","unmapped_fallback","2026-03-01"
"חוות חנינא","חוות חנינא","?? ?????","unmapped_fallback","2026-03-01"
"מגרון","מגרון","?? ?????","unmapped_fallback","2026-03-01"
"חוות מגדלים","חוות מגדלים","?? ?????","unmapped_fallback","2026-03-01"
"חוות שדה","חוות שדה","?? ?????","unmapped_fallback","2026-03-01"
"מיצד","מיצד","?? ?????","unmapped_fallback","2026-03-01"
"איבי הנחל","איבי הנחל","?? ?????","unmapped_fallback","2026-03-01"
"חוות נחלת אבות","חוות נחלת אבות","?? ?????","unmapped_fallback","2026-03-01"
"תקוע ד' וה'","תקוע ד' וה'","?? ?????","unmapped_fallback","2026-03-01"
"חוות תלם צפון","חוות תלם צפון","?? ?????","unmapped_fallback","2026-03-01"
"בית העלמין החדש נהריה","בית העלמין החדש נהריה","?? ?????","unmapped_fallback","2026-03-26"
"חוות יאיר","חוות יאיר","?? ?????","unmapped_fallback","2026-03-26"
"אמץ","אמץ","?? ?????","unmapped_fallback","2026-03-26"
"הר ברכה","הר ברכה","?? ?????","unmapped_fallback","2026-03-26"
"חוות אלחי","חוות אלחי","?? ?????","unmapped_fallback","2026-03-26"
"חומש","חומש","?? ?????","unmapped_fallback","2026-03-26"
"חוות שחרית","חוות שחרית","?? ?????","unmapped_fallback","2026-03-26"
"חוות אביחי","חוות אביחי","?? ?????","unmapped_fallback","2026-03-26"
"חוות נוף אב""י","חוות נוף אב""י","?? ?????","unmapped_fallback","2026-03-26"
"חוות צרידה","חוות צרידה","?? ?????","unmapped_fallback","2026-03-26"
"חוות שדה","חוות שדה","?? ?????","unmapped_fallback","2026-03-26"
"חוות שוביאל","חוות שוביאל","?? ?????","unmapped_fallback","2026-03-26"
"חוות עמיאל","חוות עמיאל","?? ?????","unmapped_fallback","2026-03-26"
"גבעת פורת יוסף","גבעת פורת יוסף","?? ?????","unmapped_fallback","2026-03-26"
"החווה של עשהאל","החווה של עשהאל","?? ?????","unmapped_fallback","2026-03-26"
"חוות יד השומר","חוות יד השומר","?? ?????","unmapped_fallback","2026-03-26"
"חוות בניהו","חוות בניהו","?? ?????","unmapped_fallback","2026-03-01"
"חוות ינון","חוות ינון","?? ?????","unmapped_fallback","2026-03-01"
"חוות מעלה אהוביה","חוות מעלה אהוביה","?? ?????","unmapped_fallback","2026-03-01"
"חוות נחלת צבי","חוות נחלת צבי","?? ?????","unmapped_fallback","2026-03-01"
"פנימיית עין כרם","פנימיית עין כרם","?? ?????","unmapped_fallback","2026-03-01"
"אלון","אלון","?? ?????","unmapped_fallback","2026-03-01"
"מרכז אזורי מגילות","מרכז אזורי מגילות","?? ?????","unmapped_fallback","2026-03-01"
"חוות עדן","חוות עדן","?? ?????","unmapped_fallback","2026-03-01"
"בית חגלה","בית חגלה","?? ?????","unmapped_fallback","2026-03-01"
"בני אדם","בני אדם","?? ?????","unmapped_fallback","2026-03-01"
"בר כוכבא","בר כוכבא","?? ?????","unmapped_fallback","2026-03-01"
"החווה של זוהר","החווה של זוהר","?? ?????","unmapped_fallback","2026-03-01"
"חוות הרועה העברי","חוות הרועה העברי","?? ?????","unmapped_fallback","2026-03-01"
"חוות מלכיאל","חוות מלכיאל","?? ?????","unmapped_fallback","2026-03-01"
"חוות צאן קדר","חוות צאן קדר","?? ?????","unmapped_fallback","2026-03-01"
"נופי פרת","נופי פרת","?? ?????","unmapped_fallback","2026-03-01"
"צומת אלמוג","צומת אלמוג","?? ?????","unmapped_fallback","2026-03-01"
"קדם ערבה","קדם ערבה","?? ?????","unmapped_fallback","2026-03-01"
"גבעת פורת יוסף","גבעת פורת יוסף","?? ?????","unmapped_fallback","2026-03-01"
"החווה של יאיא","החווה של יאיא","?? ?????","unmapped_fallback","2026-03-01"
"חוות גנות","חוות גנות","?? ?????","unmapped_fallback","2026-03-01"
"חוות הרשאש","חוות הרשאש","?? ?????","unmapped_fallback","2026-03-01"
"חוות מרום שמואל","חוות מרום שמואל","?? ?????","unmapped_fallback","2026-03-01"
"חוות פריאל","חוות פריאל","?? ?????","unmapped_fallback","2026-03-01"
"חוות ראש תאנה","חוות ראש תאנה","?? ?????","unmapped_fallback","2026-03-01"
"אעירה השחר","אעירה השחר","?? ?????","unmapped_fallback","2026-03-01"
"כפר אלדד","כפר אלדד","?? ?????","unmapped_fallback","2026-03-01"
"גבעות","גבעות","?? ?????","unmapped_fallback","2026-03-01"
"חוות ארץ האיילים","חוות ארץ האיילים","?? ?????","unmapped_fallback","2026-03-01"
"חוות קשואלה","חוות קשואלה","?? ?????","unmapped_fallback","2026-03-01"
"חוות אביחי","חוות אביחי","?? ?????","unmapped_fallback","2026-03-26"
"חוות צרידה","חוות צרידה","?? ?????","unmapped_fallback","2026-03-26"
"חוות עולם חסד","חוות עולם חסד","?? ?????","unmapped_fallback","2026-03-26"
"חוות שחרית","חוות שחרית","?? ?????","unmapped_fallback","2026-03-26"
"שני ליבנה","שני ליבנה","?? ?????","unmapped_fallback","2026-03-01"
"חוות אשכולות","חוות אשכולות","?? ?????","unmapped_fallback","2026-03-01"
"אפקה","אפקה","?? ?????","unmapped_fallback","2026-03-01"
"חוות מור ואברהם","חוות מור ואברהם","?? ?????","unmapped_fallback","2026-03-01"
"חוות מקנה יהודה","חוות מקנה יהודה","?? ?????","unmapped_fallback","2026-03-01"
"שני ליבנה","שני ליבנה","?? ?????","unmapped_fallback","2026-03-01"
"חוות מור ואברהם","חוות מור ואברהם","?? ?????","unmapped_fallback","2026-03-01"
"חוות מקנה יהודה","חוות מקנה יהודה","?? ?????","unmapped_fallback","2026-03-01"
"חוות אשכולות","חוות אשכולות","?? ?????","unmapped_fallback","2026-03-01"
"אפקה","אפקה","?? ?????","unmapped_fallback","2026-03-01"
"חוות מדבר חבר","חוות מדבר חבר","?? ?????","unmapped_fallback","2026-03-01"
"חוות מלאכי אברהם","חוות מלאכי אברהם","?? ?????","unmapped_fallback","2026-03-01"
"חוות אביחי","חוות אביחי","?? ?????","unmapped_fallback","2026-03-01"
"חוות מגנזי","חוות מגנזי","?? ?????","unmapped_fallback","2026-03-01"
"חוות נווה צוף","חוות נווה צוף","?? ?????","unmapped_fallback","2026-03-01"
"חוות נוף אב""י","חוות נוף אב""י","?? ?????","unmapped_fallback","2026-03-01"
"חוות עולם חסד","חוות עולם חסד","?? ?????","unmapped_fallback","2026-03-01"
"חוות צרידה","חוות צרידה","?? ?????","unmapped_fallback","2026-03-01"
"חוות שוביאל","חוות שוביאל","?? ?????","unmapped_fallback","2026-03-01"
"חוות שחרית","חוות שחרית","?? ?????","unmapped_fallback","2026-03-01"
"יבוא דודי","יבוא דודי","?? ?????","unmapped_fallback","2026-03-01"
"מכינת אלישע","מכינת אלישע","?? ?????","unmapped_fallback","2026-03-01"
"מצוקי דרגות","מצוקי דרגות","?? ?????","unmapped_fallback","2026-03-01"
"מיצד","מיצד","?? ?????","unmapped_fallback","2026-03-01"
"איבי הנחל","איבי הנחל","?? ?????","unmapped_fallback","2026-03-01"
"בית הברכה","בית הברכה","?? ?????","unmapped_fallback","2026-03-01"
"חוות נחלת אבות","חוות נחלת אבות","?? ?????","unmapped_fallback","2026-03-01"
"עוז וגאון","עוז וגאון","?? ?????","unmapped_fallback","2026-03-01"
"תקוע ד' וה'","תקוע ד' וה'","?? ?????","unmapped_fallback","2026-03-01"
"בית העלמין החדש עכו","בית העלמין החדש עכו","?? ?????","unmapped_fallback","2026-03-26"
"בית ספר שדה מירון","בית ספר שדה מירון","?? ?????","unmapped_fallback","2026-03-26"
"חוות יאיר","חוות יאיר","?? ?????","unmapped_fallback","2026-03-26"
"חוות אביחי","חוות אביחי","?? ?????","unmapped_fallback","2026-03-26"
"חוות מגנזי","חוות מגנזי","?? ?????","unmapped_fallback","2026-03-26"
"חוות נווה צוף","חוות נווה צוף","?? ?????","unmapped_fallback","2026-03-26"
"חוות נוף אב""י","חוות נוף אב""י","?? ?????","unmapped_fallback","2026-03-26"
"חוות עולם חסד","חוות עולם חסד","?? ?????","unmapped_fallback","2026-03-26"
"חוות צרידה","חוות צרידה","?? ?????","unmapped_fallback","2026-03-26"
"חוות שוביאל","חוות שוביאל","?? ?????","unmapped_fallback","2026-03-26"
"חוות שחרית","חוות שחרית","?? ?????","unmapped_fallback","2026-03-26"
"מכינת אלישע","מכינת אלישע","?? ?????","unmapped_fallback","2026-03-26"
"יבוא דודי","יבוא דודי","?? ?????","unmapped_fallback","2026-03-26"
"חוות נחל שילה","חוות נחל שילה","?? ?????","unmapped_fallback","2026-03-26"
"גבעת אסף","גבעת אסף","?? ?????","unmapped_fallback","2026-03-26"
"חוות בניהו","חוות בניהו","?? ?????","unmapped_fallback","2026-03-26"
"חוות חנינא","חוות חנינא","?? ?????","unmapped_fallback","2026-03-26"
"חוות נחלת צבי","חוות נחלת צבי","?? ?????","unmapped_fallback","2026-03-26"
"מגרון","מגרון","?? ?????","unmapped_fallback","2026-03-26"
"חוות יאיר","חוות יאיר","?? ?????","unmapped_fallback","2026-03-01"
"חוות נחל שילה","חוות נחל שילה","?? ?????","unmapped_fallback","2026-03-01"
"אעירה השחר","אעירה השחר","?? ?????","unmapped_fallback","2026-03-01"
"החווה של יאיא","החווה של יאיא","?? ?????","unmapped_fallback","2026-03-01"
"חוות הרשאש","חוות הרשאש","?? ?????","unmapped_fallback","2026-03-01"
"חוות מגדלים","חוות מגדלים","?? ?????","unmapped_fallback","2026-03-01"
"חוות מעלה אהוביה","חוות מעלה אהוביה","?? ?????","unmapped_fallback","2026-03-01"
"חוות פריאל","חוות פריאל","?? ?????","unmapped_fallback","2026-03-01"
"חוות ראש תאנה","חוות ראש תאנה","?? ?????","unmapped_fallback","2026-03-01"
"הר ברכה","הר ברכה","?? ?????","unmapped_fallback","2026-03-01"
"חוות גנות","חוות גנות","?? ?????","unmapped_fallback","2026-03-01"
"חוות שדה","חוות שדה","?? ?????","unmapped_fallback","2026-03-01"
"גבעת אסף","גבעת אסף","?? ?????","unmapped_fallback","2026-03-01"
"חוות חנינא","חוות חנינא","?? ?????","unmapped_fallback","2026-03-01"
"מגרון","מגרון","?? ?????","unmapped_fallback","2026-03-01"
"בני אדם","בני אדם","?? ?????","unmapped_fallback","2026-03-01"
"החווה של זוהר","החווה של זוהר","?? ?????","unmapped_fallback","2026-03-01"
"חוות בניהו","חוות בניהו","?? ?????","unmapped_fallback","2026-03-01"
"חוות ינון","חוות ינון","?? ?????","unmapped_fallback","2026-03-01"
"חוות מלכיאל","חוות מלכיאל","?? ?????","unmapped_fallback","2026-03-01"
"חוות נחלת צבי","חוות נחלת צבי","?? ?????","unmapped_fallback","2026-03-01"
"חוות אלחי","חוות אלחי","?? ?????","unmapped_fallback","2026-03-01"
"נופי פרת","נופי פרת","?? ?????","unmapped_fallback","2026-03-01"
"פנימיית עין כרם","פנימיית עין כרם","?? ?????","unmapped_fallback","2026-03-01"
"אלון","אלון","?? ?????","unmapped_fallback","2026-03-01"
"חוות הרועה העברי","חוות הרועה העברי","?? ?????","unmapped_fallback","2026-03-01"
"כפר מימון ותושיה","כפר מימון ותושיה","?? ?????","unmapped_fallback","2026-03-01"
"חוות אביחי","חוות אביחי","?? ?????","unmapped_fallback","2026-03-01"
"חוות מגנזי","חוות מגנזי","?? ?????","unmapped_fallback","2026-03-01"
"חוות נווה צוף","חוות נווה צוף","?? ?????","unmapped_fallback","2026-03-01"
"חוות נוף אב""י","חוות נוף אב""י","?? ?????","unmapped_fallback","2026-03-01"
"חוות עולם חסד","חוות עולם חסד","?? ?????","unmapped_fallback","2026-03-01"
"חוות צרידה","חוות צרידה","?? ?????","unmapped_fallback","2026-03-01"
"חוות שוביאל","חוות שוביאל","?? ?????","unmapped_fallback","2026-03-01"
"חוות שחרית","חוות שחרית","?? ?????","unmapped_fallback","2026-03-01"
"מכינת אלישע","מכינת אלישע","?? ?????","unmapped_fallback","2026-03-01"
"חוות מעלה אהוביה","חוות מעלה אהוביה","?? ?????","unmapped_fallback","2026-03-26"
"אעירה השחר","אעירה השחר","?? ?????","unmapped_fallback","2026-03-26"
"בני אדם","בני אדם","?? ?????","unmapped_fallback","2026-03-26"
"חוות ינון","חוות ינון","?? ?????","unmapped_fallback","2026-03-26"
"חוות מלכיאל","חוות מלכיאל","?? ?????","unmapped_fallback","2026-03-26"
"חוות מגנזי","חוות מגנזי","?? ?????","unmapped_fallback","2026-03-26"
"חוות עולם חסד","חוות עולם חסד","?? ?????","unmapped_fallback","2026-03-26"
"חוות יאיר","חוות יאיר","?? ?????","unmapped_fallback","2026-03-26"
"הר ברכה","הר ברכה","?? ?????","unmapped_fallback","2026-03-26"
"חוות אלחי","חוות אלחי","?? ?????","unmapped_fallback","2026-03-26"
"חוות שחרית","חוות שחרית","?? ?????","unmapped_fallback","2026-03-26"
"חומש","חומש","?? ?????","unmapped_fallback","2026-03-26"
"חוות יאיר","חוות יאיר","?? ?????","unmapped_fallback","2026-03-01"
"יבוא דודי","יבוא דודי","?? ?????","unmapped_fallback","2026-03-01"
"חוות נחל שילה","חוות נחל שילה","?? ?????","unmapped_fallback","2026-03-01"
"הר ברכה","הר ברכה","?? ?????","unmapped_fallback","2026-03-01"
"חוות אלחי","חוות אלחי","?? ?????","unmapped_fallback","2026-03-01"
"חוות שדה","חוות שדה","?? ?????","unmapped_fallback","2026-03-01"
"אמץ","אמץ","?? ?????","unmapped_fallback","2026-03-26"
"חבצלת השרון וצוקי ים","חבצלת השרון וצוקי ים","?? ?????","unmapped_fallback","2026-03-26"
"בית חרות","בית חרות","?? ?????","unmapped_fallback","2026-03-26"
"חוות אביחי","חוות אביחי","?? ?????","unmapped_fallback","2026-03-01"
"חוות נוף אב""י","חוות נוף אב""י","?? ?????","unmapped_fallback","2026-03-01"
"חוות צרידה","חוות צרידה","?? ?????","unmapped_fallback","2026-03-01"
"חוות שוביאל","חוות שוביאל","?? ?????","unmapped_fallback","2026-03-01"
"חוות שחרית","חוות שחרית","?? ?????","unmapped_fallback","2026-03-01"
"חוות מגנזי","חוות מגנזי","?? ?????","unmapped_fallback","2026-03-01"
"חוות נווה צוף","חוות נווה צוף","?? ?????","unmapped_fallback","2026-03-01"
"חוות עולם חסד","חוות עולם חסד","?? ?????","unmapped_fallback","2026-03-01"
"מכינת אלישע","מכינת אלישע","?? ?????","unmapped_fallback","2026-03-01"
"גבעת פורת יוסף","גבעת פורת יוסף","?? ?????","unmapped_fallback","2026-03-01"
"חוות מרום שמואל","חוות מרום שמואל","?? ?????","unmapped_fallback","2026-03-01"
"חומש","חומש","?? ?????","unmapped_fallback","2026-03-01"
"החווה של יאיא","החווה של יאיא","?? ?????","unmapped_fallback","2026-03-01"
"חוות גנות","חוות גנות","?? ?????","unmapped_fallback","2026-03-01"
"חוות הרשאש","חוות הרשאש","?? ?????","unmapped_fallback","2026-03-01"
"חוות מגדלים","חוות מגדלים","?? ?????","unmapped_fallback","2026-03-01"
"חוות פריאל","חוות פריאל","?? ?????","unmapped_fallback","2026-03-01"
"חוות אביחי","חוות אביחי","?? ?????","unmapped_fallback","2026-03-26"
"חוות מגנזי","חוות מגנזי","?? ?????","unmapped_fallback","2026-03-26"
"חוות נווה צוף","חוות נווה צוף","?? ?????","unmapped_fallback","2026-03-26"
"חוות עולם חסד","חוות עולם חסד","?? ?????","unmapped_fallback","2026-03-26"
"חוות צרידה","חוות צרידה","?? ?????","unmapped_fallback","2026-03-26"
"חוות שוביאל","חוות שוביאל","?? ?????","unmapped_fallback","2026-03-26"
"יבוא דודי","יבוא דודי","?? ?????","unmapped_fallback","2026-03-26"
"מכינת אלישע","מכינת אלישע","?? ?????","unmapped_fallback","2026-03-26"
"גבעת אסף","גבעת אסף","?? ?????","unmapped_fallback","2026-03-26"
"חוות שחרית","חוות שחרית","?? ?????","unmapped_fallback","2026-03-26"
"חוות מעלה אהוביה","חוות מעלה אהוביה","?? ?????","unmapped_fallback","2026-03-01"
"חוות ראש תאנה","חוות ראש תאנה","?? ?????","unmapped_fallback","2026-03-01"
"גבעת אסף","גבעת אסף","?? ?????","unmapped_fallback","2026-03-01"
"חוות חנינא","חוות חנינא","?? ?????","unmapped_fallback","2026-03-01"
"מגרון","מגרון","?? ?????","unmapped_fallback","2026-03-01"
"אעירה השחר","אעירה השחר","?? ?????","unmapped_fallback","2026-03-01"
"החווה של זוהר","החווה של זוהר","?? ?????","unmapped_fallback","2026-03-01"
"חוות מלכיאל","חוות מלכיאל","?? ?????","unmapped_fallback","2026-03-01"
"חוות יאיר","חוות יאיר","?? ?????","unmapped_fallback","2026-03-01"
"הר ברכה","הר ברכה","?? ?????","unmapped_fallback","2026-03-01"
"חוות אביחי","חוות אביחי","?? ?????","unmapped_fallback","2026-03-01"
"חוות נווה צוף","חוות נווה צוף","?? ?????","unmapped_fallback","2026-03-01"
"חוות נוף אב""י","חוות נוף אב""י","?? ?????","unmapped_fallback","2026-03-01"
"חוות עולם חסד","חוות עולם חסד","?? ?????","unmapped_fallback","2026-03-01"
"חוות צרידה","חוות צרידה","?? ?????","unmapped_fallback","2026-03-01"
"חוות שדה","חוות שדה","?? ?????","unmapped_fallback","2026-03-01"
"חוות שוביאל","חוות שוביאל","?? ?????","unmapped_fallback","2026-03-01"
"חוות שחרית","חוות שחרית","?? ?????","unmapped_fallback","2026-03-01"
"מכינת אלישע","מכינת אלישע","?? ?????","unmapped_fallback","2026-03-01"
"חוות מגדלים","חוות מגדלים","?? ?????","unmapped_fallback","2026-03-01"
"חוות נחל שילה","חוות נחל שילה","?? ?????","unmapped_fallback","2026-03-01"
"פנימיית עין כרם","פנימיית עין כרם","?? ?????","unmapped_fallback","2026-03-01"
"אלון","אלון","?? ?????","unmapped_fallback","2026-03-01"
"גבעת אסף","גבעת אסף","?? ?????","unmapped_fallback","2026-03-01"
"מרכז אזורי מגילות","מרכז אזורי מגילות","?? ?????","unmapped_fallback","2026-03-01"
"בית חגלה","בית חגלה","?? ?????","unmapped_fallback","2026-03-01"
"בני אדם","בני אדם","?? ?????","unmapped_fallback","2026-03-01"
"בר כוכבא","בר כוכבא","?? ?????","unmapped_fallback","2026-03-01"
"גבעות","גבעות","?? ?????","unmapped_fallback","2026-03-01"
"החווה של זוהר","החווה של זוהר","?? ?????","unmapped_fallback","2026-03-01"
"חוות בניהו","חוות בניהו","?? ?????","unmapped_fallback","2026-03-01"
"חוות הרועה העברי","חוות הרועה העברי","?? ?????","unmapped_fallback","2026-03-01"
"חוות חנינא","חוות חנינא","?? ?????","unmapped_fallback","2026-03-01"
"חוות ינון","חוות ינון","?? ?????","unmapped_fallback","2026-03-01"
"חוות מלכיאל","חוות מלכיאל","?? ?????","unmapped_fallback","2026-03-01"
"חוות נחלת צבי","חוות נחלת צבי","?? ?????","unmapped_fallback","2026-03-01"
"חוות עדן","חוות עדן","?? ?????","unmapped_fallback","2026-03-01"
"חוות צאן קדר","חוות צאן קדר","?? ?????","unmapped_fallback","2026-03-01"
"חוות קשואלה","חוות קשואלה","?? ?????","unmapped_fallback","2026-03-01"
"מגרון","מגרון","?? ?????","unmapped_fallback","2026-03-01"
"נופי פרת","נופי פרת","?? ?????","unmapped_fallback","2026-03-01"
"צומת אלמוג","צומת אלמוג","?? ?????","unmapped_fallback","2026-03-01"
"קדם ערבה","קדם ערבה","?? ?????","unmapped_fallback","2026-03-01"
"חוות ארץ האיילים","חוות ארץ האיילים","?? ?????","unmapped_fallback","2026-03-01"
"חוות מעלה אהוביה","חוות מעלה אהוביה","?? ?????","unmapped_fallback","2026-03-01"
"אעירה השחר","אעירה השחר","?? ?????","unmapped_fallback","2026-03-01"
"הגבעה הצהובה","הגבעה הצהובה","?? ?????","unmapped_fallback","2026-03-01"
"גבעת וולפסון","גבעת וולפסון","?? ?????","unmapped_fallback","2026-03-01"
"חג'אג'רה","חג'אג'רה","?? ?????","unmapped_fallback","2026-03-01"
"כעביה טבאש","כעביה טבאש","?? ?????","unmapped_fallback","2026-03-01"
"צורית גילון","צורית גילון","?? ?????","unmapped_fallback","2026-03-01"
"בית העלמין החדש עכו","בית העלמין החדש עכו","?? ?????","unmapped_fallback","2026-03-01"
"בית סוהר קישון","בית סוהר קישון","?? ?????","unmapped_fallback","2026-03-01"
"הררית יחד","הררית יחד","?? ?????","unmapped_fallback","2026-03-01"
"לוטם וחמדון","לוטם וחמדון","?? ?????","unmapped_fallback","2026-03-01"
"מרכז מיר''ב","מרכז מיר''ב","?? ?????","unmapped_fallback","2026-03-01"
"בית עלמין תל רגב","בית עלמין תל רגב","?? ?????","unmapped_fallback","2026-03-01"
"כפר ח'וואלד","כפר ח'וואלד","?? ?????","unmapped_fallback","2026-03-01"
"סואעד חמירה","סואעד חמירה","?? ?????","unmapped_fallback","2026-03-01"
"תחנת רכבת כפר יהושוע","תחנת רכבת כפר יהושוע","?? ?????","unmapped_fallback","2026-03-01"
"יקנעם המושבה והזורע","יקנעם המושבה והזורע","?? ?????","unmapped_fallback","2026-03-01"
"בית העלמין החדש עכו","בית העלמין החדש עכו","?? ?????","unmapped_fallback","2026-03-26"
"בית העלמין החדש עכו","בית העלמין החדש עכו","?? ?????","unmapped_fallback","2026-03-26"
"לוטם וחמדון","לוטם וחמדון","?? ?????","unmapped_fallback","2026-03-26"
"הר חלוץ","הר חלוץ","?? ?????","unmapped_fallback","2026-03-26"
"כעביה טבאש","כעביה טבאש","?? ?????","unmapped_fallback","2026-03-26"
"בית סוהר קישון","בית סוהר קישון","?? ?????","unmapped_fallback","2026-03-26"
"בית עלמין תל רגב","בית עלמין תל רגב","?? ?????","unmapped_fallback","2026-03-26"
"כפר ח'וואלד","כפר ח'וואלד","?? ?????","unmapped_fallback","2026-03-26"
"סואעד חמירה","סואעד חמירה","?? ?????","unmapped_fallback","2026-03-26"
"תחנת רכבת כפר יהושוע","תחנת רכבת כפר יהושוע","?? ?????","unmapped_fallback","2026-03-26"
"צורית גילון","צורית גילון","?? ?????","unmapped_fallback","2026-03-26"
"גניגר","גניגר","?? ?????","unmapped_fallback","2026-03-01"
"אזור תעשייה קדמת גליל","אזור תעשייה קדמת גליל","?? ?????","unmapped_fallback","2026-03-01"
"אתר ההנצחה גולני","אתר ההנצחה גולני","?? ?????","unmapped_fallback","2026-03-01"
"בית סוהר צלמון","בית סוהר צלמון","?? ?????","unmapped_fallback","2026-03-01"
"מע'אר","מע'אר","?? ?????","unmapped_fallback","2026-03-01"
"תחנת רכבת כפר ברוך","תחנת רכבת כפר ברוך","?? ?????","unmapped_fallback","2026-03-01"
"דליה","דליה","?? ?????","unmapped_fallback","2026-03-01"
"דבוריה","דבוריה","?? ?????","unmapped_fallback","2026-03-01"
"שיבלי אום אלג'נם","שיבלי אום אלג'נם","?? ?????","unmapped_fallback","2026-03-01"
"הר חלוץ","הר חלוץ","?? ?????","unmapped_fallback","2026-03-01"
"קיבוץ מגידו","קיבוץ מגידו","?? ?????","unmapped_fallback","2026-03-01"
"אזור תעשייה שחק","אזור תעשייה שחק","?? ?????","unmapped_fallback","2026-03-01"
"מועאוויה","מועאוויה","?? ?????","unmapped_fallback","2026-03-01"
"עין אל סהלה","עין אל סהלה","?? ?????","unmapped_fallback","2026-03-01"
"טל מנשה","טל מנשה","?? ?????","unmapped_fallback","2026-03-01"
"אזור תעשייה אלון התבור","אזור תעשייה אלון התבור","?? ?????","unmapped_fallback","2026-03-01"
"טייבה בגלבוע","טייבה בגלבוע","?? ?????","unmapped_fallback","2026-03-01"
"טמרה בגלבוע","טמרה בגלבוע","?? ?????","unmapped_fallback","2026-03-01"
"מרחביה מושב","מרחביה מושב","?? ?????","unmapped_fallback","2026-03-01"
"מרחביה קיבוץ","מרחביה קיבוץ","?? ?????","unmapped_fallback","2026-03-01"
"בית ירח","בית ירח","?? ?????","unmapped_fallback","2026-03-01"
"ישובי אומן","ישובי אומן","?? ?????","unmapped_fallback","2026-03-01"
"ישובי יעל","ישובי יעל","?? ?????","unmapped_fallback","2026-03-01"
"כינרת מושבה","כינרת מושבה","?? ?????","unmapped_fallback","2026-03-01"
"כינרת קבוצה","כינרת קבוצה","?? ?????","unmapped_fallback","2026-03-01"
"מוקיבלה","מוקיבלה","?? ?????","unmapped_fallback","2026-03-01"
"מרכז חבר","מרכז חבר","?? ?????","unmapped_fallback","2026-03-01"
"מתחם סקי גלבוע","מתחם סקי גלבוע","?? ?????","unmapped_fallback","2026-03-01"
"סנדלה","סנדלה","?? ?????","unmapped_fallback","2026-03-01"
"פוריה כפר עבודה","פוריה כפר עבודה","?? ?????","unmapped_fallback","2026-03-01"
"פוריה נווה עובד","פוריה נווה עובד","?? ?????","unmapped_fallback","2026-03-01"
"פוריה עילית","פוריה עילית","?? ?????","unmapped_fallback","2026-03-01"
"קבוצת גבע","קבוצת גבע","?? ?????","unmapped_fallback","2026-03-01"
"החווה של אורי כהן","החווה של אורי כהן","?? ?????","unmapped_fallback","2026-03-01"
"החווה של מנחם","החווה של מנחם","?? ?????","unmapped_fallback","2026-03-01"
"בתרונות","בתרונות","?? ?????","unmapped_fallback","2026-03-01"
"גבעת אסף","גבעת אסף","?? ?????","unmapped_fallback","2026-03-01"
"חוות אביחי","חוות אביחי","?? ?????","unmapped_fallback","2026-03-01"
"חוות מגנזי","חוות מגנזי","?? ?????","unmapped_fallback","2026-03-01"
"חוות נווה צוף","חוות נווה צוף","?? ?????","unmapped_fallback","2026-03-01"
"חוות נוף אב""י","חוות נוף אב""י","?? ?????","unmapped_fallback","2026-03-01"
"חוות נחל שילה","חוות נחל שילה","?? ?????","unmapped_fallback","2026-03-01"
"חוות עולם חסד","חוות עולם חסד","?? ?????","unmapped_fallback","2026-03-01"
"חוות צרידה","חוות צרידה","?? ?????","unmapped_fallback","2026-03-01"
"חוות שוביאל","חוות שוביאל","?? ?????","unmapped_fallback","2026-03-01"
"חוות שחרית","חוות שחרית","?? ?????","unmapped_fallback","2026-03-01"
"יבוא דודי","יבוא דודי","?? ?????","unmapped_fallback","2026-03-01"
"מכינת אלישע","מכינת אלישע","?? ?????","unmapped_fallback","2026-03-01"
"בית העלמין החדש נהריה","בית העלמין החדש נהריה","?? ?????","unmapped_fallback","2026-03-01"
"הר חלוץ","הר חלוץ","?? ?????","unmapped_fallback","2026-03-01"
"צורית גילון","צורית גילון","?? ?????","unmapped_fallback","2026-03-01"
"בית העלמין החדש עכו","בית העלמין החדש עכו","?? ?????","unmapped_fallback","2026-03-01"
"הררית יחד","הררית יחד","?? ?????","unmapped_fallback","2026-03-01"
"לוטם וחמדון","לוטם וחמדון","?? ?????","unmapped_fallback","2026-03-01"
"מע'אר","מע'אר","?? ?????","unmapped_fallback","2026-03-01"
"בית עלמין תל רגב","בית עלמין תל רגב","?? ?????","unmapped_fallback","2026-03-01"
"כפר ח'וואלד","כפר ח'וואלד","?? ?????","unmapped_fallback","2026-03-01"
"סואעד חמירה","סואעד חמירה","?? ?????","unmapped_fallback","2026-03-01"
"אזור תעשייה קדמת גליל","אזור תעשייה קדמת גליל","?? ?????","unmapped_fallback","2026-03-01"
"אתר ההנצחה גולני","אתר ההנצחה גולני","?? ?????","unmapped_fallback","2026-03-01"
"בית סוהר צלמון","בית סוהר צלמון","?? ?????","unmapped_fallback","2026-03-01"
"בית ספר שדה מירון","בית ספר שדה מירון","?? ?????","unmapped_fallback","2026-03-01"
"חמדת ימים","חמדת ימים","?? ?????","unmapped_fallback","2026-03-01"
"כורזים ורד הגליל","כורזים ורד הגליל","?? ?????","unmapped_fallback","2026-03-01"
"מרכז אזורי מרום גליל","מרכז אזורי מרום גליל","?? ?????","unmapped_fallback","2026-03-01"
"מרכז אזורי רמת כורזים","מרכז אזורי רמת כורזים","?? ?????","unmapped_fallback","2026-03-01"
"קדיתא","קדיתא","?? ?????","unmapped_fallback","2026-03-01"
"מנחת מחניים","מנחת מחניים","?? ?????","unmapped_fallback","2026-03-01"
"דבוריה","דבוריה","?? ?????","unmapped_fallback","2026-03-01"
"שיבלי אום אלג'נם","שיבלי אום אלג'נם","?? ?????","unmapped_fallback","2026-03-01"
"בוקעתא","בוקעתא","?? ?????","unmapped_fallback","2026-03-01"
"גבעת וולפסון","גבעת וולפסון","?? ?????","unmapped_fallback","2026-03-01"
"בית סוהר קישון","בית סוהר קישון","?? ?????","unmapped_fallback","2026-03-01"
"מרכז מיר''ב","מרכז מיר''ב","?? ?????","unmapped_fallback","2026-03-01"
"באקה אל גרבייה","באקה אל גרבייה","?? ?????","unmapped_fallback","2026-03-01"
"ישובי אומן","ישובי אומן","?? ?????","unmapped_fallback","2026-03-01"
"ישובי יעל","ישובי יעל","?? ?????","unmapped_fallback","2026-03-01"
"מוקיבלה","מוקיבלה","?? ?????","unmapped_fallback","2026-03-01"
"מרכז חבר","מרכז חבר","?? ?????","unmapped_fallback","2026-03-01"
"מתחם סקי גלבוע","מתחם סקי גלבוע","?? ?????","unmapped_fallback","2026-03-01"
"סנדלה","סנדלה","?? ?????","unmapped_fallback","2026-03-01"
"אום אל קוטוף","אום אל קוטוף","?? ?????","unmapped_fallback","2026-03-01"
"אזור תעשייה שחק","אזור תעשייה שחק","?? ?????","unmapped_fallback","2026-03-01"
"אמץ","אמץ","?? ?????","unmapped_fallback","2026-03-01"
"ברטעה","ברטעה","?? ?????","unmapped_fallback","2026-03-01"
"גבעת חיים איחוד","גבעת חיים איחוד","?? ?????","unmapped_fallback","2026-03-01"
"גבעת חיים מאוחד","גבעת חיים מאוחד","?? ?????","unmapped_fallback","2026-03-01"
"עין אל סהלה","עין אל סהלה","?? ?????","unmapped_fallback","2026-03-01"
"חוות אביה","חוות אביה","?? ?????","unmapped_fallback","2026-03-01"
"חוות אל נווה","חוות אל נווה","?? ?????","unmapped_fallback","2026-03-01"
"חוות אלחי","חוות אלחי","?? ?????","unmapped_fallback","2026-03-01"
"חומש","חומש","?? ?????","unmapped_fallback","2026-03-01"
"חרמש דרום","חרמש דרום","?? ?????","unmapped_fallback","2026-03-01"
"טל מנשה","טל מנשה","?? ?????","unmapped_fallback","2026-03-01"
"קבוצת גבע","קבוצת גבע","?? ?????","unmapped_fallback","2026-03-01"
"בית חרות","בית חרות","?? ?????","unmapped_fallback","2026-03-01"
"חבצלת השרון וצוקי ים","חבצלת השרון וצוקי ים","?? ?????","unmapped_fallback","2026-03-01"
"חוות יאיר","חוות יאיר","?? ?????","unmapped_fallback","2026-03-01"
"הר ברכה","הר ברכה","?? ?????","unmapped_fallback","2026-03-01"
"חוות אביחי","חוות אביחי","?? ?????","unmapped_fallback","2026-03-01"
"גבעת פורת יוסף","גבעת פורת יוסף","?? ?????","unmapped_fallback","2026-03-01"
"חוות מגנזי","חוות מגנזי","?? ?????","unmapped_fallback","2026-03-01"
"חוות נווה צוף","חוות נווה צוף","?? ?????","unmapped_fallback","2026-03-01"
"חוות נוף אב""י","חוות נוף אב""י","?? ?????","unmapped_fallback","2026-03-01"
"חוות עולם חסד","חוות עולם חסד","?? ?????","unmapped_fallback","2026-03-01"
"חוות צרידה","חוות צרידה","?? ?????","unmapped_fallback","2026-03-01"
"חוות שדה","חוות שדה","?? ?????","unmapped_fallback","2026-03-01"
"חוות שוביאל","חוות שוביאל","?? ?????","unmapped_fallback","2026-03-01"
"חוות שחרית","חוות שחרית","?? ?????","unmapped_fallback","2026-03-01"
"מכינת אלישע","מכינת אלישע","?? ?????","unmapped_fallback","2026-03-01"
"כעביה טבאש","כעביה טבאש","?? ?????","unmapped_fallback","2026-03-01"
"חוות מרום שמואל","חוות מרום שמואל","?? ?????","unmapped_fallback","2026-03-01"
"מועאוויה","מועאוויה","?? ?????","unmapped_fallback","2026-03-01"
"יבוא דודי","יבוא דודי","?? ?????","unmapped_fallback","2026-03-01"
"חוות נחל שילה","חוות נחל שילה","?? ?????","unmapped_fallback","2026-03-01"
"כפר גמילה מלכישוע","כפר גמילה מלכישוע","?? ?????","unmapped_fallback","2026-03-01"
"בית אלפא וחפציבה","בית אלפא וחפציבה","?? ?????","unmapped_fallback","2026-03-01"
"מרחביה מושב","מרחביה מושב","?? ?????","unmapped_fallback","2026-03-01"
"מרחביה קיבוץ","מרחביה קיבוץ","?? ?????","unmapped_fallback","2026-03-01"
"טייבה בגלבוע","טייבה בגלבוע","?? ?????","unmapped_fallback","2026-03-01"
"אזור תעשייה אלון התבור","אזור תעשייה אלון התבור","?? ?????","unmapped_fallback","2026-03-01"
"טמרה בגלבוע","טמרה בגלבוע","?? ?????","unmapped_fallback","2026-03-01"
"גני חוגה","גני חוגה","?? ?????","unmapped_fallback","2026-03-01"
"קיבוץ מגידו","קיבוץ מגידו","?? ?????","unmapped_fallback","2026-03-01"
"החווה של יאיא","החווה של יאיא","?? ?????","unmapped_fallback","2026-03-01"
"החווה של עשהאל","החווה של עשהאל","?? ?????","unmapped_fallback","2026-03-01"
"חוות גנות","חוות גנות","?? ?????","unmapped_fallback","2026-03-01"
"חוות יד השומר","חוות יד השומר","?? ?????","unmapped_fallback","2026-03-01"
"חוות מגדלים","חוות מגדלים","?? ?????","unmapped_fallback","2026-03-01"
"בתרונות","בתרונות","?? ?????","unmapped_fallback","2026-03-01"
"החווה של אורי כהן","החווה של אורי כהן","?? ?????","unmapped_fallback","2026-03-01"
"חוות עמיאל","חוות עמיאל","?? ?????","unmapped_fallback","2026-03-01"
"אזור תעשייה קיסריה","אזור תעשייה קיסריה","?? ?????","unmapped_fallback","2026-03-01"
"אעירה השחר","אעירה השחר","?? ?????","unmapped_fallback","2026-03-01"
"חוות הרשאש","חוות הרשאש","?? ?????","unmapped_fallback","2026-03-01"
"חוות מעלה אהוביה","חוות מעלה אהוביה","?? ?????","unmapped_fallback","2026-03-01"
"חוות פריאל","חוות פריאל","?? ?????","unmapped_fallback","2026-03-01"
"חוות ראש תאנה","חוות ראש תאנה","?? ?????","unmapped_fallback","2026-03-01"
"הר חלוץ","הר חלוץ","?? ?????","unmapped_fallback","2026-03-01"
"חג'אג'רה","חג'אג'רה","?? ?????","unmapped_fallback","2026-03-01"
"צורית גילון","צורית גילון","?? ?????","unmapped_fallback","2026-03-01"
"בית העלמין החדש עכו","בית העלמין החדש עכו","?? ?????","unmapped_fallback","2026-03-01"
"הררית יחד","הררית יחד","?? ?????","unmapped_fallback","2026-03-01"
"לוטם וחמדון","לוטם וחמדון","?? ?????","unmapped_fallback","2026-03-01"
"בית עלמין תל רגב","בית עלמין תל רגב","?? ?????","unmapped_fallback","2026-03-01"
"כפר ח'וואלד","כפר ח'וואלד","?? ?????","unmapped_fallback","2026-03-01"
"סואעד חמירה","סואעד חמירה","?? ?????","unmapped_fallback","2026-03-01"
"מע'אר","מע'אר","?? ?????","unmapped_fallback","2026-03-01"
"אתר ההנצחה גולני","אתר ההנצחה גולני","?? ?????","unmapped_fallback","2026-03-01"
"מרכז אזורי רמת כורזים","מרכז אזורי רמת כורזים","?? ?????","unmapped_fallback","2026-03-01"
"חמדת ימים","חמדת ימים","?? ?????","unmapped_fallback","2026-03-01"
"בית העלמין החדש נהריה","בית העלמין החדש נהריה","?? ?????","unmapped_fallback","2026-03-01"
"בית ספר שדה מירון","בית ספר שדה מירון","?? ?????","unmapped_fallback","2026-03-01"
"מרכז אזורי מרום גליל","מרכז אזורי מרום גליל","?? ?????","unmapped_fallback","2026-03-01"
"גניגר","גניגר","?? ?????","unmapped_fallback","2026-03-01"
"כורזים ורד הגליל","כורזים ורד הגליל","?? ?????","unmapped_fallback","2026-03-01"
"אזור תעשייה קדמת גליל","אזור תעשייה קדמת גליל","?? ?????","unmapped_fallback","2026-03-01"
"בית סוהר צלמון","בית סוהר צלמון","?? ?????","unmapped_fallback","2026-03-01"
"תחנת רכבת כפר יהושוע","תחנת רכבת כפר יהושוע","?? ?????","unmapped_fallback","2026-03-01"
"קדיתא","קדיתא","?? ?????","unmapped_fallback","2026-03-01"
"מנחת מחניים","מנחת מחניים","?? ?????","unmapped_fallback","2026-03-01"
"פוריה נווה עובד","פוריה נווה עובד","?? ?????","unmapped_fallback","2026-03-01"
"פנימיית עין כרם","פנימיית עין כרם","?? ?????","unmapped_fallback","2026-03-01"
"אלון","אלון","?? ?????","unmapped_fallback","2026-03-01"
"גבעת אסף","גבעת אסף","?? ?????","unmapped_fallback","2026-03-01"
"מרכז אזורי מגילות","מרכז אזורי מגילות","?? ?????","unmapped_fallback","2026-03-01"
"בית חגלה","בית חגלה","?? ?????","unmapped_fallback","2026-03-01"
"בני אדם","בני אדם","?? ?????","unmapped_fallback","2026-03-01"
"בר כוכבא","בר כוכבא","?? ?????","unmapped_fallback","2026-03-01"
"גבעות","גבעות","?? ?????","unmapped_fallback","2026-03-01"
"החווה של זוהר","החווה של זוהר","?? ?????","unmapped_fallback","2026-03-01"
"חוות בניהו","חוות בניהו","?? ?????","unmapped_fallback","2026-03-01"
"חוות הרועה העברי","חוות הרועה העברי","?? ?????","unmapped_fallback","2026-03-01"
"חוות חנינא","חוות חנינא","?? ?????","unmapped_fallback","2026-03-01"
"חוות ינון","חוות ינון","?? ?????","unmapped_fallback","2026-03-01"
"חוות מלכיאל","חוות מלכיאל","?? ?????","unmapped_fallback","2026-03-01"
"חוות נחלת צבי","חוות נחלת צבי","?? ?????","unmapped_fallback","2026-03-01"
"חוות עדן","חוות עדן","?? ?????","unmapped_fallback","2026-03-01"
"חוות צאן קדר","חוות צאן קדר","?? ?????","unmapped_fallback","2026-03-01"
"חוות קשואלה","חוות קשואלה","?? ?????","unmapped_fallback","2026-03-01"
"מגרון","מגרון","?? ?????","unmapped_fallback","2026-03-01"
"נופי פרת","נופי פרת","?? ?????","unmapped_fallback","2026-03-01"
"צומת אלמוג","צומת אלמוג","?? ?????","unmapped_fallback","2026-03-01"
"קדם ערבה","קדם ערבה","?? ?????","unmapped_fallback","2026-03-01"
"חוות ארץ האיילים","חוות ארץ האיילים","?? ?????","unmapped_fallback","2026-03-01"
"אלון","אלון","?? ?????","unmapped_fallback","2026-03-01"
"חוות הרועה העברי","חוות הרועה העברי","?? ?????","unmapped_fallback","2026-03-01"
"נופי פרת","נופי פרת","?? ?????","unmapped_fallback","2026-03-01"
"בני אדם","בני אדם","?? ?????","unmapped_fallback","2026-03-01"
"חוות בניהו","חוות בניהו","?? ?????","unmapped_fallback","2026-03-01"
"חוות נחלת צבי","חוות נחלת צבי","?? ?????","unmapped_fallback","2026-03-01"
"מגרון","מגרון","?? ?????","unmapped_fallback","2026-03-01"
"חוות יאיר","חוות יאיר","?? ?????","unmapped_fallback","2026-03-01"
"הר ברכה","הר ברכה","?? ?????","unmapped_fallback","2026-03-01"
"חוות אביחי","חוות אביחי","?? ?????","unmapped_fallback","2026-03-01"
"חוות אלחי","חוות אלחי","?? ?????","unmapped_fallback","2026-03-01"
"חוות נוף אב""י","חוות נוף אב""י","?? ?????","unmapped_fallback","2026-03-01"
"חוות צרידה","חוות צרידה","?? ?????","unmapped_fallback","2026-03-01"
"חוות שוביאל","חוות שוביאל","?? ?????","unmapped_fallback","2026-03-01"
"חוות שחרית","חוות שחרית","?? ?????","unmapped_fallback","2026-03-01"
"חוות עולם חסד","חוות עולם חסד","?? ?????","unmapped_fallback","2026-03-01"
"חוות שדה","חוות שדה","?? ?????","unmapped_fallback","2026-03-01"
"אמץ","אמץ","?? ?????","unmapped_fallback","2026-03-01"
"בית חרות","בית חרות","?? ?????","unmapped_fallback","2026-03-01"
"גבעת חיים מאוחד","גבעת חיים מאוחד","?? ?????","unmapped_fallback","2026-03-01"
"חבצלת השרון וצוקי ים","חבצלת השרון וצוקי ים","?? ?????","unmapped_fallback","2026-03-01"
"חוות נווה צוף","חוות נווה צוף","?? ?????","unmapped_fallback","2026-03-01"
"חומש","חומש","?? ?????","unmapped_fallback","2026-03-01"
"מכינת אלישע","מכינת אלישע","?? ?????","unmapped_fallback","2026-03-01"
"חוות ראש תאנה","חוות ראש תאנה","?? ?????","unmapped_fallback","2026-03-01"
"חוות הרשאש","חוות הרשאש","?? ?????","unmapped_fallback","2026-03-01"
"חוות מגדלים","חוות מגדלים","?? ?????","unmapped_fallback","2026-03-01"
"חוות יאיר","חוות יאיר","?? ?????","unmapped_fallback","2026-03-01"
"חבצלת השרון וצוקי ים","חבצלת השרון וצוקי ים","?? ?????","unmapped_fallback","2026-03-01"
"אמץ","אמץ","?? ?????","unmapped_fallback","2026-03-01"
"חוות אלחי","חוות אלחי","?? ?????","unmapped_fallback","2026-03-01"
"חומש","חומש","?? ?????","unmapped_fallback","2026-03-01"
"בית חרות","בית חרות","?? ?????","unmapped_fallback","2026-03-01"
"גבעת חיים איחוד","גבעת חיים איחוד","?? ?????","unmapped_fallback","2026-03-01"
"גבעת חיים מאוחד","גבעת חיים מאוחד","?? ?????","unmapped_fallback","2026-03-01"
"הר ברכה","הר ברכה","?? ?????","unmapped_fallback","2026-03-01"
"גבעת פורת יוסף","גבעת פורת יוסף","?? ?????","unmapped_fallback","2026-03-01"
"החווה של יאיא","החווה של יאיא","?? ?????","unmapped_fallback","2026-03-01"
"חוות גנות","חוות גנות","?? ?????","unmapped_fallback","2026-03-01"
"חוות מרום שמואל","חוות מרום שמואל","?? ?????","unmapped_fallback","2026-03-01"
"חוות שדה","חוות שדה","?? ?????","unmapped_fallback","2026-03-01"
"גבעת אסף","גבעת אסף","?? ?????","unmapped_fallback","2026-03-01"
"חוות אביחי","חוות אביחי","?? ?????","unmapped_fallback","2026-03-01"
"אעירה השחר","אעירה השחר","?? ?????","unmapped_fallback","2026-03-01"
"חוות הרשאש","חוות הרשאש","?? ?????","unmapped_fallback","2026-03-01"
"חוות מגדלים","חוות מגדלים","?? ?????","unmapped_fallback","2026-03-01"
"חוות מגנזי","חוות מגנזי","?? ?????","unmapped_fallback","2026-03-01"
"חוות מעלה אהוביה","חוות מעלה אהוביה","?? ?????","unmapped_fallback","2026-03-01"
"חוות נווה צוף","חוות נווה צוף","?? ?????","unmapped_fallback","2026-03-01"
"חוות נוף אב""י","חוות נוף אב""י","?? ?????","unmapped_fallback","2026-03-01"
"חוות נחל שילה","חוות נחל שילה","?? ?????","unmapped_fallback","2026-03-01"
"חוות עולם חסד","חוות עולם חסד","?? ?????","unmapped_fallback","2026-03-01"
"חוות פריאל","חוות פריאל","?? ?????","unmapped_fallback","2026-03-01"
"חוות צרידה","חוות צרידה","?? ?????","unmapped_fallback","2026-03-01"
"חוות ראש תאנה","חוות ראש תאנה","?? ?????","unmapped_fallback","2026-03-01"
"חוות שוביאל","חוות שוביאל","?? ?????","unmapped_fallback","2026-03-01"
"חוות שחרית","חוות שחרית","?? ?????","unmapped_fallback","2026-03-01"
"יבוא דודי","יבוא דודי","?? ?????","unmapped_fallback","2026-03-01"
"מכינת אלישע","מכינת אלישע","?? ?????","unmapped_fallback","2026-03-01"
"בית אלפא וחפציבה","בית אלפא וחפציבה","?? ?????","unmapped_fallback","2026-03-01"
"כפר גמילה מלכישוע","כפר גמילה מלכישוע","?? ?????","unmapped_fallback","2026-03-01"
"נוה איתן","נוה איתן","?? ?????","unmapped_fallback","2026-03-01"
"גני חוגה","גני חוגה","?? ?????","unmapped_fallback","2026-03-01"
"בתרונות","בתרונות","?? ?????","unmapped_fallback","2026-03-01"
"החווה של אורי כהן","החווה של אורי כהן","?? ?????","unmapped_fallback","2026-03-01"
"החווה של עשהאל","החווה של עשהאל","?? ?????","unmapped_fallback","2026-03-01"
"חוות יד השומר","חוות יד השומר","?? ?????","unmapped_fallback","2026-03-01"
"חוות עמיאל","חוות עמיאל","?? ?????","unmapped_fallback","2026-03-01"
"החווה של זוהר","החווה של זוהר","?? ?????","unmapped_fallback","2026-03-01"
"באקה אל גרבייה","באקה אל גרבייה","?? ?????","unmapped_fallback","2026-03-01"
"חרמש דרום","חרמש דרום","?? ?????","unmapped_fallback","2026-03-01"
"אזור תעשייה קיסריה","אזור תעשייה קיסריה","?? ?????","unmapped_fallback","2026-03-01"
"גבעת עדה","גבעת עדה","?? ?????","unmapped_fallback","2026-03-01"
"מוקיבלה","מוקיבלה","?? ?????","unmapped_fallback","2026-03-01"
"סנדלה","סנדלה","?? ?????","unmapped_fallback","2026-03-01"
"אום אל קוטוף","אום אל קוטוף","?? ?????","unmapped_fallback","2026-03-01"
"אזור תעשייה שחק","אזור תעשייה שחק","?? ?????","unmapped_fallback","2026-03-01"
"ברטעה","ברטעה","?? ?????","unmapped_fallback","2026-03-01"
"מועאוויה","מועאוויה","?? ?????","unmapped_fallback","2026-03-01"
"מתחם שביל התפוזים","מתחם שביל התפוזים","?? ?????","unmapped_fallback","2026-03-01"
"עין אל סהלה","עין אל סהלה","?? ?????","unmapped_fallback","2026-03-01"
"חוות אביה","חוות אביה","?? ?????","unmapped_fallback","2026-03-01"
"חוות אל נווה","חוות אל נווה","?? ?????","unmapped_fallback","2026-03-01"
"טל מנשה","טל מנשה","?? ?????","unmapped_fallback","2026-03-01"
"נמל קיסריה","נמל קיסריה","?? ?????","unmapped_fallback","2026-03-01"
"גבעת וולפסון","גבעת וולפסון","?? ?????","unmapped_fallback","2026-03-01"
"חג'אג'רה","חג'אג'רה","?? ?????","unmapped_fallback","2026-03-01"
"כעביה טבאש","כעביה טבאש","?? ?????","unmapped_fallback","2026-03-01"
"מרכז מיר''ב","מרכז מיר''ב","?? ?????","unmapped_fallback","2026-03-01"
"בית סוהר קישון","בית סוהר קישון","?? ?????","unmapped_fallback","2026-03-01"
"בית עלמין תל רגב","בית עלמין תל רגב","?? ?????","unmapped_fallback","2026-03-01"
"כפר ח'וואלד","כפר ח'וואלד","?? ?????","unmapped_fallback","2026-03-01"
"סואעד חמירה","סואעד חמירה","?? ?????","unmapped_fallback","2026-03-01"
"תחנת רכבת כפר יהושוע","תחנת רכבת כפר יהושוע","?? ?????","unmapped_fallback","2026-03-01"
"הר חלוץ","הר חלוץ","?? ?????","unmapped_fallback","2026-03-01"
"צורית גילון","צורית גילון","?? ?????","unmapped_fallback","2026-03-01"
"אתר ההנצחה גולני","אתר ההנצחה גולני","?? ?????","unmapped_fallback","2026-03-01"
"בית העלמין החדש עכו","בית העלמין החדש עכו","?? ?????","unmapped_fallback","2026-03-01"
"בית סוהר צלמון","בית סוהר צלמון","?? ?????","unmapped_fallback","2026-03-01"
"הררית יחד","הררית יחד","?? ?????","unmapped_fallback","2026-03-01"
"לוטם וחמדון","לוטם וחמדון","?? ?????","unmapped_fallback","2026-03-01"
"מע'אר","מע'אר","?? ?????","unmapped_fallback","2026-03-01"
"בית העלמין החדש נהריה","בית העלמין החדש נהריה","?? ?????","unmapped_fallback","2026-03-01"
"יקנעם המושבה והזורע","יקנעם המושבה והזורע","?? ?????","unmapped_fallback","2026-03-01"
"חמדת ימים","חמדת ימים","?? ?????","unmapped_fallback","2026-03-01"
"גניגר","גניגר","?? ?????","unmapped_fallback","2026-03-01"
"תחנת רכבת כפר ברוך","תחנת רכבת כפר ברוך","?? ?????","unmapped_fallback","2026-03-01"
"החווה של מנחם","החווה של מנחם","?? ?????","unmapped_fallback","2026-03-01"
"אזור תעשייה קדמת גליל","אזור תעשייה קדמת גליל","?? ?????","unmapped_fallback","2026-03-01"
"בית ספר שדה מירון","בית ספר שדה מירון","?? ?????","unmapped_fallback","2026-03-01"
"דליה","דליה","?? ?????","unmapped_fallback","2026-03-01"
"קיבוץ מגידו","קיבוץ מגידו","?? ?????","unmapped_fallback","2026-03-01"
"אזור תעשייה אלון התבור","אזור תעשייה אלון התבור","?? ?????","unmapped_fallback","2026-03-01"
"טייבה בגלבוע","טייבה בגלבוע","?? ?????","unmapped_fallback","2026-03-01"
"טמרה בגלבוע","טמרה בגלבוע","?? ?????","unmapped_fallback","2026-03-01"
"מרחביה מושב","מרחביה מושב","?? ?????","unmapped_fallback","2026-03-01"
"מרחביה קיבוץ","מרחביה קיבוץ","?? ?????","unmapped_fallback","2026-03-01"
"דבוריה","דבוריה","?? ?????","unmapped_fallback","2026-03-01"
"ישובי אומן","ישובי אומן","?? ?????","unmapped_fallback","2026-03-01"
"ישובי יעל","ישובי יעל","?? ?????","unmapped_fallback","2026-03-01"
"מרכז חבר","מרכז חבר","?? ?????","unmapped_fallback","2026-03-01"
"מתחם סקי גלבוע","מתחם סקי גלבוע","?? ?????","unmapped_fallback","2026-03-01"
"קבוצת גבע","קבוצת גבע","?? ?????","unmapped_fallback","2026-03-01"
"בי""ס כרמים בנימינה","בי""ס כרמים בנימינה","?? ?????","unmapped_fallback","2026-03-01"
"שיבלי אום אלג'נם","שיבלי אום אלג'נם","?? ?????","unmapped_fallback","2026-03-01"
"כורזים ורד הגליל","כורזים ורד הגליל","?? ?????","unmapped_fallback","2026-03-01"
"מרכז אזורי מרום גליל","מרכז אזורי מרום גליל","?? ?????","unmapped_fallback","2026-03-01"
"מרכז אזורי רמת כורזים","מרכז אזורי רמת כורזים","?? ?????","unmapped_fallback","2026-03-01"
"קדיתא","קדיתא","?? ?????","unmapped_fallback","2026-03-01"
"בית ירח","בית ירח","?? ?????","unmapped_fallback","2026-03-01"
"כינרת מושבה","כינרת מושבה","?? ?????","unmapped_fallback","2026-03-01"
"כינרת קבוצה","כינרת קבוצה","?? ?????","unmapped_fallback","2026-03-01"
"פוריה כפר עבודה","פוריה כפר עבודה","?? ?????","unmapped_fallback","2026-03-01"
"פוריה נווה עובד","פוריה נווה עובד","?? ?????","unmapped_fallback","2026-03-01"
"פוריה עילית","פוריה עילית","?? ?????","unmapped_fallback","2026-03-01"
"חוות יאיר","חוות יאיר","?? ?????","unmapped_fallback","2026-03-01"
"חוות אביחי","חוות אביחי","?? ?????","unmapped_fallback","2026-03-01"
"חוות נוף אב""י","חוות נוף אב""י","?? ?????","unmapped_fallback","2026-03-01"
"חוות עולם חסד","חוות עולם חסד","?? ?????","unmapped_fallback","2026-03-01"
"חוות צרידה","חוות צרידה","?? ?????","unmapped_fallback","2026-03-01"
"חוות שוביאל","חוות שוביאל","?? ?????","unmapped_fallback","2026-03-01"
"חוות שחרית","חוות שחרית","?? ?????","unmapped_fallback","2026-03-01"
"חומש","חומש","?? ?????","unmapped_fallback","2026-03-01"
"חוות אלחי","חוות אלחי","?? ?????","unmapped_fallback","2026-03-01"
"אמץ","אמץ","?? ?????","unmapped_fallback","2026-03-01"
"חוות מגנזי","חוות מגנזי","?? ?????","unmapped_fallback","2026-03-01"
"חוות נווה צוף","חוות נווה צוף","?? ?????","unmapped_fallback","2026-03-01"
"מכינת אלישע","מכינת אלישע","?? ?????","unmapped_fallback","2026-03-01"
"יבוא דודי","יבוא דודי","?? ?????","unmapped_fallback","2026-03-01"
"חוות נחל שילה","חוות נחל שילה","?? ?????","unmapped_fallback","2026-03-01"
"הר ברכה","הר ברכה","?? ?????","unmapped_fallback","2026-03-01"
"חוות מגדלים","חוות מגדלים","?? ?????","unmapped_fallback","2026-03-01"
"כפר גמילה מלכישוע","כפר גמילה מלכישוע","?? ?????","unmapped_fallback","2026-03-01"
"חוות יד השומר","חוות יד השומר","?? ?????","unmapped_fallback","2026-03-01"
"חוות עמיאל","חוות עמיאל","?? ?????","unmapped_fallback","2026-03-01"
"חרמש דרום","חרמש דרום","?? ?????","unmapped_fallback","2026-03-01"
"אזור תעשייה שחק","אזור תעשייה שחק","?? ?????","unmapped_fallback","2026-03-01"
"מוקיבלה","מוקיבלה","?? ?????","unmapped_fallback","2026-03-01"
"סנדלה","סנדלה","?? ?????","unmapped_fallback","2026-03-01"
"גבעת פורת יוסף","גבעת פורת יוסף","?? ?????","unmapped_fallback","2026-03-01"
"החווה של יאיא","החווה של יאיא","?? ?????","unmapped_fallback","2026-03-01"
"חוות גנות","חוות גנות","?? ?????","unmapped_fallback","2026-03-01"
"חוות מרום שמואל","חוות מרום שמואל","?? ?????","unmapped_fallback","2026-03-01"
"חוות פריאל","חוות פריאל","?? ?????","unmapped_fallback","2026-03-01"
"חוות שדה","חוות שדה","?? ?????","unmapped_fallback","2026-03-01"
"טל מנשה","טל מנשה","?? ?????","unmapped_fallback","2026-03-01"
"גבעת אסף","גבעת אסף","?? ?????","unmapped_fallback","2026-03-01"
"אעירה השחר","אעירה השחר","?? ?????","unmapped_fallback","2026-03-01"
"החווה של זוהר","החווה של זוהר","?? ?????","unmapped_fallback","2026-03-01"
"חוות חנינא","חוות חנינא","?? ?????","unmapped_fallback","2026-03-01"
"חוות מלכיאל","חוות מלכיאל","?? ?????","unmapped_fallback","2026-03-01"
"חוות מעלה אהוביה","חוות מעלה אהוביה","?? ?????","unmapped_fallback","2026-03-01"
"חוות ראש תאנה","חוות ראש תאנה","?? ?????","unmapped_fallback","2026-03-01"
"בית אלפא וחפציבה","בית אלפא וחפציבה","?? ?????","unmapped_fallback","2026-03-01"
"חוות הרשאש","חוות הרשאש","?? ?????","unmapped_fallback","2026-03-01"
"באקה אל גרבייה","באקה אל גרבייה","?? ?????","unmapped_fallback","2026-03-01"
"אום אל קוטוף","אום אל קוטוף","?? ?????","unmapped_fallback","2026-03-01"
"ברטעה","ברטעה","?? ?????","unmapped_fallback","2026-03-01"
"עין אל סהלה","עין אל סהלה","?? ?????","unmapped_fallback","2026-03-01"
"החווה של אורי כהן","החווה של אורי כהן","?? ?????","unmapped_fallback","2026-03-01"
"החווה של עשהאל","החווה של עשהאל","?? ?????","unmapped_fallback","2026-03-01"
"חוות אביה","חוות אביה","?? ?????","unmapped_fallback","2026-03-01"
"חוות אל נווה","חוות אל נווה","?? ?????","unmapped_fallback","2026-03-01"
"חוות בניהו","חוות בניהו","?? ?????","unmapped_fallback","2026-03-01"
"חוות ינון","חוות ינון","?? ?????","unmapped_fallback","2026-03-01"
"חוות נחלת צבי","חוות נחלת צבי","?? ?????","unmapped_fallback","2026-03-01"
"מגרון","מגרון","?? ?????","unmapped_fallback","2026-03-01"
"בתרונות","בתרונות","?? ?????","unmapped_fallback","2026-03-01"
"אמץ","אמץ","?? ?????","unmapped_fallback","2026-03-01"
"אלון","אלון","?? ?????","unmapped_fallback","2026-03-01"
"בני אדם","בני אדם","?? ?????","unmapped_fallback","2026-03-01"
"חוות הרועה העברי","חוות הרועה העברי","?? ?????","unmapped_fallback","2026-03-01"
"נופי פרת","נופי פרת","?? ?????","unmapped_fallback","2026-03-01"
"בוקעתא","בוקעתא","?? ?????","unmapped_fallback","2026-03-01"
"החווה של מנחם","החווה של מנחם","?? ?????","unmapped_fallback","2026-03-01"
"חוף זיקים","חוף זיקים","?? ?????","unmapped_fallback","2026-03-01"
"הגבעה הצהובה","הגבעה הצהובה","?? ?????","unmapped_fallback","2026-03-01"
"חוות ארץ האיילים","חוות ארץ האיילים","?? ?????","unmapped_fallback","2026-03-01"
"חוות קשואלה","חוות קשואלה","?? ?????","unmapped_fallback","2026-03-01"
"עוז וגאון","עוז וגאון","?? ?????","unmapped_fallback","2026-03-01"
"פנימיית עין כרם","פנימיית עין כרם","?? ?????","unmapped_fallback","2026-03-01"
"בר כוכבא","בר כוכבא","?? ?????","unmapped_fallback","2026-03-01"
"גבעות","גבעות","?? ?????","unmapped_fallback","2026-03-01"
"חוות עדן","חוות עדן","?? ?????","unmapped_fallback","2026-03-01"
"גבעת וולפסון","גבעת וולפסון","?? ?????","unmapped_fallback","2026-03-01"
"חג'אג'רה","חג'אג'רה","?? ?????","unmapped_fallback","2026-03-01"
"כעביה טבאש","כעביה טבאש","?? ?????","unmapped_fallback","2026-03-01"
"צורית גילון","צורית גילון","?? ?????","unmapped_fallback","2026-03-01"
"יקנעם המושבה והזורע","יקנעם המושבה והזורע","?? ?????","unmapped_fallback","2026-03-01"
"גניגר","גניגר","?? ?????","unmapped_fallback","2026-03-01"
"אזור תעשייה קדמת גליל","אזור תעשייה קדמת גליל","?? ?????","unmapped_fallback","2026-03-01"
"אתר ההנצחה גולני","אתר ההנצחה גולני","?? ?????","unmapped_fallback","2026-03-01"
"בית העלמין החדש עכו","בית העלמין החדש עכו","?? ?????","unmapped_fallback","2026-03-01"
"בית סוהר צלמון","בית סוהר צלמון","?? ?????","unmapped_fallback","2026-03-01"
"בית סוהר קישון","בית סוהר קישון","?? ?????","unmapped_fallback","2026-03-01"
"הררית יחד","הררית יחד","?? ?????","unmapped_fallback","2026-03-01"
"לוטם וחמדון","לוטם וחמדון","?? ?????","unmapped_fallback","2026-03-01"
"מע'אר","מע'אר","?? ?????","unmapped_fallback","2026-03-01"
"כפר ח'וואלד","כפר ח'וואלד","?? ?????","unmapped_fallback","2026-03-01"
"תחנת רכבת כפר יהושוע","תחנת רכבת כפר יהושוע","?? ?????","unmapped_fallback","2026-03-01"
"בית עלמין תל רגב","בית עלמין תל רגב","?? ?????","unmapped_fallback","2026-03-01"
"סואעד חמירה","סואעד חמירה","?? ?????","unmapped_fallback","2026-03-01"
"בית הברכה","בית הברכה","?? ?????","unmapped_fallback","2026-03-01"
"חוות צאן קדר","חוות צאן קדר","?? ?????","unmapped_fallback","2026-03-01"
"כפר אלדד","כפר אלדד","?? ?????","unmapped_fallback","2026-03-01"
"גבעת אסף","גבעת אסף","?? ?????","unmapped_fallback","2026-03-01"
"מצוקי דרגות","מצוקי דרגות","?? ?????","unmapped_fallback","2026-03-01"
"אעירה השחר","אעירה השחר","?? ?????","unmapped_fallback","2026-03-01"
"החווה של זוהר","החווה של זוהר","?? ?????","unmapped_fallback","2026-03-01"
"חוות בניהו","חוות בניהו","?? ?????","unmapped_fallback","2026-03-01"
"חוות חנינא","חוות חנינא","?? ?????","unmapped_fallback","2026-03-01"
"חוות ינון","חוות ינון","?? ?????","unmapped_fallback","2026-03-01"
"חוות מלכיאל","חוות מלכיאל","?? ?????","unmapped_fallback","2026-03-01"
"חוות מעלה אהוביה","חוות מעלה אהוביה","?? ?????","unmapped_fallback","2026-03-01"
"חוות נחלת צבי","חוות נחלת צבי","?? ?????","unmapped_fallback","2026-03-01"
"יבוא דודי","יבוא דודי","?? ?????","unmapped_fallback","2026-03-01"
"מגרון","מגרון","?? ?????","unmapped_fallback","2026-03-01"
"צומת אלמוג","צומת אלמוג","?? ?????","unmapped_fallback","2026-03-01"
"הר חלוץ","הר חלוץ","?? ?????","unmapped_fallback","2026-03-01"
"כורזים ורד הגליל","כורזים ורד הגליל","?? ?????","unmapped_fallback","2026-03-01"
"בית ספר שדה מירון","בית ספר שדה מירון","?? ?????","unmapped_fallback","2026-03-01"
"מרכז אזורי מרום גליל","מרכז אזורי מרום גליל","?? ?????","unmapped_fallback","2026-03-01"
"מרכז אזורי רמת כורזים","מרכז אזורי רמת כורזים","?? ?????","unmapped_fallback","2026-03-01"
"חמדת ימים","חמדת ימים","?? ?????","unmapped_fallback","2026-03-01"
"מרכז אזורי מגילות","מרכז אזורי מגילות","?? ?????","unmapped_fallback","2026-03-01"
"בית חגלה","בית חגלה","?? ?????","unmapped_fallback","2026-03-01"
"קדם ערבה","קדם ערבה","?? ?????","unmapped_fallback","2026-03-01"
"תקוע ד' וה'","תקוע ד' וה'","?? ?????","unmapped_fallback","2026-03-01"
"פוריה נווה עובד","פוריה נווה עובד","?? ?????","unmapped_fallback","2026-03-01"
"שני ליבנה","שני ליבנה","?? ?????","unmapped_fallback","2026-03-01"
"חוות מור ואברהם","חוות מור ואברהם","?? ?????","unmapped_fallback","2026-03-01"
"חוות מקנה יהודה","חוות מקנה יהודה","?? ?????","unmapped_fallback","2026-03-01"
"חוות אשכולות","חוות אשכולות","?? ?????","unmapped_fallback","2026-03-01"
"אזור תעשייה אלון התבור","אזור תעשייה אלון התבור","?? ?????","unmapped_fallback","2026-03-01"
"גניגר","גניגר","?? ?????","unmapped_fallback","2026-03-01"
"טייבה בגלבוע","טייבה בגלבוע","?? ?????","unmapped_fallback","2026-03-01"
"טמרה בגלבוע","טמרה בגלבוע","?? ?????","unmapped_fallback","2026-03-01"
"מרחביה מושב","מרחביה מושב","?? ?????","unmapped_fallback","2026-03-01"
"מרחביה קיבוץ","מרחביה קיבוץ","?? ?????","unmapped_fallback","2026-03-01"
"קיבוץ מגידו","קיבוץ מגידו","?? ?????","unmapped_fallback","2026-03-01"
"בית ירח","בית ירח","?? ?????","unmapped_fallback","2026-03-01"
"דבוריה","דבוריה","?? ?????","unmapped_fallback","2026-03-01"
"ישובי אומן","ישובי אומן","?? ?????","unmapped_fallback","2026-03-01"
"ישובי יעל","ישובי יעל","?? ?????","unmapped_fallback","2026-03-01"
"כינרת מושבה","כינרת מושבה","?? ?????","unmapped_fallback","2026-03-01"
"כינרת קבוצה","כינרת קבוצה","?? ?????","unmapped_fallback","2026-03-01"
"מרכז חבר","מרכז חבר","?? ?????","unmapped_fallback","2026-03-01"
"מתחם סקי גלבוע","מתחם סקי גלבוע","?? ?????","unmapped_fallback","2026-03-01"
"סנדלה","סנדלה","?? ?????","unmapped_fallback","2026-03-01"
"פוריה כפר עבודה","פוריה כפר עבודה","?? ?????","unmapped_fallback","2026-03-01"
"פוריה נווה עובד","פוריה נווה עובד","?? ?????","unmapped_fallback","2026-03-01"
"פוריה עילית","פוריה עילית","?? ?????","unmapped_fallback","2026-03-01"
"קבוצת גבע","קבוצת גבע","?? ?????","unmapped_fallback","2026-03-01"
"שיבלי אום אלג'נם","שיבלי אום אלג'נם","?? ?????","unmapped_fallback","2026-03-01"
"תחנת רכבת כפר ברוך","תחנת רכבת כפר ברוך","?? ?????","unmapped_fallback","2026-03-01"
"חג'אג'רה","חג'אג'רה","?? ?????","unmapped_fallback","2026-03-01"
"דליה","דליה","?? ?????","unmapped_fallback","2026-03-01"
"יקנעם המושבה והזורע","יקנעם המושבה והזורע","?? ?????","unmapped_fallback","2026-03-01"
"מוקיבלה","מוקיבלה","?? ?????","unmapped_fallback","2026-03-01"
"תחנת רכבת כפר יהושוע","תחנת רכבת כפר יהושוע","?? ?????","unmapped_fallback","2026-03-01"
"אתר ההנצחה גולני","אתר ההנצחה גולני","?? ?????","unmapped_fallback","2026-03-01"
"מועאוויה","מועאוויה","?? ?????","unmapped_fallback","2026-03-01"
"כעביה טבאש","כעביה טבאש","?? ?????","unmapped_fallback","2026-03-01"
"בית אלפא וחפציבה","בית אלפא וחפציבה","?? ?????","unmapped_fallback","2026-03-01"
"נוה איתן","נוה איתן","?? ?????","unmapped_fallback","2026-03-01"
"גני חוגה","גני חוגה","?? ?????","unmapped_fallback","2026-03-01"
"בני יהודה וגבעת יואב","בני יהודה וגבעת יואב","?? ?????","unmapped_fallback","2026-03-01"
"אזור תעשייה בני יהודה","אזור תעשייה בני יהודה","?? ?????","unmapped_fallback","2026-03-01"
"אזור תעשייה קדמת גליל","אזור תעשייה קדמת גליל","?? ?????","unmapped_fallback","2026-03-01"
"גבעת וולפסון","גבעת וולפסון","?? ?????","unmapped_fallback","2026-03-01"
"חג'אג'רה","חג'אג'רה","?? ?????","unmapped_fallback","2026-03-01"
"כעביה טבאש","כעביה טבאש","?? ?????","unmapped_fallback","2026-03-01"
"צורית גילון","צורית גילון","?? ?????","unmapped_fallback","2026-03-01"
"בית העלמין החדש עכו","בית העלמין החדש עכו","?? ?????","unmapped_fallback","2026-03-01"
"בית סוהר קישון","בית סוהר קישון","?? ?????","unmapped_fallback","2026-03-01"
"הררית יחד","הררית יחד","?? ?????","unmapped_fallback","2026-03-01"
"לוטם וחמדון","לוטם וחמדון","?? ?????","unmapped_fallback","2026-03-01"
"בית עלמין תל רגב","בית עלמין תל רגב","?? ?????","unmapped_fallback","2026-03-01"
"כפר ח'וואלד","כפר ח'וואלד","?? ?????","unmapped_fallback","2026-03-01"
"סואעד חמירה","סואעד חמירה","?? ?????","unmapped_fallback","2026-03-01"
"תחנת רכבת כפר יהושוע","תחנת רכבת כפר יהושוע","?? ?????","unmapped_fallback","2026-03-01"
"אתר ההנצחה גולני","אתר ההנצחה גולני","?? ?????","unmapped_fallback","2026-03-01"
"מע'אר","מע'אר","?? ?????","unmapped_fallback","2026-03-01"
"בית סוהר צלמון","בית סוהר צלמון","?? ?????","unmapped_fallback","2026-03-01"
"חוות יאיר","חוות יאיר","?? ?????","unmapped_fallback","2026-03-01"
"הר ברכה","הר ברכה","?? ?????","unmapped_fallback","2026-03-01"
"בתרונות","בתרונות","?? ?????","unmapped_fallback","2026-03-01"
"גבעת פורת יוסף","גבעת פורת יוסף","?? ?????","unmapped_fallback","2026-03-01"
"החווה של אורי כהן","החווה של אורי כהן","?? ?????","unmapped_fallback","2026-03-01"
"החווה של יאיא","החווה של יאיא","?? ?????","unmapped_fallback","2026-03-01"
"החווה של מנחם","החווה של מנחם","?? ?????","unmapped_fallback","2026-03-01"
"החווה של עשהאל","החווה של עשהאל","?? ?????","unmapped_fallback","2026-03-01"
"חוות אלחי","חוות אלחי","?? ?????","unmapped_fallback","2026-03-01"
"חוות גנות","חוות גנות","?? ?????","unmapped_fallback","2026-03-01"
"חוות יד השומר","חוות יד השומר","?? ?????","unmapped_fallback","2026-03-01"
"חוות מגדלים","חוות מגדלים","?? ?????","unmapped_fallback","2026-03-01"
"חוות מרום שמואל","חוות מרום שמואל","?? ?????","unmapped_fallback","2026-03-01"
"חוות נוף אב""י","חוות נוף אב""י","?? ?????","unmapped_fallback","2026-03-01"
"חוות שדה","חוות שדה","?? ?????","unmapped_fallback","2026-03-01"
"חוות שוביאל","חוות שוביאל","?? ?????","unmapped_fallback","2026-03-01"
"חוות שחרית","חוות שחרית","?? ?????","unmapped_fallback","2026-03-01"
"חומש","חומש","?? ?????","unmapped_fallback","2026-03-01"
"חוות צרידה","חוות צרידה","?? ?????","unmapped_fallback","2026-03-01"
"שני ליבנה","שני ליבנה","?? ?????","unmapped_fallback","2026-03-01"
"חוות מור ואברהם","חוות מור ואברהם","?? ?????","unmapped_fallback","2026-03-01"
"חוות מקנה יהודה","חוות מקנה יהודה","?? ?????","unmapped_fallback","2026-03-01"
"חוות מדבר חבר","חוות מדבר חבר","?? ?????","unmapped_fallback","2026-03-01"
"חוות מלאכי אברהם","חוות מלאכי אברהם","?? ?????","unmapped_fallback","2026-03-01"
"אפקה","אפקה","?? ?????","unmapped_fallback","2026-03-01"
"כפר אלדד","כפר אלדד","?? ?????","unmapped_fallback","2026-03-01"
"מיצד","מיצד","?? ?????","unmapped_fallback","2026-03-01"
"הגבעה הצהובה","הגבעה הצהובה","?? ?????","unmapped_fallback","2026-03-01"
"מצוקי דרגות","מצוקי דרגות","?? ?????","unmapped_fallback","2026-03-01"
"איבי הנחל","איבי הנחל","?? ?????","unmapped_fallback","2026-03-01"
"בית הברכה","בית הברכה","?? ?????","unmapped_fallback","2026-03-01"
"גבעות","גבעות","?? ?????","unmapped_fallback","2026-03-01"
"חוות ארץ האיילים","חוות ארץ האיילים","?? ?????","unmapped_fallback","2026-03-01"
"חוות נחלת אבות","חוות נחלת אבות","?? ?????","unmapped_fallback","2026-03-01"
"חוות עדן","חוות עדן","?? ?????","unmapped_fallback","2026-03-01"
"חוות צאן קדר","חוות צאן קדר","?? ?????","unmapped_fallback","2026-03-01"
"חוות קשואלה","חוות קשואלה","?? ?????","unmapped_fallback","2026-03-01"
"חוות תלם צפון","חוות תלם צפון","?? ?????","unmapped_fallback","2026-03-01"
"עוז וגאון","עוז וגאון","?? ?????","unmapped_fallback","2026-03-01"
"תקוע ד' וה'","תקוע ד' וה'","?? ?????","unmapped_fallback","2026-03-01"
"חוות אשכולות","חוות אשכולות","?? ?????","unmapped_fallback","2026-03-01"
"אלון","אלון","?? ?????","unmapped_fallback","2026-03-01"
"אעירה השחר","אעירה השחר","?? ?????","unmapped_fallback","2026-03-01"
"בית חגלה","בית חגלה","?? ?????","unmapped_fallback","2026-03-01"
"החווה של זוהר","החווה של זוהר","?? ?????","unmapped_fallback","2026-03-01"
"חוות חנינא","חוות חנינא","?? ?????","unmapped_fallback","2026-03-01"
"חוות ינון","חוות ינון","?? ?????","unmapped_fallback","2026-03-01"
"חוות מלכיאל","חוות מלכיאל","?? ?????","unmapped_fallback","2026-03-01"
"חוות מעלה אהוביה","חוות מעלה אהוביה","?? ?????","unmapped_fallback","2026-03-01"
"צומת אלמוג","צומת אלמוג","?? ?????","unmapped_fallback","2026-03-01"
"קדם ערבה","קדם ערבה","?? ?????","unmapped_fallback","2026-03-01"
"בני אדם","בני אדם","?? ?????","unmapped_fallback","2026-03-01"
"חוות בניהו","חוות בניהו","?? ?????","unmapped_fallback","2026-03-01"
"חוות נחלת צבי","חוות נחלת צבי","?? ?????","unmapped_fallback","2026-03-01"
"בר כוכבא","בר כוכבא","?? ?????","unmapped_fallback","2026-03-01"
"חוות אביחי","חוות אביחי","?? ?????","unmapped_fallback","2026-03-01"
"חוות עולם חסד","חוות עולם חסד","?? ?????","unmapped_fallback","2026-03-01"
"חוות יאיר","חוות יאיר","?? ?????","unmapped_fallback","2026-03-01"
"חוות נוף אב""י","חוות נוף אב""י","?? ?????","unmapped_fallback","2026-03-01"
"חוות שוביאל","חוות שוביאל","?? ?????","unmapped_fallback","2026-03-01"
"חוות שחרית","חוות שחרית","?? ?????","unmapped_fallback","2026-03-01"
"חוות צרידה","חוות צרידה","?? ?????","unmapped_fallback","2026-03-01"
"שני ליבנה","שני ליבנה","?? ?????","unmapped_fallback","2026-03-01"
"חוות מור ואברהם","חוות מור ואברהם","?? ?????","unmapped_fallback","2026-03-01"
"חוות מקנה יהודה","חוות מקנה יהודה","?? ?????","unmapped_fallback","2026-03-01"
"אפקה","אפקה","?? ?????","unmapped_fallback","2026-03-01"
"חוות מדבר חבר","חוות מדבר חבר","?? ?????","unmapped_fallback","2026-03-01"
"חוות מלאכי אברהם","חוות מלאכי אברהם","?? ?????","unmapped_fallback","2026-03-01"
"חוות אשכולות","חוות אשכולות","?? ?????","unmapped_fallback","2026-03-01"
"כפר מימון ותושיה","כפר מימון ותושיה","?? ?????","unmapped_fallback","2026-03-01"
"חוף זיקים","חוף זיקים","?? ?????","unmapped_fallback","2026-03-01"
"פנימיית עין כרם","פנימיית עין כרם","?? ?????","unmapped_fallback","2026-03-01"
"אלון","אלון","?? ?????","unmapped_fallback","2026-03-01"
"גבעת אסף","גבעת אסף","?? ?????","unmapped_fallback","2026-03-01"
"מרכז אזורי מגילות","מרכז אזורי מגילות","?? ?????","unmapped_fallback","2026-03-01"
"בני אדם","בני אדם","?? ?????","unmapped_fallback","2026-03-01"
"בר כוכבא","בר כוכבא","?? ?????","unmapped_fallback","2026-03-01"
"חוות בניהו","חוות בניהו","?? ?????","unmapped_fallback","2026-03-01"
"חוות הרועה העברי","חוות הרועה העברי","?? ?????","unmapped_fallback","2026-03-01"
"חוות חנינא","חוות חנינא","?? ?????","unmapped_fallback","2026-03-01"
"חוות ינון","חוות ינון","?? ?????","unmapped_fallback","2026-03-01"
"חוות נחלת צבי","חוות נחלת צבי","?? ?????","unmapped_fallback","2026-03-01"
"חוות עדן","חוות עדן","?? ?????","unmapped_fallback","2026-03-01"
"חוות צאן קדר","חוות צאן קדר","?? ?????","unmapped_fallback","2026-03-01"
"מגרון","מגרון","?? ?????","unmapped_fallback","2026-03-01"
"נופי פרת","נופי פרת","?? ?????","unmapped_fallback","2026-03-01"
"צומת אלמוג","צומת אלמוג","?? ?????","unmapped_fallback","2026-03-01"
"קדם ערבה","קדם ערבה","?? ?????","unmapped_fallback","2026-03-01"
"בית חגלה","בית חגלה","?? ?????","unmapped_fallback","2026-03-01"
"החווה של זוהר","החווה של זוהר","?? ?????","unmapped_fallback","2026-03-01"
"חוות מלכיאל","חוות מלכיאל","?? ?????","unmapped_fallback","2026-03-01"
"אעירה השחר","אעירה השחר","?? ?????","unmapped_fallback","2026-03-01"
"חוות מגנזי","חוות מגנזי","?? ?????","unmapped_fallback","2026-03-01"
"חוות מעלה אהוביה","חוות מעלה אהוביה","?? ?????","unmapped_fallback","2026-03-01"
"חוות נווה צוף","חוות נווה צוף","?? ?????","unmapped_fallback","2026-03-01"
"חוות עולם חסד","חוות עולם חסד","?? ?????","unmapped_fallback","2026-03-01"
"חוות ראש תאנה","חוות ראש תאנה","?? ?????","unmapped_fallback","2026-03-01"
"יבוא דודי","יבוא דודי","?? ?????","unmapped_fallback","2026-03-01"
"מכינת אלישע","מכינת אלישע","?? ?????","unmapped_fallback","2026-03-01"
"גבעות","גבעות","?? ?????","unmapped_fallback","2026-03-01"
"חוות ארץ האיילים","חוות ארץ האיילים","?? ?????","unmapped_fallback","2026-03-01"
"חוות קשואלה","חוות קשואלה","?? ?????","unmapped_fallback","2026-03-01"
"בית ספר שדה מירון","בית ספר שדה מירון","?? ?????","unmapped_fallback","2026-03-01"
"הר חלוץ","הר חלוץ","?? ?????","unmapped_fallback","2026-03-01"
"חמדת ימים","חמדת ימים","?? ?????","unmapped_fallback","2026-03-01"
"צורית גילון","צורית גילון","?? ?????","unmapped_fallback","2026-03-01"
"לוטם וחמדון","לוטם וחמדון","?? ?????","unmapped_fallback","2026-03-01"
"מע'אר","מע'אר","?? ?????","unmapped_fallback","2026-03-01"
"מרכז אזורי מרום גליל","מרכז אזורי מרום גליל","?? ?????","unmapped_fallback","2026-03-01"
"קדיתא","קדיתא","?? ?????","unmapped_fallback","2026-03-01"
"בוקעתא","בוקעתא","?? ?????","unmapped_fallback","2026-03-02"
"גבעת וולפסון","גבעת וולפסון","?? ?????","unmapped_fallback","2026-03-02"
"בית העלמין החדש עכו","בית העלמין החדש עכו","?? ?????","unmapped_fallback","2026-03-02"
"לב החולה","לב החולה","?? ?????","unmapped_fallback","2026-03-02"
"בוקעתא","בוקעתא","?? ?????","unmapped_fallback","2026-03-02"
"חוות מגנזי","חוות מגנזי","?? ?????","unmapped_fallback","2026-03-02"
"חוות עולם חסד","חוות עולם חסד","?? ?????","unmapped_fallback","2026-03-02"
"יבוא דודי","יבוא דודי","?? ?????","unmapped_fallback","2026-03-02"
"חוות נווה צוף","חוות נווה צוף","?? ?????","unmapped_fallback","2026-03-02"
"פנימיית עין כרם","פנימיית עין כרם","?? ?????","unmapped_fallback","2026-03-02"
"אלון","אלון","?? ?????","unmapped_fallback","2026-03-02"
"גבעת אסף","גבעת אסף","?? ?????","unmapped_fallback","2026-03-02"
"אעירה השחר","אעירה השחר","?? ?????","unmapped_fallback","2026-03-02"
"בית חגלה","בית חגלה","?? ?????","unmapped_fallback","2026-03-02"
"בני אדם","בני אדם","?? ?????","unmapped_fallback","2026-03-02"
"החווה של זוהר","החווה של זוהר","?? ?????","unmapped_fallback","2026-03-02"
"חוות בניהו","חוות בניהו","?? ?????","unmapped_fallback","2026-03-02"
"חוות הרועה העברי","חוות הרועה העברי","?? ?????","unmapped_fallback","2026-03-02"
"חוות חנינא","חוות חנינא","?? ?????","unmapped_fallback","2026-03-02"
"חוות ינון","חוות ינון","?? ?????","unmapped_fallback","2026-03-02"
"חוות מלכיאל","חוות מלכיאל","?? ?????","unmapped_fallback","2026-03-02"
"חוות מעלה אהוביה","חוות מעלה אהוביה","?? ?????","unmapped_fallback","2026-03-02"
"חוות נחלת צבי","חוות נחלת צבי","?? ?????","unmapped_fallback","2026-03-02"
"חוות צאן קדר","חוות צאן קדר","?? ?????","unmapped_fallback","2026-03-02"
"חוות ראש תאנה","חוות ראש תאנה","?? ?????","unmapped_fallback","2026-03-02"
"מגרון","מגרון","?? ?????","unmapped_fallback","2026-03-02"
"נופי פרת","נופי פרת","?? ?????","unmapped_fallback","2026-03-02"
"צומת אלמוג","צומת אלמוג","?? ?????","unmapped_fallback","2026-03-02"
"קדם ערבה","קדם ערבה","?? ?????","unmapped_fallback","2026-03-02"
"הגבעה הצהובה","הגבעה הצהובה","?? ?????","unmapped_fallback","2026-03-02"
"בר כוכבא","בר כוכבא","?? ?????","unmapped_fallback","2026-03-02"
"גבעות","גבעות","?? ?????","unmapped_fallback","2026-03-02"
"חוות ארץ האיילים","חוות ארץ האיילים","?? ?????","unmapped_fallback","2026-03-02"
"חוות עדן","חוות עדן","?? ?????","unmapped_fallback","2026-03-02"
"חוות קשואלה","חוות קשואלה","?? ?????","unmapped_fallback","2026-03-02"
"עוז וגאון","עוז וגאון","?? ?????","unmapped_fallback","2026-03-02"
"שני ליבנה","שני ליבנה","?? ?????","unmapped_fallback","2026-03-02"
"חוות מור ואברהם","חוות מור ואברהם","?? ?????","unmapped_fallback","2026-03-02"
"חוות מקנה יהודה","חוות מקנה יהודה","?? ?????","unmapped_fallback","2026-03-02"
"חוות אשכולות","חוות אשכולות","?? ?????","unmapped_fallback","2026-03-02"
"חוות הרשאש","חוות הרשאש","?? ?????","unmapped_fallback","2026-03-02"
"בית הברכה","בית הברכה","?? ?????","unmapped_fallback","2026-03-02"
"חוות מדבר חבר","חוות מדבר חבר","?? ?????","unmapped_fallback","2026-03-02"
"חוות מלאכי אברהם","חוות מלאכי אברהם","?? ?????","unmapped_fallback","2026-03-02"
"אפקה","אפקה","?? ?????","unmapped_fallback","2026-03-02"
"חוות אביחי","חוות אביחי","?? ?????","unmapped_fallback","2026-03-02"
"חוות נוף אב""י","חוות נוף אב""י","?? ?????","unmapped_fallback","2026-03-02"
"חוות צרידה","חוות צרידה","?? ?????","unmapped_fallback","2026-03-02"
"חוות שוביאל","חוות שוביאל","?? ?????","unmapped_fallback","2026-03-02"
"חוות שחרית","חוות שחרית","?? ?????","unmapped_fallback","2026-03-02"
"מכינת אלישע","מכינת אלישע","?? ?????","unmapped_fallback","2026-03-02"
"חוות יאיר","חוות יאיר","?? ?????","unmapped_fallback","2026-03-02"
"החווה של יאיא","החווה של יאיא","?? ?????","unmapped_fallback","2026-03-02"
"חוות גנות","חוות גנות","?? ?????","unmapped_fallback","2026-03-02"
"חוות מגדלים","חוות מגדלים","?? ?????","unmapped_fallback","2026-03-02"
"חוות נחל שילה","חוות נחל שילה","?? ?????","unmapped_fallback","2026-03-02"
"חוות פריאל","חוות פריאל","?? ?????","unmapped_fallback","2026-03-02"
"מיצד","מיצד","?? ?????","unmapped_fallback","2026-03-02"
"חוות נחלת אבות","חוות נחלת אבות","?? ?????","unmapped_fallback","2026-03-02"
"חוות תלם צפון","חוות תלם צפון","?? ?????","unmapped_fallback","2026-03-02"
"איבי הנחל","איבי הנחל","?? ?????","unmapped_fallback","2026-03-02"
"הר ברכה","הר ברכה","?? ?????","unmapped_fallback","2026-03-02"
"חוות שדה","חוות שדה","?? ?????","unmapped_fallback","2026-03-02"
"כפר אלדד","כפר אלדד","?? ?????","unmapped_fallback","2026-03-02"
"מצוקי דרגות","מצוקי דרגות","?? ?????","unmapped_fallback","2026-03-02"
"תקוע ד' וה'","תקוע ד' וה'","?? ?????","unmapped_fallback","2026-03-02"
"חוות אלחי","חוות אלחי","?? ?????","unmapped_fallback","2026-03-02"
"חומש","חומש","?? ?????","unmapped_fallback","2026-03-02"
"גבעת פורת יוסף","גבעת פורת יוסף","?? ?????","unmapped_fallback","2026-03-02"
"לב החולה","לב החולה","?? ?????","unmapped_fallback","2026-03-02"
"אלון","אלון","?? ?????","unmapped_fallback","2026-03-02"
"מרכז אזורי מגילות","מרכז אזורי מגילות","?? ?????","unmapped_fallback","2026-03-02"
"בית חגלה","בית חגלה","?? ?????","unmapped_fallback","2026-03-02"
"חוות הרועה העברי","חוות הרועה העברי","?? ?????","unmapped_fallback","2026-03-02"
"חוות צאן קדר","חוות צאן קדר","?? ?????","unmapped_fallback","2026-03-02"
"נופי פרת","נופי פרת","?? ?????","unmapped_fallback","2026-03-02"
"צומת אלמוג","צומת אלמוג","?? ?????","unmapped_fallback","2026-03-02"
"קדם ערבה","קדם ערבה","?? ?????","unmapped_fallback","2026-03-02"
"פנימיית עין כרם","פנימיית עין כרם","?? ?????","unmapped_fallback","2026-03-02"
"גבעת אסף","גבעת אסף","?? ?????","unmapped_fallback","2026-03-02"
"בני אדם","בני אדם","?? ?????","unmapped_fallback","2026-03-02"
"בר כוכבא","בר כוכבא","?? ?????","unmapped_fallback","2026-03-02"
"גבעות","גבעות","?? ?????","unmapped_fallback","2026-03-02"
"חוות בניהו","חוות בניהו","?? ?????","unmapped_fallback","2026-03-02"
"חוות חנינא","חוות חנינא","?? ?????","unmapped_fallback","2026-03-02"
"חוות ינון","חוות ינון","?? ?????","unmapped_fallback","2026-03-02"
"חוות נחלת צבי","חוות נחלת צבי","?? ?????","unmapped_fallback","2026-03-02"
"חוות עדן","חוות עדן","?? ?????","unmapped_fallback","2026-03-02"
"חוות קשואלה","חוות קשואלה","?? ?????","unmapped_fallback","2026-03-02"
"מגרון","מגרון","?? ?????","unmapped_fallback","2026-03-02"
"חוות ארץ האיילים","חוות ארץ האיילים","?? ?????","unmapped_fallback","2026-03-02"
"כפר אלדד","כפר אלדד","?? ?????","unmapped_fallback","2026-03-02"
"הגבעה הצהובה","הגבעה הצהובה","?? ?????","unmapped_fallback","2026-03-02"
"עוז וגאון","עוז וגאון","?? ?????","unmapped_fallback","2026-03-02"
"תקוע ד' וה'","תקוע ד' וה'","?? ?????","unmapped_fallback","2026-03-02"
"בית הברכה","בית הברכה","?? ?????","unmapped_fallback","2026-03-02"
"אעירה השחר","אעירה השחר","?? ?????","unmapped_fallback","2026-03-02"
"החווה של זוהר","החווה של זוהר","?? ?????","unmapped_fallback","2026-03-02"
"חוות מלכיאל","חוות מלכיאל","?? ?????","unmapped_fallback","2026-03-02"
"חוות מעלה אהוביה","חוות מעלה אהוביה","?? ?????","unmapped_fallback","2026-03-02"
"שני ליבנה","שני ליבנה","?? ?????","unmapped_fallback","2026-03-02"
"חוות מור ואברהם","חוות מור ואברהם","?? ?????","unmapped_fallback","2026-03-02"
"חוות מקנה יהודה","חוות מקנה יהודה","?? ?????","unmapped_fallback","2026-03-02"
"חוות אשכולות","חוות אשכולות","?? ?????","unmapped_fallback","2026-03-02"
"כפר מימון ותושיה","כפר מימון ותושיה","?? ?????","unmapped_fallback","2026-03-02"
"אפקה","אפקה","?? ?????","unmapped_fallback","2026-03-02"
"חוות תלם צפון","חוות תלם צפון","?? ?????","unmapped_fallback","2026-03-02"
"חוות מדבר חבר","חוות מדבר חבר","?? ?????","unmapped_fallback","2026-03-02"
"חוות מלאכי אברהם","חוות מלאכי אברהם","?? ?????","unmapped_fallback","2026-03-02"
"חוות אביחי","חוות אביחי","?? ?????","unmapped_fallback","2026-03-02"
"חוות מגנזי","חוות מגנזי","?? ?????","unmapped_fallback","2026-03-02"
"חוות עולם חסד","חוות עולם חסד","?? ?????","unmapped_fallback","2026-03-02"
"חוות צרידה","חוות צרידה","?? ?????","unmapped_fallback","2026-03-02"
"חוות יאיר","חוות יאיר","?? ?????","unmapped_fallback","2026-03-02"
"חוות נוף אב""י","חוות נוף אב""י","?? ?????","unmapped_fallback","2026-03-02"
"חוות שוביאל","חוות שוביאל","?? ?????","unmapped_fallback","2026-03-02"
"חוות שחרית","חוות שחרית","?? ?????","unmapped_fallback","2026-03-02"
"יבוא דודי","יבוא דודי","?? ?????","unmapped_fallback","2026-03-02"
"מכינת אלישע","מכינת אלישע","?? ?????","unmapped_fallback","2026-03-02"
"חוות נווה צוף","חוות נווה צוף","?? ?????","unmapped_fallback","2026-03-02"
"חוות נחל שילה","חוות נחל שילה","?? ?????","unmapped_fallback","2026-03-02"
"כפר אלדד","כפר אלדד","?? ?????","unmapped_fallback","2026-03-02"
"מיצד","מיצד","?? ?????","unmapped_fallback","2026-03-02"
"מצוקי דרגות","מצוקי דרגות","?? ?????","unmapped_fallback","2026-03-02"
"מרכז אזורי מגילות","מרכז אזורי מגילות","?? ?????","unmapped_fallback","2026-03-02"
"איבי הנחל","איבי הנחל","?? ?????","unmapped_fallback","2026-03-02"
"חוות נחלת אבות","חוות נחלת אבות","?? ?????","unmapped_fallback","2026-03-02"
"חוות צאן קדר","חוות צאן קדר","?? ?????","unmapped_fallback","2026-03-02"
"קדם ערבה","קדם ערבה","?? ?????","unmapped_fallback","2026-03-02"
"תקוע ד' וה'","תקוע ד' וה'","?? ?????","unmapped_fallback","2026-03-02"
"צומת אלמוג","צומת אלמוג","?? ?????","unmapped_fallback","2026-03-02"
"פנימיית עין כרם","פנימיית עין כרם","?? ?????","unmapped_fallback","2026-03-02"
"הר ברכה","הר ברכה","?? ?????","unmapped_fallback","2026-03-02"
"גבעת אסף","גבעת אסף","?? ?????","unmapped_fallback","2026-03-02"
"בתרונות","בתרונות","?? ?????","unmapped_fallback","2026-03-02"
"גבעת פורת יוסף","גבעת פורת יוסף","?? ?????","unmapped_fallback","2026-03-02"
"החווה של אורי כהן","החווה של אורי כהן","?? ?????","unmapped_fallback","2026-03-02"
"החווה של יאיא","החווה של יאיא","?? ?????","unmapped_fallback","2026-03-02"
"החווה של מנחם","החווה של מנחם","?? ?????","unmapped_fallback","2026-03-02"
"החווה של עשהאל","החווה של עשהאל","?? ?????","unmapped_fallback","2026-03-02"
"חוות גנות","חוות גנות","?? ?????","unmapped_fallback","2026-03-02"
"חוות יד השומר","חוות יד השומר","?? ?????","unmapped_fallback","2026-03-02"
"חוות מגדלים","חוות מגדלים","?? ?????","unmapped_fallback","2026-03-02"
"חוות מרום שמואל","חוות מרום שמואל","?? ?????","unmapped_fallback","2026-03-02"
"חוות עמיאל","חוות עמיאל","?? ?????","unmapped_fallback","2026-03-02"
"חוות שדה","חוות שדה","?? ?????","unmapped_fallback","2026-03-02"
"בני אדם","בני אדם","?? ?????","unmapped_fallback","2026-03-02"
"חוות בניהו","חוות בניהו","?? ?????","unmapped_fallback","2026-03-02"
"חוות חנינא","חוות חנינא","?? ?????","unmapped_fallback","2026-03-02"
"חוות ינון","חוות ינון","?? ?????","unmapped_fallback","2026-03-02"
"חוות מגנזי","חוות מגנזי","?? ?????","unmapped_fallback","2026-03-02"
"חוות נחלת צבי","חוות נחלת צבי","?? ?????","unmapped_fallback","2026-03-02"
"חוות עולם חסד","חוות עולם חסד","?? ?????","unmapped_fallback","2026-03-02"
"יבוא דודי","יבוא דודי","?? ?????","unmapped_fallback","2026-03-02"
"מגרון","מגרון","?? ?????","unmapped_fallback","2026-03-02"
"חוות הרשאש","חוות הרשאש","?? ?????","unmapped_fallback","2026-03-02"
"חוות נווה צוף","חוות נווה צוף","?? ?????","unmapped_fallback","2026-03-02"
"חוות נוף אב""י","חוות נוף אב""י","?? ?????","unmapped_fallback","2026-03-02"
"חוות נחל שילה","חוות נחל שילה","?? ?????","unmapped_fallback","2026-03-02"
"חוות פריאל","חוות פריאל","?? ?????","unmapped_fallback","2026-03-02"
"חוות צרידה","חוות צרידה","?? ?????","unmapped_fallback","2026-03-02"
"חוות ראש תאנה","חוות ראש תאנה","?? ?????","unmapped_fallback","2026-03-02"
"חוות שוביאל","חוות שוביאל","?? ?????","unmapped_fallback","2026-03-02"
"מכינת אלישע","מכינת אלישע","?? ?????","unmapped_fallback","2026-03-02"
"בית חגלה","בית חגלה","?? ?????","unmapped_fallback","2026-03-02"
"חוות אביחי","חוות אביחי","?? ?????","unmapped_fallback","2026-03-02"
"חוות מעלה אהוביה","חוות מעלה אהוביה","?? ?????","unmapped_fallback","2026-03-02"
"אעירה השחר","אעירה השחר","?? ?????","unmapped_fallback","2026-03-02"
"חוות שחרית","חוות שחרית","?? ?????","unmapped_fallback","2026-03-02"
"אלון","אלון","?? ?????","unmapped_fallback","2026-03-02"
"בר כוכבא","בר כוכבא","?? ?????","unmapped_fallback","2026-03-02"
"החווה של זוהר","החווה של זוהר","?? ?????","unmapped_fallback","2026-03-02"
"חוות הרועה העברי","חוות הרועה העברי","?? ?????","unmapped_fallback","2026-03-02"
"חוות מלכיאל","חוות מלכיאל","?? ?????","unmapped_fallback","2026-03-02"
"נופי פרת","נופי פרת","?? ?????","unmapped_fallback","2026-03-02"
"חוות עדן","חוות עדן","?? ?????","unmapped_fallback","2026-03-02"
"שני ליבנה","שני ליבנה","?? ?????","unmapped_fallback","2026-03-02"
"חוות אשכולות","חוות אשכולות","?? ?????","unmapped_fallback","2026-03-02"
"אפקה","אפקה","?? ?????","unmapped_fallback","2026-03-02"
"חוות מור ואברהם","חוות מור ואברהם","?? ?????","unmapped_fallback","2026-03-02"
"חוות מקנה יהודה","חוות מקנה יהודה","?? ?????","unmapped_fallback","2026-03-02"
"חוות מדבר חבר","חוות מדבר חבר","?? ?????","unmapped_fallback","2026-03-02"
"חוות מלאכי אברהם","חוות מלאכי אברהם","?? ?????","unmapped_fallback","2026-03-02"
"מצוקי דרגות","מצוקי דרגות","?? ?????","unmapped_fallback","2026-03-02"
"חוות נחלת אבות","חוות נחלת אבות","?? ?????","unmapped_fallback","2026-03-02"
"חוות מלאכי אברהם","חוות מלאכי אברהם","?? ?????","unmapped_fallback","2026-03-02"
"אזור תעשייה אלון התבור","אזור תעשייה אלון התבור","?? ?????","unmapped_fallback","2026-03-02"
"גניגר","גניגר","?? ?????","unmapped_fallback","2026-03-02"
"טייבה בגלבוע","טייבה בגלבוע","?? ?????","unmapped_fallback","2026-03-02"
"טמרה בגלבוע","טמרה בגלבוע","?? ?????","unmapped_fallback","2026-03-02"
"מרחביה מושב","מרחביה מושב","?? ?????","unmapped_fallback","2026-03-02"
"מרחביה קיבוץ","מרחביה קיבוץ","?? ?????","unmapped_fallback","2026-03-02"
"אזור תעשייה קדמת גליל","אזור תעשייה קדמת גליל","?? ?????","unmapped_fallback","2026-03-02"
"אתר ההנצחה גולני","אתר ההנצחה גולני","?? ?????","unmapped_fallback","2026-03-02"
"בית ירח","בית ירח","?? ?????","unmapped_fallback","2026-03-02"
"בני יהודה וגבעת יואב","בני יהודה וגבעת יואב","?? ?????","unmapped_fallback","2026-03-02"
"דבוריה","דבוריה","?? ?????","unmapped_fallback","2026-03-02"
"כינרת מושבה","כינרת מושבה","?? ?????","unmapped_fallback","2026-03-02"
"כינרת קבוצה","כינרת קבוצה","?? ?????","unmapped_fallback","2026-03-02"
"פוריה כפר עבודה","פוריה כפר עבודה","?? ?????","unmapped_fallback","2026-03-02"
"פוריה נווה עובד","פוריה נווה עובד","?? ?????","unmapped_fallback","2026-03-02"
"פוריה עילית","פוריה עילית","?? ?????","unmapped_fallback","2026-03-02"
"שיבלי אום אלג'נם","שיבלי אום אלג'נם","?? ?????","unmapped_fallback","2026-03-02"
"תחנת רכבת כפר ברוך","תחנת רכבת כפר ברוך","?? ?????","unmapped_fallback","2026-03-02"
"אזור תעשייה בני יהודה","אזור תעשייה בני יהודה","?? ?????","unmapped_fallback","2026-03-02"
"חג'אג'רה","חג'אג'רה","?? ?????","unmapped_fallback","2026-03-02"
"ישובי אומן","ישובי אומן","?? ?????","unmapped_fallback","2026-03-02"
"ישובי יעל","ישובי יעל","?? ?????","unmapped_fallback","2026-03-02"
"מרכז חבר","מרכז חבר","?? ?????","unmapped_fallback","2026-03-02"
"מתחם סקי גלבוע","מתחם סקי גלבוע","?? ?????","unmapped_fallback","2026-03-02"
"סנדלה","סנדלה","?? ?????","unmapped_fallback","2026-03-02"
"קבוצת גבע","קבוצת גבע","?? ?????","unmapped_fallback","2026-03-02"
"תחנת רכבת כפר יהושוע","תחנת רכבת כפר יהושוע","?? ?????","unmapped_fallback","2026-03-02"
"בית אלפא וחפציבה","בית אלפא וחפציבה","?? ?????","unmapped_fallback","2026-03-02"
"גני חוגה","גני חוגה","?? ?????","unmapped_fallback","2026-03-02"
"יקנעם המושבה והזורע","יקנעם המושבה והזורע","?? ?????","unmapped_fallback","2026-03-02"
"קיבוץ מגידו","קיבוץ מגידו","?? ?????","unmapped_fallback","2026-03-02"
"כעביה טבאש","כעביה טבאש","?? ?????","unmapped_fallback","2026-03-02"
"סואעד חמירה","סואעד חמירה","?? ?????","unmapped_fallback","2026-03-02"
"בית סוהר קישון","בית סוהר קישון","?? ?????","unmapped_fallback","2026-03-02"
"בית סוהר צלמון","בית סוהר צלמון","?? ?????","unmapped_fallback","2026-03-02"
"הררית יחד","הררית יחד","?? ?????","unmapped_fallback","2026-03-02"
"לוטם וחמדון","לוטם וחמדון","?? ?????","unmapped_fallback","2026-03-02"
"בית עלמין תל רגב","בית עלמין תל רגב","?? ?????","unmapped_fallback","2026-03-02"
"כפר ח'וואלד","כפר ח'וואלד","?? ?????","unmapped_fallback","2026-03-02"
"נוה איתן","נוה איתן","?? ?????","unmapped_fallback","2026-03-02"
"חוות צרידה","חוות צרידה","?? ?????","unmapped_fallback","2026-03-02"
"חוות מגנזי","חוות מגנזי","?? ?????","unmapped_fallback","2026-03-02"
"חוות נווה צוף","חוות נווה צוף","?? ?????","unmapped_fallback","2026-03-02"
"חוות נוף אב""י","חוות נוף אב""י","?? ?????","unmapped_fallback","2026-03-02"
"חוות עולם חסד","חוות עולם חסד","?? ?????","unmapped_fallback","2026-03-02"
"חוות שוביאל","חוות שוביאל","?? ?????","unmapped_fallback","2026-03-02"
"מכינת אלישע","מכינת אלישע","?? ?????","unmapped_fallback","2026-03-02"
"חוות יאיר","חוות יאיר","?? ?????","unmapped_fallback","2026-03-02"
"חוות אביחי","חוות אביחי","?? ?????","unmapped_fallback","2026-03-02"
"חוות שחרית","חוות שחרית","?? ?????","unmapped_fallback","2026-03-02"
"הר חלוץ","הר חלוץ","?? ?????","unmapped_fallback","2026-03-03"
"כעביה טבאש","כעביה טבאש","?? ?????","unmapped_fallback","2026-03-03"
"צורית גילון","צורית גילון","?? ?????","unmapped_fallback","2026-03-03"
"בית העלמין החדש עכו","בית העלמין החדש עכו","?? ?????","unmapped_fallback","2026-03-03"
"בית סוהר צלמון","בית סוהר צלמון","?? ?????","unmapped_fallback","2026-03-03"
"הררית יחד","הררית יחד","?? ?????","unmapped_fallback","2026-03-03"
"לוטם וחמדון","לוטם וחמדון","?? ?????","unmapped_fallback","2026-03-03"
"מע'אר","מע'אר","?? ?????","unmapped_fallback","2026-03-03"
"בית עלמין תל רגב","בית עלמין תל רגב","?? ?????","unmapped_fallback","2026-03-03"
"חמדת ימים","חמדת ימים","?? ?????","unmapped_fallback","2026-03-03"
"כפר ח'וואלד","כפר ח'וואלד","?? ?????","unmapped_fallback","2026-03-03"
"סואעד חמירה","סואעד חמירה","?? ?????","unmapped_fallback","2026-03-03"
"חג'אג'רה","חג'אג'רה","?? ?????","unmapped_fallback","2026-03-03"
"בית סוהר קישון","בית סוהר קישון","?? ?????","unmapped_fallback","2026-03-03"
"גבעת וולפסון","גבעת וולפסון","?? ?????","unmapped_fallback","2026-03-03"
"כורזים ורד הגליל","כורזים ורד הגליל","?? ?????","unmapped_fallback","2026-03-03"
"אתר ההנצחה גולני","אתר ההנצחה גולני","?? ?????","unmapped_fallback","2026-03-03"
"בית ספר שדה מירון","בית ספר שדה מירון","?? ?????","unmapped_fallback","2026-03-03"
"מרכז אזורי מרום גליל","מרכז אזורי מרום גליל","?? ?????","unmapped_fallback","2026-03-03"
"מרכז אזורי רמת כורזים","מרכז אזורי רמת כורזים","?? ?????","unmapped_fallback","2026-03-03"
"אזור תעשייה קדמת גליל","אזור תעשייה קדמת גליל","?? ?????","unmapped_fallback","2026-03-03"
"קדיתא","קדיתא","?? ?????","unmapped_fallback","2026-03-03"
"מנחת מחניים","מנחת מחניים","?? ?????","unmapped_fallback","2026-03-03"
"לב החולה","לב החולה","?? ?????","unmapped_fallback","2026-03-03"
"דבוריה","דבוריה","?? ?????","unmapped_fallback","2026-03-03"
"שיבלי אום אלג'נם","שיבלי אום אלג'נם","?? ?????","unmapped_fallback","2026-03-03"
"פוריה נווה עובד","פוריה נווה עובד","?? ?????","unmapped_fallback","2026-03-03"
"בית העלמין החדש נהריה","בית העלמין החדש נהריה","?? ?????","unmapped_fallback","2026-03-03"
"בני יהודה וגבעת יואב","בני יהודה וגבעת יואב","?? ?????","unmapped_fallback","2026-03-03"
"אזור תעשייה בני יהודה","אזור תעשייה בני יהודה","?? ?????","unmapped_fallback","2026-03-03"
"כינרת מושבה","כינרת מושבה","?? ?????","unmapped_fallback","2026-03-03"
"פוריה כפר עבודה","פוריה כפר עבודה","?? ?????","unmapped_fallback","2026-03-03"
"פוריה עילית","פוריה עילית","?? ?????","unmapped_fallback","2026-03-03"
"בית ירח","בית ירח","?? ?????","unmapped_fallback","2026-03-03"
"כינרת קבוצה","כינרת קבוצה","?? ?????","unmapped_fallback","2026-03-03"
"כעביה טבאש","כעביה טבאש","?? ?????","unmapped_fallback","2026-03-03"
"הר חלוץ","הר חלוץ","?? ?????","unmapped_fallback","2026-03-03"
"צורית גילון","צורית גילון","?? ?????","unmapped_fallback","2026-03-03"
"בית העלמין החדש עכו","בית העלמין החדש עכו","?? ?????","unmapped_fallback","2026-03-03"
"בית סוהר צלמון","בית סוהר צלמון","?? ?????","unmapped_fallback","2026-03-03"
"הררית יחד","הררית יחד","?? ?????","unmapped_fallback","2026-03-03"
"לוטם וחמדון","לוטם וחמדון","?? ?????","unmapped_fallback","2026-03-03"
"מע'אר","מע'אר","?? ?????","unmapped_fallback","2026-03-03"
"בית עלמין תל רגב","בית עלמין תל רגב","?? ?????","unmapped_fallback","2026-03-03"
"חמדת ימים","חמדת ימים","?? ?????","unmapped_fallback","2026-03-03"
"כפר ח'וואלד","כפר ח'וואלד","?? ?????","unmapped_fallback","2026-03-03"
"סואעד חמירה","סואעד חמירה","?? ?????","unmapped_fallback","2026-03-03"
"גבעת וולפסון","גבעת וולפסון","?? ?????","unmapped_fallback","2026-03-03"
"בית סוהר קישון","בית סוהר קישון","?? ?????","unmapped_fallback","2026-03-03"
"כורזים ורד הגליל","כורזים ורד הגליל","?? ?????","unmapped_fallback","2026-03-03"
"אתר ההנצחה גולני","אתר ההנצחה גולני","?? ?????","unmapped_fallback","2026-03-03"
"בית ספר שדה מירון","בית ספר שדה מירון","?? ?????","unmapped_fallback","2026-03-03"
"מרכז אזורי מרום גליל","מרכז אזורי מרום גליל","?? ?????","unmapped_fallback","2026-03-03"
"מרכז אזורי רמת כורזים","מרכז אזורי רמת כורזים","?? ?????","unmapped_fallback","2026-03-03"
"אזור תעשייה קדמת גליל","אזור תעשייה קדמת גליל","?? ?????","unmapped_fallback","2026-03-03"
"קדיתא","קדיתא","?? ?????","unmapped_fallback","2026-03-03"
"מנחת מחניים","מנחת מחניים","?? ?????","unmapped_fallback","2026-03-03"
"שני ליבנה","שני ליבנה","?? ?????","unmapped_fallback","2026-03-03"
"חוות מור ואברהם","חוות מור ואברהם","?? ?????","unmapped_fallback","2026-03-03"
"חוות מקנה יהודה","חוות מקנה יהודה","?? ?????","unmapped_fallback","2026-03-03"
"חג'אג'רה","חג'אג'רה","?? ?????","unmapped_fallback","2026-03-03"
"תחנת רכבת כפר יהושוע","תחנת רכבת כפר יהושוע","?? ?????","unmapped_fallback","2026-03-03"
"מרכז מיר''ב","מרכז מיר''ב","?? ?????","unmapped_fallback","2026-03-03"
"חוות יאיר","חוות יאיר","?? ?????","unmapped_fallback","2026-03-03"
"חוות אביחי","חוות אביחי","?? ?????","unmapped_fallback","2026-03-03"
"חוות צרידה","חוות צרידה","?? ?????","unmapped_fallback","2026-03-03"
"חוות שחרית","חוות שחרית","?? ?????","unmapped_fallback","2026-03-03"
"חוות מגנזי","חוות מגנזי","?? ?????","unmapped_fallback","2026-03-03"
"חוות עולם חסד","חוות עולם חסד","?? ?????","unmapped_fallback","2026-03-03"
"מכינת אלישע","מכינת אלישע","?? ?????","unmapped_fallback","2026-03-03"
"בית העלמין החדש נהריה","בית העלמין החדש נהריה","?? ?????","unmapped_fallback","2026-03-03"
"אזור תעשייה אלון התבור","אזור תעשייה אלון התבור","?? ?????","unmapped_fallback","2026-03-03"
"גניגר","גניגר","?? ?????","unmapped_fallback","2026-03-03"
"דבוריה","דבוריה","?? ?????","unmapped_fallback","2026-03-03"
"שיבלי אום אלג'נם","שיבלי אום אלג'נם","?? ?????","unmapped_fallback","2026-03-03"
"יקנעם המושבה והזורע","יקנעם המושבה והזורע","?? ?????","unmapped_fallback","2026-03-03"
"תחנת רכבת כפר ברוך","תחנת רכבת כפר ברוך","?? ?????","unmapped_fallback","2026-03-03"
"חוות שוביאל","חוות שוביאל","?? ?????","unmapped_fallback","2026-03-03"
"חוות נוף אב""י","חוות נוף אב""י","?? ?????","unmapped_fallback","2026-03-03"
"חוות נווה צוף","חוות נווה צוף","?? ?????","unmapped_fallback","2026-03-03"
"אמץ","אמץ","?? ?????","unmapped_fallback","2026-03-03"
"בית חרות","בית חרות","?? ?????","unmapped_fallback","2026-03-03"
"גבעת חיים איחוד","גבעת חיים איחוד","?? ?????","unmapped_fallback","2026-03-03"
"גבעת חיים מאוחד","גבעת חיים מאוחד","?? ?????","unmapped_fallback","2026-03-03"
"חבצלת השרון וצוקי ים","חבצלת השרון וצוקי ים","?? ?????","unmapped_fallback","2026-03-03"
"יבוא דודי","יבוא דודי","?? ?????","unmapped_fallback","2026-03-03"
"בני יהודה וגבעת יואב","בני יהודה וגבעת יואב","?? ?????","unmapped_fallback","2026-03-03"
"אזור תעשייה בני יהודה","אזור תעשייה בני יהודה","?? ?????","unmapped_fallback","2026-03-03"
"בית ירח","בית ירח","?? ?????","unmapped_fallback","2026-03-03"
"כינרת מושבה","כינרת מושבה","?? ?????","unmapped_fallback","2026-03-03"
"כינרת קבוצה","כינרת קבוצה","?? ?????","unmapped_fallback","2026-03-03"
"פוריה כפר עבודה","פוריה כפר עבודה","?? ?????","unmapped_fallback","2026-03-03"
"פוריה נווה עובד","פוריה נווה עובד","?? ?????","unmapped_fallback","2026-03-03"
"פוריה עילית","פוריה עילית","?? ?????","unmapped_fallback","2026-03-03"
"באקה אל גרבייה","באקה אל גרבייה","?? ?????","unmapped_fallback","2026-03-03"
"אום אל קוטוף","אום אל קוטוף","?? ?????","unmapped_fallback","2026-03-03"
"ברטעה","ברטעה","?? ?????","unmapped_fallback","2026-03-03"
"מתחם שביל התפוזים","מתחם שביל התפוזים","?? ?????","unmapped_fallback","2026-03-03"
"עין אל סהלה","עין אל סהלה","?? ?????","unmapped_fallback","2026-03-03"
"חוות אביה","חוות אביה","?? ?????","unmapped_fallback","2026-03-03"
"חוות אל נווה","חוות אל נווה","?? ?????","unmapped_fallback","2026-03-03"
"חרמש דרום","חרמש דרום","?? ?????","unmapped_fallback","2026-03-03"
"כעביה טבאש","כעביה טבאש","?? ?????","unmapped_fallback","2026-03-03"
"צורית גילון","צורית גילון","?? ?????","unmapped_fallback","2026-03-03"
"בית העלמין החדש עכו","בית העלמין החדש עכו","?? ?????","unmapped_fallback","2026-03-03"
"בית עלמין תל רגב","בית עלמין תל רגב","?? ?????","unmapped_fallback","2026-03-03"
"כפר ח'וואלד","כפר ח'וואלד","?? ?????","unmapped_fallback","2026-03-03"
"סואעד חמירה","סואעד חמירה","?? ?????","unmapped_fallback","2026-03-03"
"גבעת אסף","גבעת אסף","?? ?????","unmapped_fallback","2026-03-03"
"חוות מעלה אהוביה","חוות מעלה אהוביה","?? ?????","unmapped_fallback","2026-03-03"
"חוות נחל שילה","חוות נחל שילה","?? ?????","unmapped_fallback","2026-03-03"
"חוות ראש תאנה","חוות ראש תאנה","?? ?????","unmapped_fallback","2026-03-03"
"טייבה בגלבוע","טייבה בגלבוע","?? ?????","unmapped_fallback","2026-03-03"
"טמרה בגלבוע","טמרה בגלבוע","?? ?????","unmapped_fallback","2026-03-03"
"אעירה השחר","אעירה השחר","?? ?????","unmapped_fallback","2026-03-03"
"חוות חנינא","חוות חנינא","?? ?????","unmapped_fallback","2026-03-03"
"גבעת וולפסון","גבעת וולפסון","?? ?????","unmapped_fallback","2026-03-03"
"בית סוהר קישון","בית סוהר קישון","?? ?????","unmapped_fallback","2026-03-03"
"אזור תעשייה קדמת גליל","אזור תעשייה קדמת גליל","?? ?????","unmapped_fallback","2026-03-03"
"אתר ההנצחה גולני","אתר ההנצחה גולני","?? ?????","unmapped_fallback","2026-03-03"
"הר ברכה","הר ברכה","?? ?????","unmapped_fallback","2026-03-03"
"חוות שדה","חוות שדה","?? ?????","unmapped_fallback","2026-03-03"
"חוות הרשאש","חוות הרשאש","?? ?????","unmapped_fallback","2026-03-03"
"חוות מגדלים","חוות מגדלים","?? ?????","unmapped_fallback","2026-03-03"
"חוות פריאל","חוות פריאל","?? ?????","unmapped_fallback","2026-03-03"
"החווה של זוהר","החווה של זוהר","?? ?????","unmapped_fallback","2026-03-03"
"חוות בניהו","חוות בניהו","?? ?????","unmapped_fallback","2026-03-03"
"חוות ינון","חוות ינון","?? ?????","unmapped_fallback","2026-03-03"
"חוות מלכיאל","חוות מלכיאל","?? ?????","unmapped_fallback","2026-03-03"
"חוות נחלת צבי","חוות נחלת צבי","?? ?????","unmapped_fallback","2026-03-03"
"מגרון","מגרון","?? ?????","unmapped_fallback","2026-03-03"
"החווה של יאיא","החווה של יאיא","?? ?????","unmapped_fallback","2026-03-03"
"אזור תעשייה קיסריה","אזור תעשייה קיסריה","?? ?????","unmapped_fallback","2026-03-03"
"גבעת וולפסון","גבעת וולפסון","?? ?????","unmapped_fallback","2026-03-03"
"גניגר","גניגר","?? ?????","unmapped_fallback","2026-03-03"
"חג'אג'רה","חג'אג'רה","?? ?????","unmapped_fallback","2026-03-03"
"כעביה טבאש","כעביה טבאש","?? ?????","unmapped_fallback","2026-03-03"
"צורית גילון","צורית גילון","?? ?????","unmapped_fallback","2026-03-03"
"אזור תעשייה קדמת גליל","אזור תעשייה קדמת גליל","?? ?????","unmapped_fallback","2026-03-03"
"אתר ההנצחה גולני","אתר ההנצחה גולני","?? ?????","unmapped_fallback","2026-03-03"
"בית העלמין החדש עכו","בית העלמין החדש עכו","?? ?????","unmapped_fallback","2026-03-03"
"בית סוהר קישון","בית סוהר קישון","?? ?????","unmapped_fallback","2026-03-03"
"דבוריה","דבוריה","?? ?????","unmapped_fallback","2026-03-03"
"הררית יחד","הררית יחד","?? ?????","unmapped_fallback","2026-03-03"
"שיבלי אום אלג'נם","שיבלי אום אלג'נם","?? ?????","unmapped_fallback","2026-03-03"
"תחנת רכבת כפר ברוך","תחנת רכבת כפר ברוך","?? ?????","unmapped_fallback","2026-03-03"
"בית עלמין תל רגב","בית עלמין תל רגב","?? ?????","unmapped_fallback","2026-03-03"
"כפר ח'וואלד","כפר ח'וואלד","?? ?????","unmapped_fallback","2026-03-03"
"סואעד חמירה","סואעד חמירה","?? ?????","unmapped_fallback","2026-03-03"
"תחנת רכבת כפר יהושוע","תחנת רכבת כפר יהושוע","?? ?????","unmapped_fallback","2026-03-03"
"יקנעם המושבה והזורע","יקנעם המושבה והזורע","?? ?????","unmapped_fallback","2026-03-03"
"פוריה כפר עבודה","פוריה כפר עבודה","?? ?????","unmapped_fallback","2026-03-03"
"פוריה נווה עובד","פוריה נווה עובד","?? ?????","unmapped_fallback","2026-03-03"
"פוריה עילית","פוריה עילית","?? ?????","unmapped_fallback","2026-03-03"
"אזור תעשייה אלון התבור","אזור תעשייה אלון התבור","?? ?????","unmapped_fallback","2026-03-03"
"טמרה בגלבוע","טמרה בגלבוע","?? ?????","unmapped_fallback","2026-03-03"
"מרחביה מושב","מרחביה מושב","?? ?????","unmapped_fallback","2026-03-03"
"מרחביה קיבוץ","מרחביה קיבוץ","?? ?????","unmapped_fallback","2026-03-03"
"בית ירח","בית ירח","?? ?????","unmapped_fallback","2026-03-03"
"כינרת מושבה","כינרת מושבה","?? ?????","unmapped_fallback","2026-03-03"
"כינרת קבוצה","כינרת קבוצה","?? ?????","unmapped_fallback","2026-03-03"
"לוטם וחמדון","לוטם וחמדון","?? ?????","unmapped_fallback","2026-03-03"
"טייבה בגלבוע","טייבה בגלבוע","?? ?????","unmapped_fallback","2026-03-03"
"הר חלוץ","הר חלוץ","?? ?????","unmapped_fallback","2026-03-03"
"קבוצת גבע","קבוצת גבע","?? ?????","unmapped_fallback","2026-03-03"
"בית ספר שדה מירון","בית ספר שדה מירון","?? ?????","unmapped_fallback","2026-03-03"
"חמדת ימים","חמדת ימים","?? ?????","unmapped_fallback","2026-03-03"
"מרכז אזורי מרום גליל","מרכז אזורי מרום גליל","?? ?????","unmapped_fallback","2026-03-03"
"גבעת אסף","גבעת אסף","?? ?????","unmapped_fallback","2026-03-03"
"מגרון","מגרון","?? ?????","unmapped_fallback","2026-03-03"
"פנימיית עין כרם","פנימיית עין כרם","?? ?????","unmapped_fallback","2026-03-03"
"יבוא דודי","יבוא דודי","?? ?????","unmapped_fallback","2026-03-03"
"חוות נווה צוף","חוות נווה צוף","?? ?????","unmapped_fallback","2026-03-03"
"מכינת אלישע","מכינת אלישע","?? ?????","unmapped_fallback","2026-03-03"
"חוות מגנזי","חוות מגנזי","?? ?????","unmapped_fallback","2026-03-03"
"חוות עולם חסד","חוות עולם חסד","?? ?????","unmapped_fallback","2026-03-03"
"בית העלמין החדש נהריה","בית העלמין החדש נהריה","?? ?????","unmapped_fallback","2026-03-03"
"צורית גילון","צורית גילון","?? ?????","unmapped_fallback","2026-03-03"
"הר חלוץ","הר חלוץ","?? ?????","unmapped_fallback","2026-03-03"
"לוטם וחמדון","לוטם וחמדון","?? ?????","unmapped_fallback","2026-03-03"
"חוות אביחי","חוות אביחי","?? ?????","unmapped_fallback","2026-03-03"
"חוות עולם חסד","חוות עולם חסד","?? ?????","unmapped_fallback","2026-03-03"
"חוות צרידה","חוות צרידה","?? ?????","unmapped_fallback","2026-03-03"
"חוות שוביאל","חוות שוביאל","?? ?????","unmapped_fallback","2026-03-03"
"חוות שחרית","חוות שחרית","?? ?????","unmapped_fallback","2026-03-03"
"חוות מגנזי","חוות מגנזי","?? ?????","unmapped_fallback","2026-03-03"
"חוות יאיר","חוות יאיר","?? ?????","unmapped_fallback","2026-03-03"
"חוות נווה צוף","חוות נווה צוף","?? ?????","unmapped_fallback","2026-03-03"
"חוות נוף אב""י","חוות נוף אב""י","?? ?????","unmapped_fallback","2026-03-03"
"יבוא דודי","יבוא דודי","?? ?????","unmapped_fallback","2026-03-03"
"מכינת אלישע","מכינת אלישע","?? ?????","unmapped_fallback","2026-03-03"
"חוות נחל שילה","חוות נחל שילה","?? ?????","unmapped_fallback","2026-03-03"
"חוות אלחי","חוות אלחי","?? ?????","unmapped_fallback","2026-03-03"
"גבעת אסף","גבעת אסף","?? ?????","unmapped_fallback","2026-03-03"
"אלון","אלון","?? ?????","unmapped_fallback","2026-03-03"
"גבעת אסף","גבעת אסף","?? ?????","unmapped_fallback","2026-03-03"
"אעירה השחר","אעירה השחר","?? ?????","unmapped_fallback","2026-03-03"
"בני אדם","בני אדם","?? ?????","unmapped_fallback","2026-03-03"
"החווה של זוהר","החווה של זוהר","?? ?????","unmapped_fallback","2026-03-03"
"חוות בניהו","חוות בניהו","?? ?????","unmapped_fallback","2026-03-03"
"חוות הרועה העברי","חוות הרועה העברי","?? ?????","unmapped_fallback","2026-03-03"
"חוות הרשאש","חוות הרשאש","?? ?????","unmapped_fallback","2026-03-03"
"חוות חנינא","חוות חנינא","?? ?????","unmapped_fallback","2026-03-03"
"חוות ינון","חוות ינון","?? ?????","unmapped_fallback","2026-03-03"
"חוות מלכיאל","חוות מלכיאל","?? ?????","unmapped_fallback","2026-03-03"
"חוות מעלה אהוביה","חוות מעלה אהוביה","?? ?????","unmapped_fallback","2026-03-03"
"חוות נחלת צבי","חוות נחלת צבי","?? ?????","unmapped_fallback","2026-03-03"
"חוות פריאל","חוות פריאל","?? ?????","unmapped_fallback","2026-03-03"
"חוות ראש תאנה","חוות ראש תאנה","?? ?????","unmapped_fallback","2026-03-03"
"מגרון","מגרון","?? ?????","unmapped_fallback","2026-03-03"
"נופי פרת","נופי פרת","?? ?????","unmapped_fallback","2026-03-03"
"בית חגלה","בית חגלה","?? ?????","unmapped_fallback","2026-03-03"
"צומת אלמוג","צומת אלמוג","?? ?????","unmapped_fallback","2026-03-03"
"פנימיית עין כרם","פנימיית עין כרם","?? ?????","unmapped_fallback","2026-03-03"
"קדם ערבה","קדם ערבה","?? ?????","unmapped_fallback","2026-03-03"
"בר כוכבא","בר כוכבא","?? ?????","unmapped_fallback","2026-03-03"
"חוות עדן","חוות עדן","?? ?????","unmapped_fallback","2026-03-03"
"חוות צאן קדר","חוות צאן קדר","?? ?????","unmapped_fallback","2026-03-03"
"גבעות","גבעות","?? ?????","unmapped_fallback","2026-03-03"
"חוות קשואלה","חוות קשואלה","?? ?????","unmapped_fallback","2026-03-03"
"חוות ארץ האיילים","חוות ארץ האיילים","?? ?????","unmapped_fallback","2026-03-03"
"הגבעה הצהובה","הגבעה הצהובה","?? ?????","unmapped_fallback","2026-03-03"
"עוז וגאון","עוז וגאון","?? ?????","unmapped_fallback","2026-03-03"
"בית הברכה","בית הברכה","?? ?????","unmapped_fallback","2026-03-03"
"חוות יאיר","חוות יאיר","?? ?????","unmapped_fallback","2026-03-03"
"הר ברכה","הר ברכה","?? ?????","unmapped_fallback","2026-03-03"
"חוות אביחי","חוות אביחי","?? ?????","unmapped_fallback","2026-03-03"
"גבעת פורת יוסף","גבעת פורת יוסף","?? ?????","unmapped_fallback","2026-03-03"
"החווה של יאיא","החווה של יאיא","?? ?????","unmapped_fallback","2026-03-03"
"חוות גנות","חוות גנות","?? ?????","unmapped_fallback","2026-03-03"
"חוות מגדלים","חוות מגדלים","?? ?????","unmapped_fallback","2026-03-03"
"חוות מגנזי","חוות מגנזי","?? ?????","unmapped_fallback","2026-03-03"
"חוות מרום שמואל","חוות מרום שמואל","?? ?????","unmapped_fallback","2026-03-03"
"חוות נווה צוף","חוות נווה צוף","?? ?????","unmapped_fallback","2026-03-03"
"חוות נוף אב""י","חוות נוף אב""י","?? ?????","unmapped_fallback","2026-03-03"
"חוות נחל שילה","חוות נחל שילה","?? ?????","unmapped_fallback","2026-03-03"
"חוות עולם חסד","חוות עולם חסד","?? ?????","unmapped_fallback","2026-03-03"
"חוות צרידה","חוות צרידה","?? ?????","unmapped_fallback","2026-03-03"
"חוות שדה","חוות שדה","?? ?????","unmapped_fallback","2026-03-03"
"חוות שוביאל","חוות שוביאל","?? ?????","unmapped_fallback","2026-03-03"
"חוות שחרית","חוות שחרית","?? ?????","unmapped_fallback","2026-03-03"
"יבוא דודי","יבוא דודי","?? ?????","unmapped_fallback","2026-03-03"
"מכינת אלישע","מכינת אלישע","?? ?????","unmapped_fallback","2026-03-03"
"חוות הרשאש","חוות הרשאש","?? ?????","unmapped_fallback","2026-03-03"
"חוות מעלה אהוביה","חוות מעלה אהוביה","?? ?????","unmapped_fallback","2026-03-03"
"חוות פריאל","חוות פריאל","?? ?????","unmapped_fallback","2026-03-03"
"חוות ראש תאנה","חוות ראש תאנה","?? ?????","unmapped_fallback","2026-03-03"
"חוות אלחי","חוות אלחי","?? ?????","unmapped_fallback","2026-03-03"
"חומש","חומש","?? ?????","unmapped_fallback","2026-03-03"
"החווה של מנחם","החווה של מנחם","?? ?????","unmapped_fallback","2026-03-03"
"החווה של אורי כהן","החווה של אורי כהן","?? ?????","unmapped_fallback","2026-03-03"
"החווה של עשהאל","החווה של עשהאל","?? ?????","unmapped_fallback","2026-03-03"
"אעירה השחר","אעירה השחר","?? ?????","unmapped_fallback","2026-03-03"
"בתרונות","בתרונות","?? ?????","unmapped_fallback","2026-03-03"
"החווה של זוהר","החווה של זוהר","?? ?????","unmapped_fallback","2026-03-03"
"חוות יד השומר","חוות יד השומר","?? ?????","unmapped_fallback","2026-03-03"
"חוות מלכיאל","חוות מלכיאל","?? ?????","unmapped_fallback","2026-03-03"
"חוות עמיאל","חוות עמיאל","?? ?????","unmapped_fallback","2026-03-03"
"בית העלמין החדש נהריה","בית העלמין החדש נהריה","?? ?????","unmapped_fallback","2026-03-03"
"בית העלמין החדש עכו","בית העלמין החדש עכו","?? ?????","unmapped_fallback","2026-03-03"
"חוות אביחי","חוות אביחי","?? ?????","unmapped_fallback","2026-03-03"
"חוות יאיר","חוות יאיר","?? ?????","unmapped_fallback","2026-03-03"
"חוות נוף אב""י","חוות נוף אב""י","?? ?????","unmapped_fallback","2026-03-03"
"חוות שוביאל","חוות שוביאל","?? ?????","unmapped_fallback","2026-03-03"
"חוות עולם חסד","חוות עולם חסד","?? ?????","unmapped_fallback","2026-03-03"
"חוות צרידה","חוות צרידה","?? ?????","unmapped_fallback","2026-03-03"
"חוות שחרית","חוות שחרית","?? ?????","unmapped_fallback","2026-03-03"
"חוות מגנזי","חוות מגנזי","?? ?????","unmapped_fallback","2026-03-03"
"מכינת אלישע","מכינת אלישע","?? ?????","unmapped_fallback","2026-03-03"
"חוות נווה צוף","חוות נווה צוף","?? ?????","unmapped_fallback","2026-03-03"
"יבוא דודי","יבוא דודי","?? ?????","unmapped_fallback","2026-03-03"
"חבצלת השרון וצוקי ים","חבצלת השרון וצוקי ים","?? ?????","unmapped_fallback","2026-03-03"
"בית חרות","בית חרות","?? ?????","unmapped_fallback","2026-03-03"
"בית סוהר קישון","בית סוהר קישון","?? ?????","unmapped_fallback","2026-03-03"
"בית עלמין תל רגב","בית עלמין תל רגב","?? ?????","unmapped_fallback","2026-03-03"
"בית העלמין החדש נהריה","בית העלמין החדש נהריה","?? ?????","unmapped_fallback","2026-03-03"
"חוות אביחי","חוות אביחי","?? ?????","unmapped_fallback","2026-03-03"
"אעירה השחר","אעירה השחר","?? ?????","unmapped_fallback","2026-03-03"
"החווה של יאיא","החווה של יאיא","?? ?????","unmapped_fallback","2026-03-03"
"חוות גנות","חוות גנות","?? ?????","unmapped_fallback","2026-03-03"
"חוות הרשאש","חוות הרשאש","?? ?????","unmapped_fallback","2026-03-03"
"חוות מגדלים","חוות מגדלים","?? ?????","unmapped_fallback","2026-03-03"
"חוות מעלה אהוביה","חוות מעלה אהוביה","?? ?????","unmapped_fallback","2026-03-03"
"חוות נווה צוף","חוות נווה צוף","?? ?????","unmapped_fallback","2026-03-03"
"חוות נוף אב""י","חוות נוף אב""י","?? ?????","unmapped_fallback","2026-03-03"
"חוות נחל שילה","חוות נחל שילה","?? ?????","unmapped_fallback","2026-03-03"
"חוות עולם חסד","חוות עולם חסד","?? ?????","unmapped_fallback","2026-03-03"
"חוות פריאל","חוות פריאל","?? ?????","unmapped_fallback","2026-03-03"
"חוות צרידה","חוות צרידה","?? ?????","unmapped_fallback","2026-03-03"
"חוות ראש תאנה","חוות ראש תאנה","?? ?????","unmapped_fallback","2026-03-03"
"חוות שדה","חוות שדה","?? ?????","unmapped_fallback","2026-03-03"
"חוות שוביאל","חוות שוביאל","?? ?????","unmapped_fallback","2026-03-03"
"חוות שחרית","חוות שחרית","?? ?????","unmapped_fallback","2026-03-03"
"יבוא דודי","יבוא דודי","?? ?????","unmapped_fallback","2026-03-03"
"מכינת אלישע","מכינת אלישע","?? ?????","unmapped_fallback","2026-03-03"
"חוות מגנזי","חוות מגנזי","?? ?????","unmapped_fallback","2026-03-03"
"חוות יאיר","חוות יאיר","?? ?????","unmapped_fallback","2026-03-03"
"גבעת אסף","גבעת אסף","?? ?????","unmapped_fallback","2026-03-03"
"החווה של זוהר","החווה של זוהר","?? ?????","unmapped_fallback","2026-03-03"
"חוות חנינא","חוות חנינא","?? ?????","unmapped_fallback","2026-03-03"
"חוות מלכיאל","חוות מלכיאל","?? ?????","unmapped_fallback","2026-03-03"
"חוות אביחי","חוות אביחי","?? ?????","unmapped_fallback","2026-03-03"
"חוות צרידה","חוות צרידה","?? ?????","unmapped_fallback","2026-03-03"
"חוות יאיר","חוות יאיר","?? ?????","unmapped_fallback","2026-03-03"
"חוות מגנזי","חוות מגנזי","?? ?????","unmapped_fallback","2026-03-03"
"חוות נוף אב""י","חוות נוף אב""י","?? ?????","unmapped_fallback","2026-03-03"
"חוות עולם חסד","חוות עולם חסד","?? ?????","unmapped_fallback","2026-03-03"
"חוות שוביאל","חוות שוביאל","?? ?????","unmapped_fallback","2026-03-03"
"חוות שחרית","חוות שחרית","?? ?????","unmapped_fallback","2026-03-03"
"מכינת אלישע","מכינת אלישע","?? ?????","unmapped_fallback","2026-03-03"
"חוות נווה צוף","חוות נווה צוף","?? ?????","unmapped_fallback","2026-03-03"
"הר חלוץ","הר חלוץ","?? ?????","unmapped_fallback","2026-03-04"
"כורזים ורד הגליל","כורזים ורד הגליל","?? ?????","unmapped_fallback","2026-03-04"
"צורית גילון","צורית גילון","?? ?????","unmapped_fallback","2026-03-04"
"אזור תעשייה קדמת גליל","אזור תעשייה קדמת גליל","?? ?????","unmapped_fallback","2026-03-04"
"אתר ההנצחה גולני","אתר ההנצחה גולני","?? ?????","unmapped_fallback","2026-03-04"
"בית העלמין החדש עכו","בית העלמין החדש עכו","?? ?????","unmapped_fallback","2026-03-04"
"בית ירח","בית ירח","?? ?????","unmapped_fallback","2026-03-04"
"בית סוהר צלמון","בית סוהר צלמון","?? ?????","unmapped_fallback","2026-03-04"
"בני יהודה וגבעת יואב","בני יהודה וגבעת יואב","?? ?????","unmapped_fallback","2026-03-04"
"הררית יחד","הררית יחד","?? ?????","unmapped_fallback","2026-03-04"
"כינרת מושבה","כינרת מושבה","?? ?????","unmapped_fallback","2026-03-04"
"כינרת קבוצה","כינרת קבוצה","?? ?????","unmapped_fallback","2026-03-04"
"לוטם וחמדון","לוטם וחמדון","?? ?????","unmapped_fallback","2026-03-04"
"מע'אר","מע'אר","?? ?????","unmapped_fallback","2026-03-04"
"פוריה כפר עבודה","פוריה כפר עבודה","?? ?????","unmapped_fallback","2026-03-04"
"פוריה נווה עובד","פוריה נווה עובד","?? ?????","unmapped_fallback","2026-03-04"
"פוריה עילית","פוריה עילית","?? ?????","unmapped_fallback","2026-03-04"
"חמדת ימים","חמדת ימים","?? ?????","unmapped_fallback","2026-03-04"
"כעביה טבאש","כעביה טבאש","?? ?????","unmapped_fallback","2026-03-04"
"בית עלמין תל רגב","בית עלמין תל רגב","?? ?????","unmapped_fallback","2026-03-04"
"כפר ח'וואלד","כפר ח'וואלד","?? ?????","unmapped_fallback","2026-03-04"
"סואעד חמירה","סואעד חמירה","?? ?????","unmapped_fallback","2026-03-04"
"חג'אג'רה","חג'אג'רה","?? ?????","unmapped_fallback","2026-03-04"
"אזור תעשייה שחורת","אזור תעשייה שחורת","?? ?????","unmapped_fallback","2026-03-04"
"אזור תעשייה בני יהודה","אזור תעשייה בני יהודה","?? ?????","unmapped_fallback","2026-03-04"
"בית העלמין החדש נהריה","בית העלמין החדש נהריה","?? ?????","unmapped_fallback","2026-03-04"
"אזור תעשייה אלון התבור","אזור תעשייה אלון התבור","?? ?????","unmapped_fallback","2026-03-04"
"טמרה בגלבוע","טמרה בגלבוע","?? ?????","unmapped_fallback","2026-03-04"
"בית ספר שדה מירון","בית ספר שדה מירון","?? ?????","unmapped_fallback","2026-03-04"
"מרכז אזורי מרום גליל","מרכז אזורי מרום גליל","?? ?????","unmapped_fallback","2026-03-04"
"מרכז אזורי רמת כורזים","מרכז אזורי רמת כורזים","?? ?????","unmapped_fallback","2026-03-04"
"דבוריה","דבוריה","?? ?????","unmapped_fallback","2026-03-04"
"שיבלי אום אלג'נם","שיבלי אום אלג'נם","?? ?????","unmapped_fallback","2026-03-04"
"גניגר","גניגר","?? ?????","unmapped_fallback","2026-03-04"
"טייבה בגלבוע","טייבה בגלבוע","?? ?????","unmapped_fallback","2026-03-04"
"מנחת מחניים","מנחת מחניים","?? ?????","unmapped_fallback","2026-03-04"
"חוות מור ואברהם","חוות מור ואברהם","?? ?????","unmapped_fallback","2026-03-04"
"חוות מקנה יהודה","חוות מקנה יהודה","?? ?????","unmapped_fallback","2026-03-04"
"שני ליבנה","שני ליבנה","?? ?????","unmapped_fallback","2026-03-04"
"פנימיית עין כרם","פנימיית עין כרם","?? ?????","unmapped_fallback","2026-03-04"
"אלון","אלון","?? ?????","unmapped_fallback","2026-03-04"
"גבעת אסף","גבעת אסף","?? ?????","unmapped_fallback","2026-03-04"
"הגבעה הצהובה","הגבעה הצהובה","?? ?????","unmapped_fallback","2026-03-04"
"בית חגלה","בית חגלה","?? ?????","unmapped_fallback","2026-03-04"
"בני אדם","בני אדם","?? ?????","unmapped_fallback","2026-03-04"
"בר כוכבא","בר כוכבא","?? ?????","unmapped_fallback","2026-03-04"
"גבעות","גבעות","?? ?????","unmapped_fallback","2026-03-04"
"החווה של זוהר","החווה של זוהר","?? ?????","unmapped_fallback","2026-03-04"
"חוות ארץ האיילים","חוות ארץ האיילים","?? ?????","unmapped_fallback","2026-03-04"
"חוות בניהו","חוות בניהו","?? ?????","unmapped_fallback","2026-03-04"
"חוות הרועה העברי","חוות הרועה העברי","?? ?????","unmapped_fallback","2026-03-04"
"חוות חנינא","חוות חנינא","?? ?????","unmapped_fallback","2026-03-04"
"חוות ינון","חוות ינון","?? ?????","unmapped_fallback","2026-03-04"
"חוות מלכיאל","חוות מלכיאל","?? ?????","unmapped_fallback","2026-03-04"
"חוות נחלת צבי","חוות נחלת צבי","?? ?????","unmapped_fallback","2026-03-04"
"חוות עדן","חוות עדן","?? ?????","unmapped_fallback","2026-03-04"
"חוות צאן קדר","חוות צאן קדר","?? ?????","unmapped_fallback","2026-03-04"
"חוות קשואלה","חוות קשואלה","?? ?????","unmapped_fallback","2026-03-04"
"מגרון","מגרון","?? ?????","unmapped_fallback","2026-03-04"
"נופי פרת","נופי פרת","?? ?????","unmapped_fallback","2026-03-04"
"עוז וגאון","עוז וגאון","?? ?????","unmapped_fallback","2026-03-04"
"צומת אלמוג","צומת אלמוג","?? ?????","unmapped_fallback","2026-03-04"
"קדם ערבה","קדם ערבה","?? ?????","unmapped_fallback","2026-03-04"
"בית הברכה","בית הברכה","?? ?????","unmapped_fallback","2026-03-04"
"אעירה השחר","אעירה השחר","?? ?????","unmapped_fallback","2026-03-04"
"חוות מעלה אהוביה","חוות מעלה אהוביה","?? ?????","unmapped_fallback","2026-03-04"
"לב החולה","לב החולה","?? ?????","unmapped_fallback","2026-03-04"
"חוות אביחי","חוות אביחי","?? ?????","unmapped_fallback","2026-03-04"
"חוות מגנזי","חוות מגנזי","?? ?????","unmapped_fallback","2026-03-04"
"חוות נווה צוף","חוות נווה צוף","?? ?????","unmapped_fallback","2026-03-04"
"חוות עולם חסד","חוות עולם חסד","?? ?????","unmapped_fallback","2026-03-04"
"חוות צרידה","חוות צרידה","?? ?????","unmapped_fallback","2026-03-04"
"יבוא דודי","יבוא דודי","?? ?????","unmapped_fallback","2026-03-04"
"מכינת אלישע","מכינת אלישע","?? ?????","unmapped_fallback","2026-03-04"
"פנימיית עין כרם","פנימיית עין כרם","?? ?????","unmapped_fallback","2026-03-04"
"הגבעה הצהובה","הגבעה הצהובה","?? ?????","unmapped_fallback","2026-03-04"
"בית הברכה","בית הברכה","?? ?????","unmapped_fallback","2026-03-04"
"בר כוכבא","בר כוכבא","?? ?????","unmapped_fallback","2026-03-04"
"גבעות","גבעות","?? ?????","unmapped_fallback","2026-03-04"
"חוות ארץ האיילים","חוות ארץ האיילים","?? ?????","unmapped_fallback","2026-03-04"
"חוות הרועה העברי","חוות הרועה העברי","?? ?????","unmapped_fallback","2026-03-04"
"חוות עדן","חוות עדן","?? ?????","unmapped_fallback","2026-03-04"
"חוות צאן קדר","חוות צאן קדר","?? ?????","unmapped_fallback","2026-03-04"
"חוות קשואלה","חוות קשואלה","?? ?????","unmapped_fallback","2026-03-04"
"עוז וגאון","עוז וגאון","?? ?????","unmapped_fallback","2026-03-04"
"נופי פרת","נופי פרת","?? ?????","unmapped_fallback","2026-03-04"
"כפר אלדד","כפר אלדד","?? ?????","unmapped_fallback","2026-03-04"
"תקוע ד' וה'","תקוע ד' וה'","?? ?????","unmapped_fallback","2026-03-04"
"בית העלמין החדש נהריה","בית העלמין החדש נהריה","?? ?????","unmapped_fallback","2026-03-04"
"גבעת אסף","גבעת אסף","?? ?????","unmapped_fallback","2026-03-04"
"חוות שוביאל","חוות שוביאל","?? ?????","unmapped_fallback","2026-03-04"
"אלון","אלון","?? ?????","unmapped_fallback","2026-03-04"
"אעירה השחר","אעירה השחר","?? ?????","unmapped_fallback","2026-03-04"
"בני אדם","בני אדם","?? ?????","unmapped_fallback","2026-03-04"
"החווה של זוהר","החווה של זוהר","?? ?????","unmapped_fallback","2026-03-04"
"חוות בניהו","חוות בניהו","?? ?????","unmapped_fallback","2026-03-04"
"חוות חנינא","חוות חנינא","?? ?????","unmapped_fallback","2026-03-04"
"חוות ינון","חוות ינון","?? ?????","unmapped_fallback","2026-03-04"
"חוות מלכיאל","חוות מלכיאל","?? ?????","unmapped_fallback","2026-03-04"
"חוות מעלה אהוביה","חוות מעלה אהוביה","?? ?????","unmapped_fallback","2026-03-04"
"חוות נוף אב""י","חוות נוף אב""י","?? ?????","unmapped_fallback","2026-03-04"
"חוות נחל שילה","חוות נחל שילה","?? ?????","unmapped_fallback","2026-03-04"
"חוות נחלת צבי","חוות נחלת צבי","?? ?????","unmapped_fallback","2026-03-04"
"חוות שחרית","חוות שחרית","?? ?????","unmapped_fallback","2026-03-04"
"מגרון","מגרון","?? ?????","unmapped_fallback","2026-03-04"
"חוות ראש תאנה","חוות ראש תאנה","?? ?????","unmapped_fallback","2026-03-04"
"יקנעם המושבה והזורע","יקנעם המושבה והזורע","?? ?????","unmapped_fallback","2026-03-04"
"בית סוהר קישון","בית סוהר קישון","?? ?????","unmapped_fallback","2026-03-04"
"תחנת רכבת כפר יהושוע","תחנת רכבת כפר יהושוע","?? ?????","unmapped_fallback","2026-03-04"
"גבעת וולפסון","גבעת וולפסון","?? ?????","unmapped_fallback","2026-03-04"
"בית עלמין תל רגב","בית עלמין תל רגב","?? ?????","unmapped_fallback","2026-03-04"
"כפר ח'וואלד","כפר ח'וואלד","?? ?????","unmapped_fallback","2026-03-04"
"חוות מגנזי","חוות מגנזי","?? ?????","unmapped_fallback","2026-03-04"
"חוות אביחי","חוות אביחי","?? ?????","unmapped_fallback","2026-03-04"
"חוות עולם חסד","חוות עולם חסד","?? ?????","unmapped_fallback","2026-03-04"
"חוות שחרית","חוות שחרית","?? ?????","unmapped_fallback","2026-03-04"
"חוות צרידה","חוות צרידה","?? ?????","unmapped_fallback","2026-03-04"
"חוות נוף אב""י","חוות נוף אב""י","?? ?????","unmapped_fallback","2026-03-04"
"חוות שוביאל","חוות שוביאל","?? ?????","unmapped_fallback","2026-03-04"
"מכינת אלישע","מכינת אלישע","?? ?????","unmapped_fallback","2026-03-04"
"חוות יאיר","חוות יאיר","?? ?????","unmapped_fallback","2026-03-04"
"חוות נווה צוף","חוות נווה צוף","?? ?????","unmapped_fallback","2026-03-04"
"יבוא דודי","יבוא דודי","?? ?????","unmapped_fallback","2026-03-04"
"גבעת אסף","גבעת אסף","?? ?????","unmapped_fallback","2026-03-04"
"חוות מעלה אהוביה","חוות מעלה אהוביה","?? ?????","unmapped_fallback","2026-03-04"
"חוות נחל שילה","חוות נחל שילה","?? ?????","unmapped_fallback","2026-03-04"
"חוות ראש תאנה","חוות ראש תאנה","?? ?????","unmapped_fallback","2026-03-04"
"פנימיית עין כרם","פנימיית עין כרם","?? ?????","unmapped_fallback","2026-03-04"
"חוות בניהו","חוות בניהו","?? ?????","unmapped_fallback","2026-03-04"
"חוות חנינא","חוות חנינא","?? ?????","unmapped_fallback","2026-03-04"
"חוות ינון","חוות ינון","?? ?????","unmapped_fallback","2026-03-04"
"חוות נחלת צבי","חוות נחלת צבי","?? ?????","unmapped_fallback","2026-03-04"
"מגרון","מגרון","?? ?????","unmapped_fallback","2026-03-04"
"חוות אלחי","חוות אלחי","?? ?????","unmapped_fallback","2026-03-04"
"גבעת וולפסון","גבעת וולפסון","?? ?????","unmapped_fallback","2026-03-04"
"בית סוהר קישון","בית סוהר קישון","?? ?????","unmapped_fallback","2026-03-04"
"בית עלמין תל רגב","בית עלמין תל רגב","?? ?????","unmapped_fallback","2026-03-04"
"כפר ח'וואלד","כפר ח'וואלד","?? ?????","unmapped_fallback","2026-03-04"
"תחנת רכבת כפר יהושוע","תחנת רכבת כפר יהושוע","?? ?????","unmapped_fallback","2026-03-04"
"כעביה טבאש","כעביה טבאש","?? ?????","unmapped_fallback","2026-03-04"
"סואעד חמירה","סואעד חמירה","?? ?????","unmapped_fallback","2026-03-04"
"חוות פריאל","חוות פריאל","?? ?????","unmapped_fallback","2026-03-04"
"חוות הרשאש","חוות הרשאש","?? ?????","unmapped_fallback","2026-03-04"
"בוקעתא","בוקעתא","?? ?????","unmapped_fallback","2026-03-04"
"אעירה השחר","אעירה השחר","?? ?????","unmapped_fallback","2026-03-04"
"פנימיית עין כרם","פנימיית עין כרם","?? ?????","unmapped_fallback","2026-03-04"
"אלון","אלון","?? ?????","unmapped_fallback","2026-03-04"
"גבעת אסף","גבעת אסף","?? ?????","unmapped_fallback","2026-03-04"
"מרכז אזורי מגילות","מרכז אזורי מגילות","?? ?????","unmapped_fallback","2026-03-04"
"אעירה השחר","אעירה השחר","?? ?????","unmapped_fallback","2026-03-04"
"בית חגלה","בית חגלה","?? ?????","unmapped_fallback","2026-03-04"
"בני אדם","בני אדם","?? ?????","unmapped_fallback","2026-03-04"
"החווה של זוהר","החווה של זוהר","?? ?????","unmapped_fallback","2026-03-04"
"חוות בניהו","חוות בניהו","?? ?????","unmapped_fallback","2026-03-04"
"חוות הרועה העברי","חוות הרועה העברי","?? ?????","unmapped_fallback","2026-03-04"
"חוות חנינא","חוות חנינא","?? ?????","unmapped_fallback","2026-03-04"
"חוות ינון","חוות ינון","?? ?????","unmapped_fallback","2026-03-04"
"חוות מלכיאל","חוות מלכיאל","?? ?????","unmapped_fallback","2026-03-04"
"חוות מעלה אהוביה","חוות מעלה אהוביה","?? ?????","unmapped_fallback","2026-03-04"
"חוות נחלת צבי","חוות נחלת צבי","?? ?????","unmapped_fallback","2026-03-04"
"חוות צאן קדר","חוות צאן קדר","?? ?????","unmapped_fallback","2026-03-04"
"מגרון","מגרון","?? ?????","unmapped_fallback","2026-03-04"
"נופי פרת","נופי פרת","?? ?????","unmapped_fallback","2026-03-04"
"צומת אלמוג","צומת אלמוג","?? ?????","unmapped_fallback","2026-03-04"
"קדם ערבה","קדם ערבה","?? ?????","unmapped_fallback","2026-03-04"
"חוות יאיר","חוות יאיר","?? ?????","unmapped_fallback","2026-03-04"
"חוות אביחי","חוות אביחי","?? ?????","unmapped_fallback","2026-03-04"
"בר כוכבא","בר כוכבא","?? ?????","unmapped_fallback","2026-03-04"
"חוות עדן","חוות עדן","?? ?????","unmapped_fallback","2026-03-04"
"חוות מגנזי","חוות מגנזי","?? ?????","unmapped_fallback","2026-03-04"
"חוות נווה צוף","חוות נווה צוף","?? ?????","unmapped_fallback","2026-03-04"
"חוות נוף אב""י","חוות נוף אב""י","?? ?????","unmapped_fallback","2026-03-04"
"חוות נחל שילה","חוות נחל שילה","?? ?????","unmapped_fallback","2026-03-04"
"חוות עולם חסד","חוות עולם חסד","?? ?????","unmapped_fallback","2026-03-04"
"חוות צרידה","חוות צרידה","?? ?????","unmapped_fallback","2026-03-04"
"חוות שוביאל","חוות שוביאל","?? ?????","unmapped_fallback","2026-03-04"
"חוות שחרית","חוות שחרית","?? ?????","unmapped_fallback","2026-03-04"
"מכינת אלישע","מכינת אלישע","?? ?????","unmapped_fallback","2026-03-04"
"הר ברכה","הר ברכה","?? ?????","unmapped_fallback","2026-03-04"
"גבעות","גבעות","?? ?????","unmapped_fallback","2026-03-04"
"חוות שדה","חוות שדה","?? ?????","unmapped_fallback","2026-03-04"
"חוות קשואלה","חוות קשואלה","?? ?????","unmapped_fallback","2026-03-04"
"חוות ארץ האיילים","חוות ארץ האיילים","?? ?????","unmapped_fallback","2026-03-04"
"הגבעה הצהובה","הגבעה הצהובה","?? ?????","unmapped_fallback","2026-03-04"
"חוות יאיר","חוות יאיר","?? ?????","unmapped_fallback","2026-03-04"
"חוות אביחי","חוות אביחי","?? ?????","unmapped_fallback","2026-03-04"
"חוות מגנזי","חוות מגנזי","?? ?????","unmapped_fallback","2026-03-04"
"חוות נווה צוף","חוות נווה צוף","?? ?????","unmapped_fallback","2026-03-04"
"חוות נוף אב""י","חוות נוף אב""י","?? ?????","unmapped_fallback","2026-03-04"
"חוות נחל שילה","חוות נחל שילה","?? ?????","unmapped_fallback","2026-03-04"
"חוות עולם חסד","חוות עולם חסד","?? ?????","unmapped_fallback","2026-03-04"
"חוות צרידה","חוות צרידה","?? ?????","unmapped_fallback","2026-03-04"
"חוות שוביאל","חוות שוביאל","?? ?????","unmapped_fallback","2026-03-04"
"חוות שחרית","חוות שחרית","?? ?????","unmapped_fallback","2026-03-04"
"יבוא דודי","יבוא דודי","?? ?????","unmapped_fallback","2026-03-04"
"מכינת אלישע","מכינת אלישע","?? ?????","unmapped_fallback","2026-03-04"
"הר ברכה","הר ברכה","?? ?????","unmapped_fallback","2026-03-04"
"חוות מגדלים","חוות מגדלים","?? ?????","unmapped_fallback","2026-03-04"
"חוות שדה","חוות שדה","?? ?????","unmapped_fallback","2026-03-04"
"חוות גנות","חוות גנות","?? ?????","unmapped_fallback","2026-03-04"
"החווה של יאיא","החווה של יאיא","?? ?????","unmapped_fallback","2026-03-04"
"גבעת פורת יוסף","גבעת פורת יוסף","?? ?????","unmapped_fallback","2026-03-04"
"חוות מרום שמואל","חוות מרום שמואל","?? ?????","unmapped_fallback","2026-03-04"
"חוות פריאל","חוות פריאל","?? ?????","unmapped_fallback","2026-03-04"
"חוות אלחי","חוות אלחי","?? ?????","unmapped_fallback","2026-03-04"
"חוות הרשאש","חוות הרשאש","?? ?????","unmapped_fallback","2026-03-04"
"חוות ראש תאנה","חוות ראש תאנה","?? ?????","unmapped_fallback","2026-03-04"
"אעירה השחר","אעירה השחר","?? ?????","unmapped_fallback","2026-03-04"
"לב החולה","לב החולה","?? ?????","unmapped_fallback","2026-03-04"
"לב החולה","לב החולה","?? ?????","unmapped_fallback","2026-03-04"
"חוות יאיר","חוות יאיר","?? ?????","unmapped_fallback","2026-03-05"
"הר ברכה","הר ברכה","?? ?????","unmapped_fallback","2026-03-05"
"חוות אביחי","חוות אביחי","?? ?????","unmapped_fallback","2026-03-05"
"חוות אלחי","חוות אלחי","?? ?????","unmapped_fallback","2026-03-05"
"חוות נוף אב""י","חוות נוף אב""י","?? ?????","unmapped_fallback","2026-03-05"
"חוות צרידה","חוות צרידה","?? ?????","unmapped_fallback","2026-03-05"
"חוות שוביאל","חוות שוביאל","?? ?????","unmapped_fallback","2026-03-05"
"חוות שחרית","חוות שחרית","?? ?????","unmapped_fallback","2026-03-05"
"חוות עולם חסד","חוות עולם חסד","?? ?????","unmapped_fallback","2026-03-05"
"חוות שדה","חוות שדה","?? ?????","unmapped_fallback","2026-03-05"
"לב החולה","לב החולה","?? ?????","unmapped_fallback","2026-03-05"
"בוקעתא","בוקעתא","?? ?????","unmapped_fallback","2026-03-05"
"חוות יאיר","חוות יאיר","?? ?????","unmapped_fallback","2026-03-05"
"הר ברכה","הר ברכה","?? ?????","unmapped_fallback","2026-03-05"
"חוות אלחי","חוות אלחי","?? ?????","unmapped_fallback","2026-03-05"
"חומש","חומש","?? ?????","unmapped_fallback","2026-03-05"
"חוות שדה","חוות שדה","?? ?????","unmapped_fallback","2026-03-05"
"בתרונות","בתרונות","?? ?????","unmapped_fallback","2026-03-05"
"גבעת פורת יוסף","גבעת פורת יוסף","?? ?????","unmapped_fallback","2026-03-05"
"החווה של אורי כהן","החווה של אורי כהן","?? ?????","unmapped_fallback","2026-03-05"
"החווה של עשהאל","החווה של עשהאל","?? ?????","unmapped_fallback","2026-03-05"
"חוות יד השומר","חוות יד השומר","?? ?????","unmapped_fallback","2026-03-05"
"חוות מרום שמואל","חוות מרום שמואל","?? ?????","unmapped_fallback","2026-03-05"
"חוות עמיאל","חוות עמיאל","?? ?????","unmapped_fallback","2026-03-05"
"כפר גמילה מלכישוע","כפר גמילה מלכישוע","?? ?????","unmapped_fallback","2026-03-05"
"חוות נוף אב""י","חוות נוף אב""י","?? ?????","unmapped_fallback","2026-03-05"
"חוות שוביאל","חוות שוביאל","?? ?????","unmapped_fallback","2026-03-05"
"בית אלפא וחפציבה","בית אלפא וחפציבה","?? ?????","unmapped_fallback","2026-03-05"
"סנדלה","סנדלה","?? ?????","unmapped_fallback","2026-03-05"
"חוות מגדלים","חוות מגדלים","?? ?????","unmapped_fallback","2026-03-05"
"חוות נחל שילה","חוות נחל שילה","?? ?????","unmapped_fallback","2026-03-05"
"מוקיבלה","מוקיבלה","?? ?????","unmapped_fallback","2026-03-05"
"פנימיית עין כרם","פנימיית עין כרם","?? ?????","unmapped_fallback","2026-03-05"
"גבעת אסף","גבעת אסף","?? ?????","unmapped_fallback","2026-03-05"
"מרכז אזורי מגילות","מרכז אזורי מגילות","?? ?????","unmapped_fallback","2026-03-05"
"אלון","אלון","?? ?????","unmapped_fallback","2026-03-05"
"הגבעה הצהובה","הגבעה הצהובה","?? ?????","unmapped_fallback","2026-03-05"
"בית חגלה","בית חגלה","?? ?????","unmapped_fallback","2026-03-05"
"גבעות","גבעות","?? ?????","unmapped_fallback","2026-03-05"
"חוות מלכיאל","חוות מלכיאל","?? ?????","unmapped_fallback","2026-03-05"
"מגרון","מגרון","?? ?????","unmapped_fallback","2026-03-05"
"בני אדם","בני אדם","?? ?????","unmapped_fallback","2026-03-05"
"בר כוכבא","בר כוכבא","?? ?????","unmapped_fallback","2026-03-05"
"חוות ארץ האיילים","חוות ארץ האיילים","?? ?????","unmapped_fallback","2026-03-05"
"חוות בניהו","חוות בניהו","?? ?????","unmapped_fallback","2026-03-05"
"חוות הרועה העברי","חוות הרועה העברי","?? ?????","unmapped_fallback","2026-03-05"
"חוות חנינא","חוות חנינא","?? ?????","unmapped_fallback","2026-03-05"
"חוות ינון","חוות ינון","?? ?????","unmapped_fallback","2026-03-05"
"חוות נחלת צבי","חוות נחלת צבי","?? ?????","unmapped_fallback","2026-03-05"
"חוות עדן","חוות עדן","?? ?????","unmapped_fallback","2026-03-05"
"חוות צאן קדר","חוות צאן קדר","?? ?????","unmapped_fallback","2026-03-05"
"חוות קשואלה","חוות קשואלה","?? ?????","unmapped_fallback","2026-03-05"
"נופי פרת","נופי פרת","?? ?????","unmapped_fallback","2026-03-05"
"צומת אלמוג","צומת אלמוג","?? ?????","unmapped_fallback","2026-03-05"
"קדם ערבה","קדם ערבה","?? ?????","unmapped_fallback","2026-03-05"
"עוז וגאון","עוז וגאון","?? ?????","unmapped_fallback","2026-03-05"
"החווה של זוהר","החווה של זוהר","?? ?????","unmapped_fallback","2026-03-05"
"כפר אלדד","כפר אלדד","?? ?????","unmapped_fallback","2026-03-05"
"מיצד","מיצד","?? ?????","unmapped_fallback","2026-03-05"
"איבי הנחל","איבי הנחל","?? ?????","unmapped_fallback","2026-03-05"
"בית הברכה","בית הברכה","?? ?????","unmapped_fallback","2026-03-05"
"חוות נחלת אבות","חוות נחלת אבות","?? ?????","unmapped_fallback","2026-03-05"
"תקוע ד' וה'","תקוע ד' וה'","?? ?????","unmapped_fallback","2026-03-05"
"אעירה השחר","אעירה השחר","?? ?????","unmapped_fallback","2026-03-05"
"חוות מעלה אהוביה","חוות מעלה אהוביה","?? ?????","unmapped_fallback","2026-03-05"
"חוות ראש תאנה","חוות ראש תאנה","?? ?????","unmapped_fallback","2026-03-05"
"יבוא דודי","יבוא דודי","?? ?????","unmapped_fallback","2026-03-05"
"חוות יאיר","חוות יאיר","?? ?????","unmapped_fallback","2026-03-05"
"הר ברכה","הר ברכה","?? ?????","unmapped_fallback","2026-03-05"
"חוות אביחי","חוות אביחי","?? ?????","unmapped_fallback","2026-03-05"
"החווה של יאיא","החווה של יאיא","?? ?????","unmapped_fallback","2026-03-05"
"חוות גנות","חוות גנות","?? ?????","unmapped_fallback","2026-03-05"
"חוות הרשאש","חוות הרשאש","?? ?????","unmapped_fallback","2026-03-05"
"חוות מגדלים","חוות מגדלים","?? ?????","unmapped_fallback","2026-03-05"
"חוות מגנזי","חוות מגנזי","?? ?????","unmapped_fallback","2026-03-05"
"חוות מעלה אהוביה","חוות מעלה אהוביה","?? ?????","unmapped_fallback","2026-03-05"
"חוות נווה צוף","חוות נווה צוף","?? ?????","unmapped_fallback","2026-03-05"
"חוות נוף אב""י","חוות נוף אב""י","?? ?????","unmapped_fallback","2026-03-05"
"חוות נחל שילה","חוות נחל שילה","?? ?????","unmapped_fallback","2026-03-05"
"חוות עולם חסד","חוות עולם חסד","?? ?????","unmapped_fallback","2026-03-05"
"חוות פריאל","חוות פריאל","?? ?????","unmapped_fallback","2026-03-05"
"חוות צרידה","חוות צרידה","?? ?????","unmapped_fallback","2026-03-05"
"חוות ראש תאנה","חוות ראש תאנה","?? ?????","unmapped_fallback","2026-03-05"
"חוות שדה","חוות שדה","?? ?????","unmapped_fallback","2026-03-05"
"חוות שוביאל","חוות שוביאל","?? ?????","unmapped_fallback","2026-03-05"
"חוות שחרית","חוות שחרית","?? ?????","unmapped_fallback","2026-03-05"
"יבוא דודי","יבוא דודי","?? ?????","unmapped_fallback","2026-03-05"
"מכינת אלישע","מכינת אלישע","?? ?????","unmapped_fallback","2026-03-05"
"אעירה השחר","אעירה השחר","?? ?????","unmapped_fallback","2026-03-05"
"חוות מרום שמואל","חוות מרום שמואל","?? ?????","unmapped_fallback","2026-03-05"
"גבעת פורת יוסף","גבעת פורת יוסף","?? ?????","unmapped_fallback","2026-03-05"
"החווה של מנחם","החווה של מנחם","?? ?????","unmapped_fallback","2026-03-05"
"חוות יאיר","חוות יאיר","?? ?????","unmapped_fallback","2026-03-05"
"הר ברכה","הר ברכה","?? ?????","unmapped_fallback","2026-03-05"
"חוות אביחי","חוות אביחי","?? ?????","unmapped_fallback","2026-03-05"
"חוות מגנזי","חוות מגנזי","?? ?????","unmapped_fallback","2026-03-05"
"חוות נווה צוף","חוות נווה צוף","?? ?????","unmapped_fallback","2026-03-05"
"חוות נוף אב""י","חוות נוף אב""י","?? ?????","unmapped_fallback","2026-03-05"
"חוות נחל שילה","חוות נחל שילה","?? ?????","unmapped_fallback","2026-03-05"
"חוות עולם חסד","חוות עולם חסד","?? ?????","unmapped_fallback","2026-03-05"
"חוות צרידה","חוות צרידה","?? ?????","unmapped_fallback","2026-03-05"
"חוות שדה","חוות שדה","?? ?????","unmapped_fallback","2026-03-05"
"חוות שוביאל","חוות שוביאל","?? ?????","unmapped_fallback","2026-03-05"
"חוות שחרית","חוות שחרית","?? ?????","unmapped_fallback","2026-03-05"
"מכינת אלישע","מכינת אלישע","?? ?????","unmapped_fallback","2026-03-05"
"גבעת פורת יוסף","גבעת פורת יוסף","?? ?????","unmapped_fallback","2026-03-05"
"החווה של יאיא","החווה של יאיא","?? ?????","unmapped_fallback","2026-03-05"
"חוות גנות","חוות גנות","?? ?????","unmapped_fallback","2026-03-05"
"חוות מגדלים","חוות מגדלים","?? ?????","unmapped_fallback","2026-03-05"
"חוות מרום שמואל","חוות מרום שמואל","?? ?????","unmapped_fallback","2026-03-05"
"חוות הרשאש","חוות הרשאש","?? ?????","unmapped_fallback","2026-03-05"
"חוות פריאל","חוות פריאל","?? ?????","unmapped_fallback","2026-03-05"
"חוות ראש תאנה","חוות ראש תאנה","?? ?????","unmapped_fallback","2026-03-05"
"יבוא דודי","יבוא דודי","?? ?????","unmapped_fallback","2026-03-05"
"חוות מעלה אהוביה","חוות מעלה אהוביה","?? ?????","unmapped_fallback","2026-03-05"
"אעירה השחר","אעירה השחר","?? ?????","unmapped_fallback","2026-03-05"
"גבעת אסף","גבעת אסף","?? ?????","unmapped_fallback","2026-03-05"
"חוות אלחי","חוות אלחי","?? ?????","unmapped_fallback","2026-03-05"
"חוות בניהו","חוות בניהו","?? ?????","unmapped_fallback","2026-03-05"
"חוות חנינא","חוות חנינא","?? ?????","unmapped_fallback","2026-03-05"
"חוות נחלת צבי","חוות נחלת צבי","?? ?????","unmapped_fallback","2026-03-05"
"מגרון","מגרון","?? ?????","unmapped_fallback","2026-03-05"
"פנימיית עין כרם","פנימיית עין כרם","?? ?????","unmapped_fallback","2026-03-05"
"כפר אלדד","כפר אלדד","?? ?????","unmapped_fallback","2026-03-05"
"הגבעה הצהובה","הגבעה הצהובה","?? ?????","unmapped_fallback","2026-03-05"
"בית הברכה","בית הברכה","?? ?????","unmapped_fallback","2026-03-05"
"בר כוכבא","בר כוכבא","?? ?????","unmapped_fallback","2026-03-05"
"גבעות","גבעות","?? ?????","unmapped_fallback","2026-03-05"
"חוות ארץ האיילים","חוות ארץ האיילים","?? ?????","unmapped_fallback","2026-03-05"
"חוות עדן","חוות עדן","?? ?????","unmapped_fallback","2026-03-05"
"חוות קשואלה","חוות קשואלה","?? ?????","unmapped_fallback","2026-03-05"
"עוז וגאון","עוז וגאון","?? ?????","unmapped_fallback","2026-03-05"
"תקוע ד' וה'","תקוע ד' וה'","?? ?????","unmapped_fallback","2026-03-05"
"חוות אביחי","חוות אביחי","?? ?????","unmapped_fallback","2026-03-05"
"חוות מגנזי","חוות מגנזי","?? ?????","unmapped_fallback","2026-03-05"
"חוות עולם חסד","חוות עולם חסד","?? ?????","unmapped_fallback","2026-03-05"
"חוות צרידה","חוות צרידה","?? ?????","unmapped_fallback","2026-03-05"
"חוות שחרית","חוות שחרית","?? ?????","unmapped_fallback","2026-03-05"
"חוות יאיר","חוות יאיר","?? ?????","unmapped_fallback","2026-03-05"
"חוות נווה צוף","חוות נווה צוף","?? ?????","unmapped_fallback","2026-03-05"
"חוות נוף אב""י","חוות נוף אב""י","?? ?????","unmapped_fallback","2026-03-05"
"חוות שוביאל","חוות שוביאל","?? ?????","unmapped_fallback","2026-03-05"
"מכינת אלישע","מכינת אלישע","?? ?????","unmapped_fallback","2026-03-05"
"הר ברכה","הר ברכה","?? ?????","unmapped_fallback","2026-03-05"
"גבעת פורת יוסף","גבעת פורת יוסף","?? ?????","unmapped_fallback","2026-03-05"
"החווה של יאיא","החווה של יאיא","?? ?????","unmapped_fallback","2026-03-05"
"חוות מגדלים","חוות מגדלים","?? ?????","unmapped_fallback","2026-03-05"
"חוות מרום שמואל","חוות מרום שמואל","?? ?????","unmapped_fallback","2026-03-05"
"חוות נחל שילה","חוות נחל שילה","?? ?????","unmapped_fallback","2026-03-05"
"חוות שדה","חוות שדה","?? ?????","unmapped_fallback","2026-03-05"
"יבוא דודי","יבוא דודי","?? ?????","unmapped_fallback","2026-03-05"
"גבעת אסף","גבעת אסף","?? ?????","unmapped_fallback","2026-03-05"
"אעירה השחר","אעירה השחר","?? ?????","unmapped_fallback","2026-03-05"
"החווה של זוהר","החווה של זוהר","?? ?????","unmapped_fallback","2026-03-05"
"חוות הרשאש","חוות הרשאש","?? ?????","unmapped_fallback","2026-03-05"
"חוות חנינא","חוות חנינא","?? ?????","unmapped_fallback","2026-03-05"
"חוות מלכיאל","חוות מלכיאל","?? ?????","unmapped_fallback","2026-03-05"
"חוות מעלה אהוביה","חוות מעלה אהוביה","?? ?????","unmapped_fallback","2026-03-05"
"חוות ראש תאנה","חוות ראש תאנה","?? ?????","unmapped_fallback","2026-03-05"
"חוות פריאל","חוות פריאל","?? ?????","unmapped_fallback","2026-03-05"
"לב החולה","לב החולה","?? ?????","unmapped_fallback","2026-03-05"
"בית העלמין החדש עכו","בית העלמין החדש עכו","?? ?????","unmapped_fallback","2026-03-05"
"גבעת וולפסון","גבעת וולפסון","?? ?????","unmapped_fallback","2026-03-05"
"חג'אג'רה","חג'אג'רה","?? ?????","unmapped_fallback","2026-03-05"
"כעביה טבאש","כעביה טבאש","?? ?????","unmapped_fallback","2026-03-05"
"בית סוהר קישון","בית סוהר קישון","?? ?????","unmapped_fallback","2026-03-05"
"בית עלמין תל רגב","בית עלמין תל רגב","?? ?????","unmapped_fallback","2026-03-05"
"כפר ח'וואלד","כפר ח'וואלד","?? ?????","unmapped_fallback","2026-03-05"
"סואעד חמירה","סואעד חמירה","?? ?????","unmapped_fallback","2026-03-05"
"תחנת רכבת כפר יהושוע","תחנת רכבת כפר יהושוע","?? ?????","unmapped_fallback","2026-03-05"
"בוקעתא","בוקעתא","?? ?????","unmapped_fallback","2026-03-05"
"אזור תעשייה קדמת גליל","אזור תעשייה קדמת גליל","?? ?????","unmapped_fallback","2026-03-05"
"פוריה נווה עובד","פוריה נווה עובד","?? ?????","unmapped_fallback","2026-03-05"
"בית העלמין החדש עכו","בית העלמין החדש עכו","?? ?????","unmapped_fallback","2026-03-05"
"בית ספר שדה מירון","בית ספר שדה מירון","?? ?????","unmapped_fallback","2026-03-05"
"הר חלוץ","הר חלוץ","?? ?????","unmapped_fallback","2026-03-05"
"צורית גילון","צורית גילון","?? ?????","unmapped_fallback","2026-03-05"
"לוטם וחמדון","לוטם וחמדון","?? ?????","unmapped_fallback","2026-03-05"
"מע'אר","מע'אר","?? ?????","unmapped_fallback","2026-03-05"
"חוות אביחי","חוות אביחי","?? ?????","unmapped_fallback","2026-03-05"
"חוות מגנזי","חוות מגנזי","?? ?????","unmapped_fallback","2026-03-05"
"חוות נווה צוף","חוות נווה צוף","?? ?????","unmapped_fallback","2026-03-05"
"חוות עולם חסד","חוות עולם חסד","?? ?????","unmapped_fallback","2026-03-05"
"חוות צרידה","חוות צרידה","?? ?????","unmapped_fallback","2026-03-05"
"יבוא דודי","יבוא דודי","?? ?????","unmapped_fallback","2026-03-05"
"מכינת אלישע","מכינת אלישע","?? ?????","unmapped_fallback","2026-03-05"
"חוות שחרית","חוות שחרית","?? ?????","unmapped_fallback","2026-03-05"
"חוות יאיר","חוות יאיר","?? ?????","unmapped_fallback","2026-03-05"
"חוות נוף אב""י","חוות נוף אב""י","?? ?????","unmapped_fallback","2026-03-05"
"חוות שוביאל","חוות שוביאל","?? ?????","unmapped_fallback","2026-03-05"
"חוות נחל שילה","חוות נחל שילה","?? ?????","unmapped_fallback","2026-03-05"
"בית חרות","בית חרות","?? ?????","unmapped_fallback","2026-03-05"
"גבעת חיים איחוד","גבעת חיים איחוד","?? ?????","unmapped_fallback","2026-03-05"
"גבעת חיים מאוחד","גבעת חיים מאוחד","?? ?????","unmapped_fallback","2026-03-05"
"חבצלת השרון וצוקי ים","חבצלת השרון וצוקי ים","?? ?????","unmapped_fallback","2026-03-05"
"אמץ","אמץ","?? ?????","unmapped_fallback","2026-03-05"
"חוות אביחי","חוות אביחי","?? ?????","unmapped_fallback","2026-03-05"
"חוות צרידה","חוות צרידה","?? ?????","unmapped_fallback","2026-03-05"
"חוות יאיר","חוות יאיר","?? ?????","unmapped_fallback","2026-03-05"
"חוות שחרית","חוות שחרית","?? ?????","unmapped_fallback","2026-03-05"
"חוות מגנזי","חוות מגנזי","?? ?????","unmapped_fallback","2026-03-05"
"חוות עולם חסד","חוות עולם חסד","?? ?????","unmapped_fallback","2026-03-05"
"הר ברכה","הר ברכה","?? ?????","unmapped_fallback","2026-03-05"
"חוות אלחי","חוות אלחי","?? ?????","unmapped_fallback","2026-03-05"
"חוות נוף אב""י","חוות נוף אב""י","?? ?????","unmapped_fallback","2026-03-05"
"חוות שדה","חוות שדה","?? ?????","unmapped_fallback","2026-03-05"
"חוות שוביאל","חוות שוביאל","?? ?????","unmapped_fallback","2026-03-05"
"אמץ","אמץ","?? ?????","unmapped_fallback","2026-03-05"
"חוות נווה צוף","חוות נווה צוף","?? ?????","unmapped_fallback","2026-03-05"
"מכינת אלישע","מכינת אלישע","?? ?????","unmapped_fallback","2026-03-05"
"חוות גנות","חוות גנות","?? ?????","unmapped_fallback","2026-03-06"
"חוות יאיר","חוות יאיר","?? ?????","unmapped_fallback","2026-03-06"
"חוות אביחי","חוות אביחי","?? ?????","unmapped_fallback","2026-03-06"
"חוות מגנזי","חוות מגנזי","?? ?????","unmapped_fallback","2026-03-06"
"חוות נווה צוף","חוות נווה צוף","?? ?????","unmapped_fallback","2026-03-06"
"חוות נוף אב""י","חוות נוף אב""י","?? ?????","unmapped_fallback","2026-03-06"
"חוות עולם חסד","חוות עולם חסד","?? ?????","unmapped_fallback","2026-03-06"
"חוות צרידה","חוות צרידה","?? ?????","unmapped_fallback","2026-03-06"
"חוות שוביאל","חוות שוביאל","?? ?????","unmapped_fallback","2026-03-06"
"חוות שחרית","חוות שחרית","?? ?????","unmapped_fallback","2026-03-06"
"מכינת אלישע","מכינת אלישע","?? ?????","unmapped_fallback","2026-03-06"
"קדיתא","קדיתא","?? ?????","unmapped_fallback","2026-03-06"
"שני ליבנה","שני ליבנה","?? ?????","unmapped_fallback","2026-03-06"
"חוות מור ואברהם","חוות מור ואברהם","?? ?????","unmapped_fallback","2026-03-06"
"חוות מקנה יהודה","חוות מקנה יהודה","?? ?????","unmapped_fallback","2026-03-06"
"כפר מימון ותושיה","כפר מימון ותושיה","?? ?????","unmapped_fallback","2026-03-06"
"חוות אשכולות","חוות אשכולות","?? ?????","unmapped_fallback","2026-03-06"
"אפקה","אפקה","?? ?????","unmapped_fallback","2026-03-06"
"חוות מדבר חבר","חוות מדבר חבר","?? ?????","unmapped_fallback","2026-03-06"
"חוות מלאכי אברהם","חוות מלאכי אברהם","?? ?????","unmapped_fallback","2026-03-06"
"מיצד","מיצד","?? ?????","unmapped_fallback","2026-03-06"
"איבי הנחל","איבי הנחל","?? ?????","unmapped_fallback","2026-03-06"
"חוות נחלת אבות","חוות נחלת אבות","?? ?????","unmapped_fallback","2026-03-06"
"לב החולה","לב החולה","?? ?????","unmapped_fallback","2026-03-06"
"מנחת מחניים","מנחת מחניים","?? ?????","unmapped_fallback","2026-03-06"
"החווה של מנחם","החווה של מנחם","?? ?????","unmapped_fallback","2026-03-06"
"החווה של אורי כהן","החווה של אורי כהן","?? ?????","unmapped_fallback","2026-03-06"
"החווה של עשהאל","החווה של עשהאל","?? ?????","unmapped_fallback","2026-03-06"
"לב החולה","לב החולה","?? ?????","unmapped_fallback","2026-03-06"
"בוקעתא","בוקעתא","?? ?????","unmapped_fallback","2026-03-06"
"מרכז אזורי רמת כורזים","מרכז אזורי רמת כורזים","?? ?????","unmapped_fallback","2026-03-06"
"מנחת מחניים","מנחת מחניים","?? ?????","unmapped_fallback","2026-03-06"
"לב החולה","לב החולה","?? ?????","unmapped_fallback","2026-03-06"
"חוות יאיר","חוות יאיר","?? ?????","unmapped_fallback","2026-03-06"
"חוות אביחי","חוות אביחי","?? ?????","unmapped_fallback","2026-03-06"
"חוות אלחי","חוות אלחי","?? ?????","unmapped_fallback","2026-03-06"
"חוות נוף אב""י","חוות נוף אב""י","?? ?????","unmapped_fallback","2026-03-06"
"חוות צרידה","חוות צרידה","?? ?????","unmapped_fallback","2026-03-06"
"חוות שוביאל","חוות שוביאל","?? ?????","unmapped_fallback","2026-03-06"
"חוות שחרית","חוות שחרית","?? ?????","unmapped_fallback","2026-03-06"
"הר ברכה","הר ברכה","?? ?????","unmapped_fallback","2026-03-06"
"חוות שדה","חוות שדה","?? ?????","unmapped_fallback","2026-03-06"
"חומש","חומש","?? ?????","unmapped_fallback","2026-03-06"
"גבעת פורת יוסף","גבעת פורת יוסף","?? ?????","unmapped_fallback","2026-03-06"
"חוות מגנזי","חוות מגנזי","?? ?????","unmapped_fallback","2026-03-06"
"חוות נווה צוף","חוות נווה צוף","?? ?????","unmapped_fallback","2026-03-06"
"מכינת אלישע","מכינת אלישע","?? ?????","unmapped_fallback","2026-03-06"
"חוות עולם חסד","חוות עולם חסד","?? ?????","unmapped_fallback","2026-03-06"
"חוות יד השומר","חוות יד השומר","?? ?????","unmapped_fallback","2026-03-06"
"חוות עמיאל","חוות עמיאל","?? ?????","unmapped_fallback","2026-03-06"
"חוות מרום שמואל","חוות מרום שמואל","?? ?????","unmapped_fallback","2026-03-06"
"החווה של עשהאל","החווה של עשהאל","?? ?????","unmapped_fallback","2026-03-06"
"כפר גמילה מלכישוע","כפר גמילה מלכישוע","?? ?????","unmapped_fallback","2026-03-06"
"חוות מגדלים","חוות מגדלים","?? ?????","unmapped_fallback","2026-03-06"
"חוות נחל שילה","חוות נחל שילה","?? ?????","unmapped_fallback","2026-03-06"
"אמץ","אמץ","?? ?????","unmapped_fallback","2026-03-06"
"החווה של יאיא","החווה של יאיא","?? ?????","unmapped_fallback","2026-03-06"
"חוות הרשאש","חוות הרשאש","?? ?????","unmapped_fallback","2026-03-06"
"חוות פריאל","חוות פריאל","?? ?????","unmapped_fallback","2026-03-06"
"חוות אל נווה","חוות אל נווה","?? ?????","unmapped_fallback","2026-03-06"
"חוות גנות","חוות גנות","?? ?????","unmapped_fallback","2026-03-06"
"חרמש דרום","חרמש דרום","?? ?????","unmapped_fallback","2026-03-06"
"לב החולה","לב החולה","?? ?????","unmapped_fallback","2026-03-06"
"חוות יאיר","חוות יאיר","?? ?????","unmapped_fallback","2026-03-06"
"חוות אביחי","חוות אביחי","?? ?????","unmapped_fallback","2026-03-06"
"חוות מגנזי","חוות מגנזי","?? ?????","unmapped_fallback","2026-03-06"
"חוות נווה צוף","חוות נווה צוף","?? ?????","unmapped_fallback","2026-03-06"
"חוות נוף אב""י","חוות נוף אב""י","?? ?????","unmapped_fallback","2026-03-06"
"חוות עולם חסד","חוות עולם חסד","?? ?????","unmapped_fallback","2026-03-06"
"חוות צרידה","חוות צרידה","?? ?????","unmapped_fallback","2026-03-06"
"חוות שוביאל","חוות שוביאל","?? ?????","unmapped_fallback","2026-03-06"
"חוות שחרית","חוות שחרית","?? ?????","unmapped_fallback","2026-03-06"
"יבוא דודי","יבוא דודי","?? ?????","unmapped_fallback","2026-03-06"
"מכינת אלישע","מכינת אלישע","?? ?????","unmapped_fallback","2026-03-06"
"חוף זיקים","חוף זיקים","?? ?????","unmapped_fallback","2026-03-06"
"חוות יאיר","חוות יאיר","?? ?????","unmapped_fallback","2026-03-06"
"הר ברכה","הר ברכה","?? ?????","unmapped_fallback","2026-03-06"
"בתרונות","בתרונות","?? ?????","unmapped_fallback","2026-03-06"
"גבעת פורת יוסף","גבעת פורת יוסף","?? ?????","unmapped_fallback","2026-03-06"
"החווה של אורי כהן","החווה של אורי כהן","?? ?????","unmapped_fallback","2026-03-06"
"החווה של עשהאל","החווה של עשהאל","?? ?????","unmapped_fallback","2026-03-06"
"חוות אלחי","חוות אלחי","?? ?????","unmapped_fallback","2026-03-06"
"חוות יד השומר","חוות יד השומר","?? ?????","unmapped_fallback","2026-03-06"
"חוות מרום שמואל","חוות מרום שמואל","?? ?????","unmapped_fallback","2026-03-06"
"חוות נוף אב""י","חוות נוף אב""י","?? ?????","unmapped_fallback","2026-03-06"
"חוות עמיאל","חוות עמיאל","?? ?????","unmapped_fallback","2026-03-06"
"חוות שדה","חוות שדה","?? ?????","unmapped_fallback","2026-03-06"
"חוות שוביאל","חוות שוביאל","?? ?????","unmapped_fallback","2026-03-06"
"חוות שחרית","חוות שחרית","?? ?????","unmapped_fallback","2026-03-06"
"חומש","חומש","?? ?????","unmapped_fallback","2026-03-06"
"חוות אביחי","חוות אביחי","?? ?????","unmapped_fallback","2026-03-06"
"חוות מגנזי","חוות מגנזי","?? ?????","unmapped_fallback","2026-03-06"
"חוות עולם חסד","חוות עולם חסד","?? ?????","unmapped_fallback","2026-03-06"
"חוות צרידה","חוות צרידה","?? ?????","unmapped_fallback","2026-03-06"
"מכינת אלישע","מכינת אלישע","?? ?????","unmapped_fallback","2026-03-06"
"חוות נווה צוף","חוות נווה צוף","?? ?????","unmapped_fallback","2026-03-06"
"כפר גמילה מלכישוע","כפר גמילה מלכישוע","?? ?????","unmapped_fallback","2026-03-06"
"לב החולה","לב החולה","?? ?????","unmapped_fallback","2026-03-06"
"שני ליבנה","שני ליבנה","?? ?????","unmapped_fallback","2026-03-07"
"חוות מור ואברהם","חוות מור ואברהם","?? ?????","unmapped_fallback","2026-03-07"
"חוות מקנה יהודה","חוות מקנה יהודה","?? ?????","unmapped_fallback","2026-03-07"
"חוות אשכולות","חוות אשכולות","?? ?????","unmapped_fallback","2026-03-07"
"חוות יאיר","חוות יאיר","?? ?????","unmapped_fallback","2026-03-07"
"חוות אביחי","חוות אביחי","?? ?????","unmapped_fallback","2026-03-07"
"חוות נווה צוף","חוות נווה צוף","?? ?????","unmapped_fallback","2026-03-07"
"חוות נוף אב""י","חוות נוף אב""י","?? ?????","unmapped_fallback","2026-03-07"
"חוות עולם חסד","חוות עולם חסד","?? ?????","unmapped_fallback","2026-03-07"
"חוות צרידה","חוות צרידה","?? ?????","unmapped_fallback","2026-03-07"
"חוות שוביאל","חוות שוביאל","?? ?????","unmapped_fallback","2026-03-07"
"חוות שחרית","חוות שחרית","?? ?????","unmapped_fallback","2026-03-07"
"מכינת אלישע","מכינת אלישע","?? ?????","unmapped_fallback","2026-03-07"
"הר ברכה","הר ברכה","?? ?????","unmapped_fallback","2026-03-07"
"גבעת פורת יוסף","גבעת פורת יוסף","?? ?????","unmapped_fallback","2026-03-07"
"חוות אלחי","חוות אלחי","?? ?????","unmapped_fallback","2026-03-07"
"חוות מרום שמואל","חוות מרום שמואל","?? ?????","unmapped_fallback","2026-03-07"
"חוות שדה","חוות שדה","?? ?????","unmapped_fallback","2026-03-07"
"חומש","חומש","?? ?????","unmapped_fallback","2026-03-07"
"חוות יאיר","חוות יאיר","?? ?????","unmapped_fallback","2026-03-07"
"חוות אביחי","חוות אביחי","?? ?????","unmapped_fallback","2026-03-07"
"חוות מגנזי","חוות מגנזי","?? ?????","unmapped_fallback","2026-03-07"
"חוות נווה צוף","חוות נווה צוף","?? ?????","unmapped_fallback","2026-03-07"
"חוות נוף אב""י","חוות נוף אב""י","?? ?????","unmapped_fallback","2026-03-07"
"חוות עולם חסד","חוות עולם חסד","?? ?????","unmapped_fallback","2026-03-07"
"חוות צרידה","חוות צרידה","?? ?????","unmapped_fallback","2026-03-07"
"חוות שוביאל","חוות שוביאל","?? ?????","unmapped_fallback","2026-03-07"
"חוות שחרית","חוות שחרית","?? ?????","unmapped_fallback","2026-03-07"
"מכינת אלישע","מכינת אלישע","?? ?????","unmapped_fallback","2026-03-07"
"הר ברכה","הר ברכה","?? ?????","unmapped_fallback","2026-03-07"
"יבוא דודי","יבוא דודי","?? ?????","unmapped_fallback","2026-03-07"
"חוות שדה","חוות שדה","?? ?????","unmapped_fallback","2026-03-07"
"חוות אלחי","חוות אלחי","?? ?????","unmapped_fallback","2026-03-07"
"חומש","חומש","?? ?????","unmapped_fallback","2026-03-07"
"בתרונות","בתרונות","?? ?????","unmapped_fallback","2026-03-07"
"גבעת פורת יוסף","גבעת פורת יוסף","?? ?????","unmapped_fallback","2026-03-07"
"החווה של אורי כהן","החווה של אורי כהן","?? ?????","unmapped_fallback","2026-03-07"
"החווה של יאיא","החווה של יאיא","?? ?????","unmapped_fallback","2026-03-07"
"החווה של מנחם","החווה של מנחם","?? ?????","unmapped_fallback","2026-03-07"
"החווה של עשהאל","החווה של עשהאל","?? ?????","unmapped_fallback","2026-03-07"
"חוות גנות","חוות גנות","?? ?????","unmapped_fallback","2026-03-07"
"חוות יד השומר","חוות יד השומר","?? ?????","unmapped_fallback","2026-03-07"
"חוות מגדלים","חוות מגדלים","?? ?????","unmapped_fallback","2026-03-07"
"חוות מרום שמואל","חוות מרום שמואל","?? ?????","unmapped_fallback","2026-03-07"
"חוות עמיאל","חוות עמיאל","?? ?????","unmapped_fallback","2026-03-07"
"חוות פריאל","חוות פריאל","?? ?????","unmapped_fallback","2026-03-07"
"חוות נחל שילה","חוות נחל שילה","?? ?????","unmapped_fallback","2026-03-07"
"חוות מעלה אהוביה","חוות מעלה אהוביה","?? ?????","unmapped_fallback","2026-03-07"
"אעירה השחר","אעירה השחר","?? ?????","unmapped_fallback","2026-03-07"
"החווה של זוהר","החווה של זוהר","?? ?????","unmapped_fallback","2026-03-07"
"חוות הרשאש","חוות הרשאש","?? ?????","unmapped_fallback","2026-03-07"
"חוות מלכיאל","חוות מלכיאל","?? ?????","unmapped_fallback","2026-03-07"
"חוות ראש תאנה","חוות ראש תאנה","?? ?????","unmapped_fallback","2026-03-07"
"כפר גמילה מלכישוע","כפר גמילה מלכישוע","?? ?????","unmapped_fallback","2026-03-07"
"כפר אלדד","כפר אלדד","?? ?????","unmapped_fallback","2026-03-07"
"אלון","אלון","?? ?????","unmapped_fallback","2026-03-07"
"מצוקי דרגות","מצוקי דרגות","?? ?????","unmapped_fallback","2026-03-07"
"מרכז אזורי מגילות","מרכז אזורי מגילות","?? ?????","unmapped_fallback","2026-03-07"
"איבי הנחל","איבי הנחל","?? ?????","unmapped_fallback","2026-03-07"
"בית חגלה","בית חגלה","?? ?????","unmapped_fallback","2026-03-07"
"בר כוכבא","בר כוכבא","?? ?????","unmapped_fallback","2026-03-07"
"חוות הרועה העברי","חוות הרועה העברי","?? ?????","unmapped_fallback","2026-03-07"
"חוות צאן קדר","חוות צאן קדר","?? ?????","unmapped_fallback","2026-03-07"
"נופי פרת","נופי פרת","?? ?????","unmapped_fallback","2026-03-07"
"צומת אלמוג","צומת אלמוג","?? ?????","unmapped_fallback","2026-03-07"
"קדם ערבה","קדם ערבה","?? ?????","unmapped_fallback","2026-03-07"
"תקוע ד' וה'","תקוע ד' וה'","?? ?????","unmapped_fallback","2026-03-07"
"שני ליבנה","שני ליבנה","?? ?????","unmapped_fallback","2026-03-07"
"חוות מור ואברהם","חוות מור ואברהם","?? ?????","unmapped_fallback","2026-03-07"
"חוות מקנה יהודה","חוות מקנה יהודה","?? ?????","unmapped_fallback","2026-03-07"
"חוות מדבר חבר","חוות מדבר חבר","?? ?????","unmapped_fallback","2026-03-07"
"חוות מלאכי אברהם","חוות מלאכי אברהם","?? ?????","unmapped_fallback","2026-03-07"
"חוות נחלת אבות","חוות נחלת אבות","?? ?????","unmapped_fallback","2026-03-07"
"בני אדם","בני אדם","?? ?????","unmapped_fallback","2026-03-07"
"חוות בניהו","חוות בניהו","?? ?????","unmapped_fallback","2026-03-07"
"חוות ינון","חוות ינון","?? ?????","unmapped_fallback","2026-03-07"
"אפקה","אפקה","?? ?????","unmapped_fallback","2026-03-07"
"כפר מימון ותושיה","כפר מימון ותושיה","?? ?????","unmapped_fallback","2026-03-07"
"חוות אשכולות","חוות אשכולות","?? ?????","unmapped_fallback","2026-03-07"
"מיצד","מיצד","?? ?????","unmapped_fallback","2026-03-07"
"הגבעה הצהובה","הגבעה הצהובה","?? ?????","unmapped_fallback","2026-03-07"
"בית הברכה","בית הברכה","?? ?????","unmapped_fallback","2026-03-07"
"גבעות","גבעות","?? ?????","unmapped_fallback","2026-03-07"
"חוות ארץ האיילים","חוות ארץ האיילים","?? ?????","unmapped_fallback","2026-03-07"
"חוות עדן","חוות עדן","?? ?????","unmapped_fallback","2026-03-07"
"חוות קשואלה","חוות קשואלה","?? ?????","unmapped_fallback","2026-03-07"
"חוות תלם צפון","חוות תלם צפון","?? ?????","unmapped_fallback","2026-03-07"
"עוז וגאון","עוז וגאון","?? ?????","unmapped_fallback","2026-03-07"
"בית העלמין החדש נהריה","בית העלמין החדש נהריה","?? ?????","unmapped_fallback","2026-03-07"
"חוות יאיר","חוות יאיר","?? ?????","unmapped_fallback","2026-03-07"
"הר ברכה","הר ברכה","?? ?????","unmapped_fallback","2026-03-07"
"חוות אביחי","חוות אביחי","?? ?????","unmapped_fallback","2026-03-07"
"חוות מגנזי","חוות מגנזי","?? ?????","unmapped_fallback","2026-03-07"
"חוות נווה צוף","חוות נווה צוף","?? ?????","unmapped_fallback","2026-03-07"
"חוות נוף אב""י","חוות נוף אב""י","?? ?????","unmapped_fallback","2026-03-07"
"חוות עולם חסד","חוות עולם חסד","?? ?????","unmapped_fallback","2026-03-07"
"חוות צרידה","חוות צרידה","?? ?????","unmapped_fallback","2026-03-07"
"חוות שדה","חוות שדה","?? ?????","unmapped_fallback","2026-03-07"
"חוות שוביאל","חוות שוביאל","?? ?????","unmapped_fallback","2026-03-07"
"חוות שחרית","חוות שחרית","?? ?????","unmapped_fallback","2026-03-07"
"מכינת אלישע","מכינת אלישע","?? ?????","unmapped_fallback","2026-03-07"
"גבעת פורת יוסף","גבעת פורת יוסף","?? ?????","unmapped_fallback","2026-03-07"
"יבוא דודי","יבוא דודי","?? ?????","unmapped_fallback","2026-03-07"
"חוות נחל שילה","חוות נחל שילה","?? ?????","unmapped_fallback","2026-03-07"
"החווה של יאיא","החווה של יאיא","?? ?????","unmapped_fallback","2026-03-07"
"חוות גנות","חוות גנות","?? ?????","unmapped_fallback","2026-03-07"
"חוות מגדלים","חוות מגדלים","?? ?????","unmapped_fallback","2026-03-07"
"חוות מרום שמואל","חוות מרום שמואל","?? ?????","unmapped_fallback","2026-03-07"
"חוות פריאל","חוות פריאל","?? ?????","unmapped_fallback","2026-03-07"
"בתרונות","בתרונות","?? ?????","unmapped_fallback","2026-03-07"
"החווה של אורי כהן","החווה של אורי כהן","?? ?????","unmapped_fallback","2026-03-07"
"החווה של מנחם","החווה של מנחם","?? ?????","unmapped_fallback","2026-03-07"
"החווה של עשהאל","החווה של עשהאל","?? ?????","unmapped_fallback","2026-03-07"
"חוות אלחי","חוות אלחי","?? ?????","unmapped_fallback","2026-03-07"
"חוות יד השומר","חוות יד השומר","?? ?????","unmapped_fallback","2026-03-07"
"חוות עמיאל","חוות עמיאל","?? ?????","unmapped_fallback","2026-03-07"
"חומש","חומש","?? ?????","unmapped_fallback","2026-03-07"
"חוות גנות","חוות גנות","?? ?????","unmapped_fallback","2026-03-07"
"החווה של יאיא","החווה של יאיא","?? ?????","unmapped_fallback","2026-03-07"
"חוות מרום שמואל","חוות מרום שמואל","?? ?????","unmapped_fallback","2026-03-07"
"חוות מגדלים","חוות מגדלים","?? ?????","unmapped_fallback","2026-03-07"
"כפר גמילה מלכישוע","כפר גמילה מלכישוע","?? ?????","unmapped_fallback","2026-03-07"
"נוה איתן","נוה איתן","?? ?????","unmapped_fallback","2026-03-07"
"חוות פריאל","חוות פריאל","?? ?????","unmapped_fallback","2026-03-07"
"חוות נחל שילה","חוות נחל שילה","?? ?????","unmapped_fallback","2026-03-07"
"פנימיית עין כרם","פנימיית עין כרם","?? ?????","unmapped_fallback","2026-03-07"
"אלון","אלון","?? ?????","unmapped_fallback","2026-03-07"
"גבעת אסף","גבעת אסף","?? ?????","unmapped_fallback","2026-03-07"
"מרכז אזורי מגילות","מרכז אזורי מגילות","?? ?????","unmapped_fallback","2026-03-07"
"אעירה השחר","אעירה השחר","?? ?????","unmapped_fallback","2026-03-07"
"בית חגלה","בית חגלה","?? ?????","unmapped_fallback","2026-03-07"
"בני אדם","בני אדם","?? ?????","unmapped_fallback","2026-03-07"
"בר כוכבא","בר כוכבא","?? ?????","unmapped_fallback","2026-03-07"
"החווה של זוהר","החווה של זוהר","?? ?????","unmapped_fallback","2026-03-07"
"חוות בניהו","חוות בניהו","?? ?????","unmapped_fallback","2026-03-07"
"חוות הרועה העברי","חוות הרועה העברי","?? ?????","unmapped_fallback","2026-03-07"
"חוות חנינא","חוות חנינא","?? ?????","unmapped_fallback","2026-03-07"
"חוות ינון","חוות ינון","?? ?????","unmapped_fallback","2026-03-07"
"חוות מלכיאל","חוות מלכיאל","?? ?????","unmapped_fallback","2026-03-07"
"חוות מעלה אהוביה","חוות מעלה אהוביה","?? ?????","unmapped_fallback","2026-03-07"
"חוות נחלת צבי","חוות נחלת צבי","?? ?????","unmapped_fallback","2026-03-07"
"חוות צאן קדר","חוות צאן קדר","?? ?????","unmapped_fallback","2026-03-07"
"מגרון","מגרון","?? ?????","unmapped_fallback","2026-03-07"
"נופי פרת","נופי פרת","?? ?????","unmapped_fallback","2026-03-07"
"צומת אלמוג","צומת אלמוג","?? ?????","unmapped_fallback","2026-03-07"
"קדם ערבה","קדם ערבה","?? ?????","unmapped_fallback","2026-03-07"
"חוות ארץ האיילים","חוות ארץ האיילים","?? ?????","unmapped_fallback","2026-03-07"
"גבעות","גבעות","?? ?????","unmapped_fallback","2026-03-07"
"חוות עדן","חוות עדן","?? ?????","unmapped_fallback","2026-03-07"
"חוות קשואלה","חוות קשואלה","?? ?????","unmapped_fallback","2026-03-07"
"הגבעה הצהובה","הגבעה הצהובה","?? ?????","unmapped_fallback","2026-03-07"
"קדיתא","קדיתא","?? ?????","unmapped_fallback","2026-03-07"
"מרכז אזורי מרום גליל","מרכז אזורי מרום גליל","?? ?????","unmapped_fallback","2026-03-07"
"קדיתא","קדיתא","?? ?????","unmapped_fallback","2026-03-07"
"חוות יאיר","חוות יאיר","?? ?????","unmapped_fallback","2026-03-07"
"חוות אביחי","חוות אביחי","?? ?????","unmapped_fallback","2026-03-07"
"חוות נוף אב""י","חוות נוף אב""י","?? ?????","unmapped_fallback","2026-03-07"
"חוות עולם חסד","חוות עולם חסד","?? ?????","unmapped_fallback","2026-03-07"
"חוות צרידה","חוות צרידה","?? ?????","unmapped_fallback","2026-03-07"
"חוות שוביאל","חוות שוביאל","?? ?????","unmapped_fallback","2026-03-07"
"חוות שחרית","חוות שחרית","?? ?????","unmapped_fallback","2026-03-07"
"מכינת אלישע","מכינת אלישע","?? ?????","unmapped_fallback","2026-03-07"
"חוות נווה צוף","חוות נווה צוף","?? ?????","unmapped_fallback","2026-03-07"
"הר ברכה","הר ברכה","?? ?????","unmapped_fallback","2026-03-07"
"חוות מגדלים","חוות מגדלים","?? ?????","unmapped_fallback","2026-03-07"
"חוות נחל שילה","חוות נחל שילה","?? ?????","unmapped_fallback","2026-03-07"
"חוות שדה","חוות שדה","?? ?????","unmapped_fallback","2026-03-07"
"חוות מגנזי","חוות מגנזי","?? ?????","unmapped_fallback","2026-03-07"
"יבוא דודי","יבוא דודי","?? ?????","unmapped_fallback","2026-03-07"
"חוות הרשאש","חוות הרשאש","?? ?????","unmapped_fallback","2026-03-07"
"חוות מעלה אהוביה","חוות מעלה אהוביה","?? ?????","unmapped_fallback","2026-03-07"
"חוות פריאל","חוות פריאל","?? ?????","unmapped_fallback","2026-03-07"
"חוות ראש תאנה","חוות ראש תאנה","?? ?????","unmapped_fallback","2026-03-07"
"חוות אלחי","חוות אלחי","?? ?????","unmapped_fallback","2026-03-07"
"גבעת אסף","גבעת אסף","?? ?????","unmapped_fallback","2026-03-07"
"אעירה השחר","אעירה השחר","?? ?????","unmapped_fallback","2026-03-07"
"חוות יאיר","חוות יאיר","?? ?????","unmapped_fallback","2026-03-07"
"חוות אביחי","חוות אביחי","?? ?????","unmapped_fallback","2026-03-07"
"חוות צרידה","חוות צרידה","?? ?????","unmapped_fallback","2026-03-07"
"חוות שחרית","חוות שחרית","?? ?????","unmapped_fallback","2026-03-07"
"חוות נוף אב""י","חוות נוף אב""י","?? ?????","unmapped_fallback","2026-03-07"
"חוות שוביאל","חוות שוביאל","?? ?????","unmapped_fallback","2026-03-07"
"חוות מגנזי","חוות מגנזי","?? ?????","unmapped_fallback","2026-03-07"
"חוות נווה צוף","חוות נווה צוף","?? ?????","unmapped_fallback","2026-03-07"
"חוות עולם חסד","חוות עולם חסד","?? ?????","unmapped_fallback","2026-03-07"
"יבוא דודי","יבוא דודי","?? ?????","unmapped_fallback","2026-03-07"
"מכינת אלישע","מכינת אלישע","?? ?????","unmapped_fallback","2026-03-07"
"חוות נחל שילה","חוות נחל שילה","?? ?????","unmapped_fallback","2026-03-07"
"הר ברכה","הר ברכה","?? ?????","unmapped_fallback","2026-03-07"
"גבעת פורת יוסף","גבעת פורת יוסף","?? ?????","unmapped_fallback","2026-03-07"
"החווה של יאיא","החווה של יאיא","?? ?????","unmapped_fallback","2026-03-07"
"חוות מרום שמואל","חוות מרום שמואל","?? ?????","unmapped_fallback","2026-03-07"
"חוות שדה","חוות שדה","?? ?????","unmapped_fallback","2026-03-07"
"גבעת אסף","גבעת אסף","?? ?????","unmapped_fallback","2026-03-07"
"אעירה השחר","אעירה השחר","?? ?????","unmapped_fallback","2026-03-07"
"החווה של זוהר","החווה של זוהר","?? ?????","unmapped_fallback","2026-03-07"
"חוות הרשאש","חוות הרשאש","?? ?????","unmapped_fallback","2026-03-07"
"חוות חנינא","חוות חנינא","?? ?????","unmapped_fallback","2026-03-07"
"חוות מגדלים","חוות מגדלים","?? ?????","unmapped_fallback","2026-03-07"
"חוות מלכיאל","חוות מלכיאל","?? ?????","unmapped_fallback","2026-03-07"
"חוות מעלה אהוביה","חוות מעלה אהוביה","?? ?????","unmapped_fallback","2026-03-07"
"חוות נחלת צבי","חוות נחלת צבי","?? ?????","unmapped_fallback","2026-03-07"
"חוות פריאל","חוות פריאל","?? ?????","unmapped_fallback","2026-03-07"
"חוות ראש תאנה","חוות ראש תאנה","?? ?????","unmapped_fallback","2026-03-07"
"מגרון","מגרון","?? ?????","unmapped_fallback","2026-03-07"
"באקה אל גרבייה","באקה אל גרבייה","?? ?????","unmapped_fallback","2026-03-07"
"אמץ","אמץ","?? ?????","unmapped_fallback","2026-03-07"
"חוות אל נווה","חוות אל נווה","?? ?????","unmapped_fallback","2026-03-07"
"חוות אלחי","חוות אלחי","?? ?????","unmapped_fallback","2026-03-07"
"חומש","חומש","?? ?????","unmapped_fallback","2026-03-07"
"חרמש דרום","חרמש דרום","?? ?????","unmapped_fallback","2026-03-07"
"חוות גנות","חוות גנות","?? ?????","unmapped_fallback","2026-03-07"
"בתרונות","בתרונות","?? ?????","unmapped_fallback","2026-03-07"
"החווה של אורי כהן","החווה של אורי כהן","?? ?????","unmapped_fallback","2026-03-07"
"החווה של מנחם","החווה של מנחם","?? ?????","unmapped_fallback","2026-03-07"
"החווה של עשהאל","החווה של עשהאל","?? ?????","unmapped_fallback","2026-03-07"
"חוות יד השומר","חוות יד השומר","?? ?????","unmapped_fallback","2026-03-07"
"הר חלוץ","הר חלוץ","?? ?????","unmapped_fallback","2026-03-07"
"כורזים ורד הגליל","כורזים ורד הגליל","?? ?????","unmapped_fallback","2026-03-07"
"צורית גילון","צורית גילון","?? ?????","unmapped_fallback","2026-03-07"
"בית ספר שדה מירון","בית ספר שדה מירון","?? ?????","unmapped_fallback","2026-03-07"
"מרכז אזורי מרום גליל","מרכז אזורי מרום גליל","?? ?????","unmapped_fallback","2026-03-07"
"מרכז אזורי רמת כורזים","מרכז אזורי רמת כורזים","?? ?????","unmapped_fallback","2026-03-07"
"קדיתא","קדיתא","?? ?????","unmapped_fallback","2026-03-07"
"חמדת ימים","חמדת ימים","?? ?????","unmapped_fallback","2026-03-07"
"מנחת מחניים","מנחת מחניים","?? ?????","unmapped_fallback","2026-03-07"
"בית סוהר צלמון","בית סוהר צלמון","?? ?????","unmapped_fallback","2026-03-07"
"הררית יחד","הררית יחד","?? ?????","unmapped_fallback","2026-03-07"
"לוטם וחמדון","לוטם וחמדון","?? ?????","unmapped_fallback","2026-03-07"
"מע'אר","מע'אר","?? ?????","unmapped_fallback","2026-03-07"
"בית העלמין החדש נהריה","בית העלמין החדש נהריה","?? ?????","unmapped_fallback","2026-03-07"
"גבעת אסף","גבעת אסף","?? ?????","unmapped_fallback","2026-03-07"
"חוות אביחי","חוות אביחי","?? ?????","unmapped_fallback","2026-03-07"
"חוות מגנזי","חוות מגנזי","?? ?????","unmapped_fallback","2026-03-07"
"חוות נווה צוף","חוות נווה צוף","?? ?????","unmapped_fallback","2026-03-07"
"חוות נוף אב""י","חוות נוף אב""י","?? ?????","unmapped_fallback","2026-03-07"
"חוות נחל שילה","חוות נחל שילה","?? ?????","unmapped_fallback","2026-03-07"
"חוות עולם חסד","חוות עולם חסד","?? ?????","unmapped_fallback","2026-03-07"
"חוות צרידה","חוות צרידה","?? ?????","unmapped_fallback","2026-03-07"
"חוות שוביאל","חוות שוביאל","?? ?????","unmapped_fallback","2026-03-07"
"חוות שחרית","חוות שחרית","?? ?????","unmapped_fallback","2026-03-07"
"יבוא דודי","יבוא דודי","?? ?????","unmapped_fallback","2026-03-07"
"מכינת אלישע","מכינת אלישע","?? ?????","unmapped_fallback","2026-03-07"
"מגרון","מגרון","?? ?????","unmapped_fallback","2026-03-07"
"אעירה השחר","אעירה השחר","?? ?????","unmapped_fallback","2026-03-07"
"חוות חנינא","חוות חנינא","?? ?????","unmapped_fallback","2026-03-07"
"חוות מעלה אהוביה","חוות מעלה אהוביה","?? ?????","unmapped_fallback","2026-03-07"
"חוות ראש תאנה","חוות ראש תאנה","?? ?????","unmapped_fallback","2026-03-07"
"חוות יאיר","חוות יאיר","?? ?????","unmapped_fallback","2026-03-07"
"החווה של זוהר","החווה של זוהר","?? ?????","unmapped_fallback","2026-03-07"
"חוות בניהו","חוות בניהו","?? ?????","unmapped_fallback","2026-03-07"
"חוות הרשאש","חוות הרשאש","?? ?????","unmapped_fallback","2026-03-07"
"חוות ינון","חוות ינון","?? ?????","unmapped_fallback","2026-03-07"
"חוות מגדלים","חוות מגדלים","?? ?????","unmapped_fallback","2026-03-07"
"חוות מלכיאל","חוות מלכיאל","?? ?????","unmapped_fallback","2026-03-07"
"חוות נחלת צבי","חוות נחלת צבי","?? ?????","unmapped_fallback","2026-03-07"
"חוות פריאל","חוות פריאל","?? ?????","unmapped_fallback","2026-03-07"
"חוות מגנזי","חוות מגנזי","?? ?????","unmapped_fallback","2026-03-07"
"חוות עולם חסד","חוות עולם חסד","?? ?????","unmapped_fallback","2026-03-07"
"חוות אביחי","חוות אביחי","?? ?????","unmapped_fallback","2026-03-07"
"חוות צרידה","חוות צרידה","?? ?????","unmapped_fallback","2026-03-07"
"מכינת אלישע","מכינת אלישע","?? ?????","unmapped_fallback","2026-03-07"
"חוות נווה צוף","חוות נווה צוף","?? ?????","unmapped_fallback","2026-03-07"
"יבוא דודי","יבוא דודי","?? ?????","unmapped_fallback","2026-03-07"
"שאנטי במדבר","שאנטי במדבר","?? ?????","unmapped_fallback","2026-03-07"
"שני ליבנה","שני ליבנה","?? ?????","unmapped_fallback","2026-03-07"
"חוות מקנה יהודה","חוות מקנה יהודה","?? ?????","unmapped_fallback","2026-03-07"
"חוות מור ואברהם","חוות מור ואברהם","?? ?????","unmapped_fallback","2026-03-07"
"ישובי אומן","ישובי אומן","?? ?????","unmapped_fallback","2026-03-08"
"מוקיבלה","מוקיבלה","?? ?????","unmapped_fallback","2026-03-08"
"מרכז חבר","מרכז חבר","?? ?????","unmapped_fallback","2026-03-08"
"אזור תעשייה קיסריה","אזור תעשייה קיסריה","?? ?????","unmapped_fallback","2026-03-08"
"באקה אל גרבייה","באקה אל גרבייה","?? ?????","unmapped_fallback","2026-03-08"
"גבעת עדה","גבעת עדה","?? ?????","unmapped_fallback","2026-03-08"
"דליה","דליה","?? ?????","unmapped_fallback","2026-03-08"
"קיבוץ מגידו","קיבוץ מגידו","?? ?????","unmapped_fallback","2026-03-08"
"אום אל קוטוף","אום אל קוטוף","?? ?????","unmapped_fallback","2026-03-08"
"אזור תעשייה שחק","אזור תעשייה שחק","?? ?????","unmapped_fallback","2026-03-08"
"אמץ","אמץ","?? ?????","unmapped_fallback","2026-03-08"
"בית חרות","בית חרות","?? ?????","unmapped_fallback","2026-03-08"
"ברטעה","ברטעה","?? ?????","unmapped_fallback","2026-03-08"
"גבעת חיים איחוד","גבעת חיים איחוד","?? ?????","unmapped_fallback","2026-03-08"
"גבעת חיים מאוחד","גבעת חיים מאוחד","?? ?????","unmapped_fallback","2026-03-08"
"חבצלת השרון וצוקי ים","חבצלת השרון וצוקי ים","?? ?????","unmapped_fallback","2026-03-08"
"מועאוויה","מועאוויה","?? ?????","unmapped_fallback","2026-03-08"
"מתחם שביל התפוזים","מתחם שביל התפוזים","?? ?????","unmapped_fallback","2026-03-08"
"עין אל סהלה","עין אל סהלה","?? ?????","unmapped_fallback","2026-03-08"
"בי""ס כרמים בנימינה","בי""ס כרמים בנימינה","?? ?????","unmapped_fallback","2026-03-08"
"חוות אביה","חוות אביה","?? ?????","unmapped_fallback","2026-03-08"
"חוות אל נווה","חוות אל נווה","?? ?????","unmapped_fallback","2026-03-08"
"חרמש דרום","חרמש דרום","?? ?????","unmapped_fallback","2026-03-08"
"טל מנשה","טל מנשה","?? ?????","unmapped_fallback","2026-03-08"
"נמל קיסריה","נמל קיסריה","?? ?????","unmapped_fallback","2026-03-08"
"ישובי יעל","ישובי יעל","?? ?????","unmapped_fallback","2026-03-08"
"סנדלה","סנדלה","?? ?????","unmapped_fallback","2026-03-08"
"מתחם סקי גלבוע","מתחם סקי גלבוע","?? ?????","unmapped_fallback","2026-03-08"
"אזור תעשייה אלון התבור","אזור תעשייה אלון התבור","?? ?????","unmapped_fallback","2026-03-08"
"בית אלפא וחפציבה","בית אלפא וחפציבה","?? ?????","unmapped_fallback","2026-03-08"
"טייבה בגלבוע","טייבה בגלבוע","?? ?????","unmapped_fallback","2026-03-08"
"טמרה בגלבוע","טמרה בגלבוע","?? ?????","unmapped_fallback","2026-03-08"
"כפר גמילה מלכישוע","כפר גמילה מלכישוע","?? ?????","unmapped_fallback","2026-03-08"
"מרחביה מושב","מרחביה מושב","?? ?????","unmapped_fallback","2026-03-08"
"מרחביה קיבוץ","מרחביה קיבוץ","?? ?????","unmapped_fallback","2026-03-08"
"נוה איתן","נוה איתן","?? ?????","unmapped_fallback","2026-03-08"
"גני חוגה","גני חוגה","?? ?????","unmapped_fallback","2026-03-08"
"קבוצת גבע","קבוצת גבע","?? ?????","unmapped_fallback","2026-03-08"
"גבעת וולפסון","גבעת וולפסון","?? ?????","unmapped_fallback","2026-03-08"
"חג'אג'רה","חג'אג'רה","?? ?????","unmapped_fallback","2026-03-08"
"כעביה טבאש","כעביה טבאש","?? ?????","unmapped_fallback","2026-03-08"
"צורית גילון","צורית גילון","?? ?????","unmapped_fallback","2026-03-08"
"אזור תעשייה קדמת גליל","אזור תעשייה קדמת גליל","?? ?????","unmapped_fallback","2026-03-08"
"אתר ההנצחה גולני","אתר ההנצחה גולני","?? ?????","unmapped_fallback","2026-03-08"
"בית העלמין החדש עכו","בית העלמין החדש עכו","?? ?????","unmapped_fallback","2026-03-08"
"בית סוהר צלמון","בית סוהר צלמון","?? ?????","unmapped_fallback","2026-03-08"
"בית סוהר קישון","בית סוהר קישון","?? ?????","unmapped_fallback","2026-03-08"
"הררית יחד","הררית יחד","?? ?????","unmapped_fallback","2026-03-08"
"לוטם וחמדון","לוטם וחמדון","?? ?????","unmapped_fallback","2026-03-08"
"מע'אר","מע'אר","?? ?????","unmapped_fallback","2026-03-08"
"בית עלמין תל רגב","בית עלמין תל רגב","?? ?????","unmapped_fallback","2026-03-08"
"כפר ח'וואלד","כפר ח'וואלד","?? ?????","unmapped_fallback","2026-03-08"
"סואעד חמירה","סואעד חמירה","?? ?????","unmapped_fallback","2026-03-08"
"תחנת רכבת כפר יהושוע","תחנת רכבת כפר יהושוע","?? ?????","unmapped_fallback","2026-03-08"
"יקנעם המושבה והזורע","יקנעם המושבה והזורע","?? ?????","unmapped_fallback","2026-03-08"
"בוקעתא","בוקעתא","?? ?????","unmapped_fallback","2026-03-08"
"שני ליבנה","שני ליבנה","?? ?????","unmapped_fallback","2026-03-08"
"חוות אשכולות","חוות אשכולות","?? ?????","unmapped_fallback","2026-03-08"
"חוות מור ואברהם","חוות מור ואברהם","?? ?????","unmapped_fallback","2026-03-08"
"חוות מקנה יהודה","חוות מקנה יהודה","?? ?????","unmapped_fallback","2026-03-08"
"כפר מימון ותושיה","כפר מימון ותושיה","?? ?????","unmapped_fallback","2026-03-08"
"הגבעה הצהובה","הגבעה הצהובה","?? ?????","unmapped_fallback","2026-03-08"
"בית הברכה","בית הברכה","?? ?????","unmapped_fallback","2026-03-08"
"גבעות","גבעות","?? ?????","unmapped_fallback","2026-03-08"
"חוות ארץ האיילים","חוות ארץ האיילים","?? ?????","unmapped_fallback","2026-03-08"
"חוות קשואלה","חוות קשואלה","?? ?????","unmapped_fallback","2026-03-08"
"חוות תלם צפון","חוות תלם צפון","?? ?????","unmapped_fallback","2026-03-08"
"עוז וגאון","עוז וגאון","?? ?????","unmapped_fallback","2026-03-08"
"אפקה","אפקה","?? ?????","unmapped_fallback","2026-03-08"
"חוות מדבר חבר","חוות מדבר חבר","?? ?????","unmapped_fallback","2026-03-08"
"חוות מלאכי אברהם","חוות מלאכי אברהם","?? ?????","unmapped_fallback","2026-03-08"
"שני ליבנה","שני ליבנה","?? ?????","unmapped_fallback","2026-03-08"
"חוות מור ואברהם","חוות מור ואברהם","?? ?????","unmapped_fallback","2026-03-08"
"חוות מקנה יהודה","חוות מקנה יהודה","?? ?????","unmapped_fallback","2026-03-08"
"חוות אשכולות","חוות אשכולות","?? ?????","unmapped_fallback","2026-03-08"
"חוות יאיר","חוות יאיר","?? ?????","unmapped_fallback","2026-03-08"
"הר ברכה","הר ברכה","?? ?????","unmapped_fallback","2026-03-08"
"חוות אביחי","חוות אביחי","?? ?????","unmapped_fallback","2026-03-08"
"בתרונות","בתרונות","?? ?????","unmapped_fallback","2026-03-08"
"גבעת פורת יוסף","גבעת פורת יוסף","?? ?????","unmapped_fallback","2026-03-08"
"החווה של אורי כהן","החווה של אורי כהן","?? ?????","unmapped_fallback","2026-03-08"
"החווה של יאיא","החווה של יאיא","?? ?????","unmapped_fallback","2026-03-08"
"החווה של עשהאל","החווה של עשהאל","?? ?????","unmapped_fallback","2026-03-08"
"חוות גנות","חוות גנות","?? ?????","unmapped_fallback","2026-03-08"
"חוות יד השומר","חוות יד השומר","?? ?????","unmapped_fallback","2026-03-08"
"חוות מגדלים","חוות מגדלים","?? ?????","unmapped_fallback","2026-03-08"
"חוות מרום שמואל","חוות מרום שמואל","?? ?????","unmapped_fallback","2026-03-08"
"חוות נווה צוף","חוות נווה צוף","?? ?????","unmapped_fallback","2026-03-08"
"חוות נוף אב""י","חוות נוף אב""י","?? ?????","unmapped_fallback","2026-03-08"
"חוות נחל שילה","חוות נחל שילה","?? ?????","unmapped_fallback","2026-03-08"
"חוות צרידה","חוות צרידה","?? ?????","unmapped_fallback","2026-03-08"
"חוות שדה","חוות שדה","?? ?????","unmapped_fallback","2026-03-08"
"חוות שוביאל","חוות שוביאל","?? ?????","unmapped_fallback","2026-03-08"
"חוות שחרית","חוות שחרית","?? ?????","unmapped_fallback","2026-03-08"
"מכינת אלישע","מכינת אלישע","?? ?????","unmapped_fallback","2026-03-08"
"חוות מגנזי","חוות מגנזי","?? ?????","unmapped_fallback","2026-03-08"
"חוות עולם חסד","חוות עולם חסד","?? ?????","unmapped_fallback","2026-03-08"
"החווה של מנחם","החווה של מנחם","?? ?????","unmapped_fallback","2026-03-08"
"חוות עמיאל","חוות עמיאל","?? ?????","unmapped_fallback","2026-03-08"
"חוות פריאל","חוות פריאל","?? ?????","unmapped_fallback","2026-03-08"
"חוף זיקים","חוף זיקים","?? ?????","unmapped_fallback","2026-03-08"
"חוות הרשאש","חוות הרשאש","?? ?????","unmapped_fallback","2026-03-08"
"בית העלמין החדש נהריה","בית העלמין החדש נהריה","?? ?????","unmapped_fallback","2026-03-08"
"בית העלמין החדש נהריה","בית העלמין החדש נהריה","?? ?????","unmapped_fallback","2026-03-08"
"בית העלמין החדש עכו","בית העלמין החדש עכו","?? ?????","unmapped_fallback","2026-03-08"
"בית העלמין החדש נהריה","בית העלמין החדש נהריה","?? ?????","unmapped_fallback","2026-03-08"
"בית העלמין החדש עכו","בית העלמין החדש עכו","?? ?????","unmapped_fallback","2026-03-08"
"הר חלוץ","הר חלוץ","?? ?????","unmapped_fallback","2026-03-08"
"חוות אביחי","חוות אביחי","?? ?????","unmapped_fallback","2026-03-08"
"חוות צרידה","חוות צרידה","?? ?????","unmapped_fallback","2026-03-08"
"חוות שחרית","חוות שחרית","?? ?????","unmapped_fallback","2026-03-08"
"חוות יאיר","חוות יאיר","?? ?????","unmapped_fallback","2026-03-08"
"חוות נוף אב""י","חוות נוף אב""י","?? ?????","unmapped_fallback","2026-03-08"
"חוות עולם חסד","חוות עולם חסד","?? ?????","unmapped_fallback","2026-03-08"
"חוות שוביאל","חוות שוביאל","?? ?????","unmapped_fallback","2026-03-08"
"מכינת אלישע","מכינת אלישע","?? ?????","unmapped_fallback","2026-03-08"
"חוות מגנזי","חוות מגנזי","?? ?????","unmapped_fallback","2026-03-08"
"חוות נווה צוף","חוות נווה צוף","?? ?????","unmapped_fallback","2026-03-08"
"יבוא דודי","יבוא דודי","?? ?????","unmapped_fallback","2026-03-08"
"צורית גילון","צורית גילון","?? ?????","unmapped_fallback","2026-03-08"
"גבעת אסף","גבעת אסף","?? ?????","unmapped_fallback","2026-03-08"
"אעירה השחר","אעירה השחר","?? ?????","unmapped_fallback","2026-03-08"
"בני אדם","בני אדם","?? ?????","unmapped_fallback","2026-03-08"
"החווה של זוהר","החווה של זוהר","?? ?????","unmapped_fallback","2026-03-08"
"חוות בניהו","חוות בניהו","?? ?????","unmapped_fallback","2026-03-08"
"חוות הרשאש","חוות הרשאש","?? ?????","unmapped_fallback","2026-03-08"
"חוות חנינא","חוות חנינא","?? ?????","unmapped_fallback","2026-03-08"
"חוות ינון","חוות ינון","?? ?????","unmapped_fallback","2026-03-08"
"חוות מגנזי","חוות מגנזי","?? ?????","unmapped_fallback","2026-03-08"
"חוות מלכיאל","חוות מלכיאל","?? ?????","unmapped_fallback","2026-03-08"
"חוות מעלה אהוביה","חוות מעלה אהוביה","?? ?????","unmapped_fallback","2026-03-08"
"חוות נווה צוף","חוות נווה צוף","?? ?????","unmapped_fallback","2026-03-08"
"חוות נחל שילה","חוות נחל שילה","?? ?????","unmapped_fallback","2026-03-08"
"חוות נחלת צבי","חוות נחלת צבי","?? ?????","unmapped_fallback","2026-03-08"
"חוות עולם חסד","חוות עולם חסד","?? ?????","unmapped_fallback","2026-03-08"
"חוות פריאל","חוות פריאל","?? ?????","unmapped_fallback","2026-03-08"
"חוות ראש תאנה","חוות ראש תאנה","?? ?????","unmapped_fallback","2026-03-08"
"יבוא דודי","יבוא דודי","?? ?????","unmapped_fallback","2026-03-08"
"מגרון","מגרון","?? ?????","unmapped_fallback","2026-03-08"
"מכינת אלישע","מכינת אלישע","?? ?????","unmapped_fallback","2026-03-08"
"חוות מגדלים","חוות מגדלים","?? ?????","unmapped_fallback","2026-03-08"
"חוות אביחי","חוות אביחי","?? ?????","unmapped_fallback","2026-03-08"
"חוות צרידה","חוות צרידה","?? ?????","unmapped_fallback","2026-03-08"
"אלון","אלון","?? ?????","unmapped_fallback","2026-03-08"
"בית חגלה","בית חגלה","?? ?????","unmapped_fallback","2026-03-08"
"החווה של מנחם","החווה של מנחם","?? ?????","unmapped_fallback","2026-03-08"
"צומת אלמוג","צומת אלמוג","?? ?????","unmapped_fallback","2026-03-08"
"קדם ערבה","קדם ערבה","?? ?????","unmapped_fallback","2026-03-08"
"חוות גנות","חוות גנות","?? ?????","unmapped_fallback","2026-03-08"
"מרכז אזורי מגילות","מרכז אזורי מגילות","?? ?????","unmapped_fallback","2026-03-08"
"החווה של יאיא","החווה של יאיא","?? ?????","unmapped_fallback","2026-03-08"
"קדיתא","קדיתא","?? ?????","unmapped_fallback","2026-03-08"
"חוות יאיר","חוות יאיר","?? ?????","unmapped_fallback","2026-03-08"
"חוות אביחי","חוות אביחי","?? ?????","unmapped_fallback","2026-03-08"
"חוות מגנזי","חוות מגנזי","?? ?????","unmapped_fallback","2026-03-08"
"חוות נווה צוף","חוות נווה צוף","?? ?????","unmapped_fallback","2026-03-08"
"חוות נוף אב""י","חוות נוף אב""י","?? ?????","unmapped_fallback","2026-03-08"
"חוות עולם חסד","חוות עולם חסד","?? ?????","unmapped_fallback","2026-03-08"
"חוות צרידה","חוות צרידה","?? ?????","unmapped_fallback","2026-03-08"
"חוות שוביאל","חוות שוביאל","?? ?????","unmapped_fallback","2026-03-08"
"חוות שחרית","חוות שחרית","?? ?????","unmapped_fallback","2026-03-08"
"יבוא דודי","יבוא דודי","?? ?????","unmapped_fallback","2026-03-08"
"מכינת אלישע","מכינת אלישע","?? ?????","unmapped_fallback","2026-03-08"
"גבעת אסף","גבעת אסף","?? ?????","unmapped_fallback","2026-03-08"
"הר ברכה","הר ברכה","?? ?????","unmapped_fallback","2026-03-08"
"גבעת פורת יוסף","גבעת פורת יוסף","?? ?????","unmapped_fallback","2026-03-08"
"החווה של יאיא","החווה של יאיא","?? ?????","unmapped_fallback","2026-03-08"
"חוות גנות","חוות גנות","?? ?????","unmapped_fallback","2026-03-08"
"חוות הרשאש","חוות הרשאש","?? ?????","unmapped_fallback","2026-03-08"
"חוות מגדלים","חוות מגדלים","?? ?????","unmapped_fallback","2026-03-08"
"חוות מרום שמואל","חוות מרום שמואל","?? ?????","unmapped_fallback","2026-03-08"
"חוות נחל שילה","חוות נחל שילה","?? ?????","unmapped_fallback","2026-03-08"
"חוות פריאל","חוות פריאל","?? ?????","unmapped_fallback","2026-03-08"
"חוות ראש תאנה","חוות ראש תאנה","?? ?????","unmapped_fallback","2026-03-08"
"חוות שדה","חוות שדה","?? ?????","unmapped_fallback","2026-03-08"
"אעירה השחר","אעירה השחר","?? ?????","unmapped_fallback","2026-03-08"
"חוות חנינא","חוות חנינא","?? ?????","unmapped_fallback","2026-03-08"
"חוות מעלה אהוביה","חוות מעלה אהוביה","?? ?????","unmapped_fallback","2026-03-08"
"מגרון","מגרון","?? ?????","unmapped_fallback","2026-03-08"
"החווה של עשהאל","החווה של עשהאל","?? ?????","unmapped_fallback","2026-03-08"
"בני אדם","בני אדם","?? ?????","unmapped_fallback","2026-03-08"
"החווה של זוהר","החווה של זוהר","?? ?????","unmapped_fallback","2026-03-08"
"חוות בניהו","חוות בניהו","?? ?????","unmapped_fallback","2026-03-08"
"חוות ינון","חוות ינון","?? ?????","unmapped_fallback","2026-03-08"
"חוות מלכיאל","חוות מלכיאל","?? ?????","unmapped_fallback","2026-03-08"
"חוות נחלת צבי","חוות נחלת צבי","?? ?????","unmapped_fallback","2026-03-08"
"חומש","חומש","?? ?????","unmapped_fallback","2026-03-08"
"חוות אלחי","חוות אלחי","?? ?????","unmapped_fallback","2026-03-08"
"חוות מור ואברהם","חוות מור ואברהם","?? ?????","unmapped_fallback","2026-03-08"
"כפר מימון ותושיה","כפר מימון ותושיה","?? ?????","unmapped_fallback","2026-03-08"
"שני ליבנה","שני ליבנה","?? ?????","unmapped_fallback","2026-03-08"
"חוות מקנה יהודה","חוות מקנה יהודה","?? ?????","unmapped_fallback","2026-03-08"
"חוות אשכולות","חוות אשכולות","?? ?????","unmapped_fallback","2026-03-08"
"חוות יאיר","חוות יאיר","?? ?????","unmapped_fallback","2026-03-08"
"חוות אביחי","חוות אביחי","?? ?????","unmapped_fallback","2026-03-08"
"חוות מגנזי","חוות מגנזי","?? ?????","unmapped_fallback","2026-03-08"
"חוות נווה צוף","חוות נווה צוף","?? ?????","unmapped_fallback","2026-03-08"
"חוות נוף אב""י","חוות נוף אב""י","?? ?????","unmapped_fallback","2026-03-08"
"חוות נחל שילה","חוות נחל שילה","?? ?????","unmapped_fallback","2026-03-08"
"חוות עולם חסד","חוות עולם חסד","?? ?????","unmapped_fallback","2026-03-08"
"חוות צרידה","חוות צרידה","?? ?????","unmapped_fallback","2026-03-08"
"חוות שוביאל","חוות שוביאל","?? ?????","unmapped_fallback","2026-03-08"
"חוות שחרית","חוות שחרית","?? ?????","unmapped_fallback","2026-03-08"
"יבוא דודי","יבוא דודי","?? ?????","unmapped_fallback","2026-03-08"
"מכינת אלישע","מכינת אלישע","?? ?????","unmapped_fallback","2026-03-08"
"חוות מגדלים","חוות מגדלים","?? ?????","unmapped_fallback","2026-03-08"
"הר ברכה","הר ברכה","?? ?????","unmapped_fallback","2026-03-08"
"חוות שדה","חוות שדה","?? ?????","unmapped_fallback","2026-03-08"
"גבעת פורת יוסף","גבעת פורת יוסף","?? ?????","unmapped_fallback","2026-03-08"
"החווה של יאיא","החווה של יאיא","?? ?????","unmapped_fallback","2026-03-08"
"חוות גנות","חוות גנות","?? ?????","unmapped_fallback","2026-03-08"
"חוות הרשאש","חוות הרשאש","?? ?????","unmapped_fallback","2026-03-08"
"חוות מרום שמואל","חוות מרום שמואל","?? ?????","unmapped_fallback","2026-03-08"
"חוות פריאל","חוות פריאל","?? ?????","unmapped_fallback","2026-03-08"
"חוות ראש תאנה","חוות ראש תאנה","?? ?????","unmapped_fallback","2026-03-08"
"גבעת אסף","גבעת אסף","?? ?????","unmapped_fallback","2026-03-08"
"חוות מעלה אהוביה","חוות מעלה אהוביה","?? ?????","unmapped_fallback","2026-03-08"
"אעירה השחר","אעירה השחר","?? ?????","unmapped_fallback","2026-03-08"
"החווה של מנחם","החווה של מנחם","?? ?????","unmapped_fallback","2026-03-08"
"החווה של זוהר","החווה של זוהר","?? ?????","unmapped_fallback","2026-03-08"
"חוות חנינא","חוות חנינא","?? ?????","unmapped_fallback","2026-03-08"
"חוות ינון","חוות ינון","?? ?????","unmapped_fallback","2026-03-08"
"חוות מלכיאל","חוות מלכיאל","?? ?????","unmapped_fallback","2026-03-08"
"חוות נחלת צבי","חוות נחלת צבי","?? ?????","unmapped_fallback","2026-03-08"
"החווה של אורי כהן","החווה של אורי כהן","?? ?????","unmapped_fallback","2026-03-08"
"החווה של עשהאל","החווה של עשהאל","?? ?????","unmapped_fallback","2026-03-08"
"בתרונות","בתרונות","?? ?????","unmapped_fallback","2026-03-08"
"חוות יד השומר","חוות יד השומר","?? ?????","unmapped_fallback","2026-03-08"
"אזור תעשייה קיסריה","אזור תעשייה קיסריה","?? ?????","unmapped_fallback","2026-03-09"
"באקה אל גרבייה","באקה אל גרבייה","?? ?????","unmapped_fallback","2026-03-09"
"גבעת עדה","גבעת עדה","?? ?????","unmapped_fallback","2026-03-09"
"אזור תעשייה שחק","אזור תעשייה שחק","?? ?????","unmapped_fallback","2026-03-09"
"אום אל קוטוף","אום אל קוטוף","?? ?????","unmapped_fallback","2026-03-09"
"אמץ","אמץ","?? ?????","unmapped_fallback","2026-03-09"
"בית חרות","בית חרות","?? ?????","unmapped_fallback","2026-03-09"
"ברטעה","ברטעה","?? ?????","unmapped_fallback","2026-03-09"
"גבעת חיים איחוד","גבעת חיים איחוד","?? ?????","unmapped_fallback","2026-03-09"
"גבעת חיים מאוחד","גבעת חיים מאוחד","?? ?????","unmapped_fallback","2026-03-09"
"חבצלת השרון וצוקי ים","חבצלת השרון וצוקי ים","?? ?????","unmapped_fallback","2026-03-09"
"מועאוויה","מועאוויה","?? ?????","unmapped_fallback","2026-03-09"
"מתחם שביל התפוזים","מתחם שביל התפוזים","?? ?????","unmapped_fallback","2026-03-09"
"עין אל סהלה","עין אל סהלה","?? ?????","unmapped_fallback","2026-03-09"
"בי""ס כרמים בנימינה","בי""ס כרמים בנימינה","?? ?????","unmapped_fallback","2026-03-09"
"חוות אביה","חוות אביה","?? ?????","unmapped_fallback","2026-03-09"
"חוות אל נווה","חוות אל נווה","?? ?????","unmapped_fallback","2026-03-09"
"חרמש דרום","חרמש דרום","?? ?????","unmapped_fallback","2026-03-09"
"טל מנשה","טל מנשה","?? ?????","unmapped_fallback","2026-03-09"
"נמל קיסריה","נמל קיסריה","?? ?????","unmapped_fallback","2026-03-09"
"חוות מגנזי","חוות מגנזי","?? ?????","unmapped_fallback","2026-03-09"
"חוות עולם חסד","חוות עולם חסד","?? ?????","unmapped_fallback","2026-03-09"
"חוות אביחי","חוות אביחי","?? ?????","unmapped_fallback","2026-03-09"
"חוות צרידה","חוות צרידה","?? ?????","unmapped_fallback","2026-03-09"
"מכינת אלישע","מכינת אלישע","?? ?????","unmapped_fallback","2026-03-09"
"הר חלוץ","הר חלוץ","?? ?????","unmapped_fallback","2026-03-09"
"כורזים ורד הגליל","כורזים ורד הגליל","?? ?????","unmapped_fallback","2026-03-09"
"לב החולה","לב החולה","?? ?????","unmapped_fallback","2026-03-09"
"צורית גילון","צורית גילון","?? ?????","unmapped_fallback","2026-03-09"
"בית סוהר צלמון","בית סוהר צלמון","?? ?????","unmapped_fallback","2026-03-09"
"בית ספר שדה מירון","בית ספר שדה מירון","?? ?????","unmapped_fallback","2026-03-09"
"הררית יחד","הררית יחד","?? ?????","unmapped_fallback","2026-03-09"
"לוטם וחמדון","לוטם וחמדון","?? ?????","unmapped_fallback","2026-03-09"
"מע'אר","מע'אר","?? ?????","unmapped_fallback","2026-03-09"
"מרכז אזורי מרום גליל","מרכז אזורי מרום גליל","?? ?????","unmapped_fallback","2026-03-09"
"מרכז אזורי רמת כורזים","מרכז אזורי רמת כורזים","?? ?????","unmapped_fallback","2026-03-09"
"קדיתא","קדיתא","?? ?????","unmapped_fallback","2026-03-09"
"חמדת ימים","חמדת ימים","?? ?????","unmapped_fallback","2026-03-09"
"מנחת מחניים","מנחת מחניים","?? ?????","unmapped_fallback","2026-03-09"
"גבעת וולפסון","גבעת וולפסון","?? ?????","unmapped_fallback","2026-03-09"
"חג'אג'רה","חג'אג'רה","?? ?????","unmapped_fallback","2026-03-09"
"כעביה טבאש","כעביה טבאש","?? ?????","unmapped_fallback","2026-03-09"
"בית העלמין החדש עכו","בית העלמין החדש עכו","?? ?????","unmapped_fallback","2026-03-09"
"בית סוהר קישון","בית סוהר קישון","?? ?????","unmapped_fallback","2026-03-09"
"מרכז מיר''ב","מרכז מיר''ב","?? ?????","unmapped_fallback","2026-03-09"
"בית עלמין תל רגב","בית עלמין תל רגב","?? ?????","unmapped_fallback","2026-03-09"
"כפר ח'וואלד","כפר ח'וואלד","?? ?????","unmapped_fallback","2026-03-09"
"סואעד חמירה","סואעד חמירה","?? ?????","unmapped_fallback","2026-03-09"
"תחנת רכבת כפר יהושוע","תחנת רכבת כפר יהושוע","?? ?????","unmapped_fallback","2026-03-09"
"בוקעתא","בוקעתא","?? ?????","unmapped_fallback","2026-03-09"
"הר חלוץ","הר חלוץ","?? ?????","unmapped_fallback","2026-03-09"
"כורזים ורד הגליל","כורזים ורד הגליל","?? ?????","unmapped_fallback","2026-03-09"
"אזור תעשייה קדמת גליל","אזור תעשייה קדמת גליל","?? ?????","unmapped_fallback","2026-03-09"
"אתר ההנצחה גולני","אתר ההנצחה גולני","?? ?????","unmapped_fallback","2026-03-09"
"בית סוהר צלמון","בית סוהר צלמון","?? ?????","unmapped_fallback","2026-03-09"
"הררית יחד","הררית יחד","?? ?????","unmapped_fallback","2026-03-09"
"לוטם וחמדון","לוטם וחמדון","?? ?????","unmapped_fallback","2026-03-09"
"מע'אר","מע'אר","?? ?????","unmapped_fallback","2026-03-09"
"מרכז אזורי מרום גליל","מרכז אזורי מרום גליל","?? ?????","unmapped_fallback","2026-03-09"
"מרכז אזורי רמת כורזים","מרכז אזורי רמת כורזים","?? ?????","unmapped_fallback","2026-03-09"
"קדיתא","קדיתא","?? ?????","unmapped_fallback","2026-03-09"
"חמדת ימים","חמדת ימים","?? ?????","unmapped_fallback","2026-03-09"
"מנחת מחניים","מנחת מחניים","?? ?????","unmapped_fallback","2026-03-09"
"בית ספר שדה מירון","בית ספר שדה מירון","?? ?????","unmapped_fallback","2026-03-09"
"גבעת וולפסון","גבעת וולפסון","?? ?????","unmapped_fallback","2026-03-09"
"גניגר","גניגר","?? ?????","unmapped_fallback","2026-03-09"
"חג'אג'רה","חג'אג'רה","?? ?????","unmapped_fallback","2026-03-09"
"כעביה טבאש","כעביה טבאש","?? ?????","unmapped_fallback","2026-03-09"
"דליה","דליה","?? ?????","unmapped_fallback","2026-03-09"
"יקנעם המושבה והזורע","יקנעם המושבה והזורע","?? ?????","unmapped_fallback","2026-03-09"
"בית סוהר קישון","בית סוהר קישון","?? ?????","unmapped_fallback","2026-03-09"
"מרכז מיר''ב","מרכז מיר''ב","?? ?????","unmapped_fallback","2026-03-09"
"תחנת רכבת כפר ברוך","תחנת רכבת כפר ברוך","?? ?????","unmapped_fallback","2026-03-09"
"בית עלמין תל רגב","בית עלמין תל רגב","?? ?????","unmapped_fallback","2026-03-09"
"כפר ח'וואלד","כפר ח'וואלד","?? ?????","unmapped_fallback","2026-03-09"
"סואעד חמירה","סואעד חמירה","?? ?????","unmapped_fallback","2026-03-09"
"תחנת רכבת כפר יהושוע","תחנת רכבת כפר יהושוע","?? ?????","unmapped_fallback","2026-03-09"
"בי""ס כרמים בנימינה","בי""ס כרמים בנימינה","?? ?????","unmapped_fallback","2026-03-09"
"הר חלוץ","הר חלוץ","?? ?????","unmapped_fallback","2026-03-09"
"כורזים ורד הגליל","כורזים ורד הגליל","?? ?????","unmapped_fallback","2026-03-09"
"צורית גילון","צורית גילון","?? ?????","unmapped_fallback","2026-03-09"
"אזור תעשייה קדמת גליל","אזור תעשייה קדמת גליל","?? ?????","unmapped_fallback","2026-03-09"
"אתר ההנצחה גולני","אתר ההנצחה גולני","?? ?????","unmapped_fallback","2026-03-09"
"בית העלמין החדש עכו","בית העלמין החדש עכו","?? ?????","unmapped_fallback","2026-03-09"
"בית סוהר צלמון","בית סוהר צלמון","?? ?????","unmapped_fallback","2026-03-09"
"הררית יחד","הררית יחד","?? ?????","unmapped_fallback","2026-03-09"
"לוטם וחמדון","לוטם וחמדון","?? ?????","unmapped_fallback","2026-03-09"
"מע'אר","מע'אר","?? ?????","unmapped_fallback","2026-03-09"
"מרכז אזורי רמת כורזים","מרכז אזורי רמת כורזים","?? ?????","unmapped_fallback","2026-03-09"
"מרכז אזורי מרום גליל","מרכז אזורי מרום גליל","?? ?????","unmapped_fallback","2026-03-09"
"חמדת ימים","חמדת ימים","?? ?????","unmapped_fallback","2026-03-09"
"סואעד חמירה","סואעד חמירה","?? ?????","unmapped_fallback","2026-03-09"
"מנחת מחניים","מנחת מחניים","?? ?????","unmapped_fallback","2026-03-09"
"חג'אג'רה","חג'אג'רה","?? ?????","unmapped_fallback","2026-03-09"
"כעביה טבאש","כעביה טבאש","?? ?????","unmapped_fallback","2026-03-09"
"בית עלמין תל רגב","בית עלמין תל רגב","?? ?????","unmapped_fallback","2026-03-09"
"כפר ח'וואלד","כפר ח'וואלד","?? ?????","unmapped_fallback","2026-03-09"
"פוריה נווה עובד","פוריה נווה עובד","?? ?????","unmapped_fallback","2026-03-09"
"בני יהודה וגבעת יואב","בני יהודה וגבעת יואב","?? ?????","unmapped_fallback","2026-03-09"
"אזור תעשייה בני יהודה","אזור תעשייה בני יהודה","?? ?????","unmapped_fallback","2026-03-09"
"שני ליבנה","שני ליבנה","?? ?????","unmapped_fallback","2026-03-09"
"חוות מור ואברהם","חוות מור ואברהם","?? ?????","unmapped_fallback","2026-03-09"
"חוות מקנה יהודה","חוות מקנה יהודה","?? ?????","unmapped_fallback","2026-03-09"
"חוות אשכולות","חוות אשכולות","?? ?????","unmapped_fallback","2026-03-09"
"כפר מימון ותושיה","כפר מימון ותושיה","?? ?????","unmapped_fallback","2026-03-09"
"חוות תלם צפון","חוות תלם צפון","?? ?????","unmapped_fallback","2026-03-09"
"גבעת עדה","גבעת עדה","?? ?????","unmapped_fallback","2026-03-09"
"דליה","דליה","?? ?????","unmapped_fallback","2026-03-09"
"יקנעם המושבה והזורע","יקנעם המושבה והזורע","?? ?????","unmapped_fallback","2026-03-09"
"קיבוץ מגידו","קיבוץ מגידו","?? ?????","unmapped_fallback","2026-03-09"
"אזור תעשייה אלון התבור","אזור תעשייה אלון התבור","?? ?????","unmapped_fallback","2026-03-09"
"גבעת וולפסון","גבעת וולפסון","?? ?????","unmapped_fallback","2026-03-09"
"גניגר","גניגר","?? ?????","unmapped_fallback","2026-03-09"
"חג'אג'רה","חג'אג'רה","?? ?????","unmapped_fallback","2026-03-09"
"טמרה בגלבוע","טמרה בגלבוע","?? ?????","unmapped_fallback","2026-03-09"
"כעביה טבאש","כעביה טבאש","?? ?????","unmapped_fallback","2026-03-09"
"מרחביה מושב","מרחביה מושב","?? ?????","unmapped_fallback","2026-03-09"
"מרחביה קיבוץ","מרחביה קיבוץ","?? ?????","unmapped_fallback","2026-03-09"
"מועאוויה","מועאוויה","?? ?????","unmapped_fallback","2026-03-09"
"אתר ההנצחה גולני","אתר ההנצחה גולני","?? ?????","unmapped_fallback","2026-03-09"
"בית סוהר קישון","בית סוהר קישון","?? ?????","unmapped_fallback","2026-03-09"
"דבוריה","דבוריה","?? ?????","unmapped_fallback","2026-03-09"
"ישובי אומן","ישובי אומן","?? ?????","unmapped_fallback","2026-03-09"
"מרכז מיר''ב","מרכז מיר''ב","?? ?????","unmapped_fallback","2026-03-09"
"שיבלי אום אלג'נם","שיבלי אום אלג'נם","?? ?????","unmapped_fallback","2026-03-09"
"תחנת רכבת כפר ברוך","תחנת רכבת כפר ברוך","?? ?????","unmapped_fallback","2026-03-09"
"בי""ס כרמים בנימינה","בי""ס כרמים בנימינה","?? ?????","unmapped_fallback","2026-03-09"
"בית עלמין תל רגב","בית עלמין תל רגב","?? ?????","unmapped_fallback","2026-03-09"
"כפר ח'וואלד","כפר ח'וואלד","?? ?????","unmapped_fallback","2026-03-09"
"סואעד חמירה","סואעד חמירה","?? ?????","unmapped_fallback","2026-03-09"
"תחנת רכבת כפר יהושוע","תחנת רכבת כפר יהושוע","?? ?????","unmapped_fallback","2026-03-09"
"נמל קיסריה","נמל קיסריה","?? ?????","unmapped_fallback","2026-03-09"
"חוות מדבר חבר","חוות מדבר חבר","?? ?????","unmapped_fallback","2026-03-09"
"חוות מלאכי אברהם","חוות מלאכי אברהם","?? ?????","unmapped_fallback","2026-03-09"
"אפקה","אפקה","?? ?????","unmapped_fallback","2026-03-09"
"טייבה בגלבוע","טייבה בגלבוע","?? ?????","unmapped_fallback","2026-03-09"
"אזור תעשייה קדמת גליל","אזור תעשייה קדמת גליל","?? ?????","unmapped_fallback","2026-03-09"
"בית ירח","בית ירח","?? ?????","unmapped_fallback","2026-03-09"
"הררית יחד","הררית יחד","?? ?????","unmapped_fallback","2026-03-09"
"כינרת מושבה","כינרת מושבה","?? ?????","unmapped_fallback","2026-03-09"
"כינרת קבוצה","כינרת קבוצה","?? ?????","unmapped_fallback","2026-03-09"
"פוריה כפר עבודה","פוריה כפר עבודה","?? ?????","unmapped_fallback","2026-03-09"
"פוריה נווה עובד","פוריה נווה עובד","?? ?????","unmapped_fallback","2026-03-09"
"פוריה עילית","פוריה עילית","?? ?????","unmapped_fallback","2026-03-09"
"מיצד","מיצד","?? ?????","unmapped_fallback","2026-03-09"
"הגבעה הצהובה","הגבעה הצהובה","?? ?????","unmapped_fallback","2026-03-09"
"איבי הנחל","איבי הנחל","?? ?????","unmapped_fallback","2026-03-09"
"בית הברכה","בית הברכה","?? ?????","unmapped_fallback","2026-03-09"
"חוות ארץ האיילים","חוות ארץ האיילים","?? ?????","unmapped_fallback","2026-03-09"
"חוות נחלת אבות","חוות נחלת אבות","?? ?????","unmapped_fallback","2026-03-09"
"עוז וגאון","עוז וגאון","?? ?????","unmapped_fallback","2026-03-09"
"תקוע ד' וה'","תקוע ד' וה'","?? ?????","unmapped_fallback","2026-03-09"
"אום אל קוטוף","אום אל קוטוף","?? ?????","unmapped_fallback","2026-03-09"
"אזור תעשייה שחק","אזור תעשייה שחק","?? ?????","unmapped_fallback","2026-03-09"
"ברטעה","ברטעה","?? ?????","unmapped_fallback","2026-03-09"
"עין אל סהלה","עין אל סהלה","?? ?????","unmapped_fallback","2026-03-09"
"חוות אביה","חוות אביה","?? ?????","unmapped_fallback","2026-03-09"
"חוות אל נווה","חוות אל נווה","?? ?????","unmapped_fallback","2026-03-09"
"חרמש דרום","חרמש דרום","?? ?????","unmapped_fallback","2026-03-09"
"טל מנשה","טל מנשה","?? ?????","unmapped_fallback","2026-03-09"
"חוות אלחי","חוות אלחי","?? ?????","unmapped_fallback","2026-03-09"
"חבצלת השרון וצוקי ים","חבצלת השרון וצוקי ים","?? ?????","unmapped_fallback","2026-03-09"
"אמץ","אמץ","?? ?????","unmapped_fallback","2026-03-09"
"בית חרות","בית חרות","?? ?????","unmapped_fallback","2026-03-09"
"גבעת חיים מאוחד","גבעת חיים מאוחד","?? ?????","unmapped_fallback","2026-03-09"
"גבעת חיים איחוד","גבעת חיים איחוד","?? ?????","unmapped_fallback","2026-03-09"
"מתחם שביל התפוזים","מתחם שביל התפוזים","?? ?????","unmapped_fallback","2026-03-09"
"בית אלפא וחפציבה","בית אלפא וחפציבה","?? ?????","unmapped_fallback","2026-03-09"
"כפר גמילה מלכישוע","כפר גמילה מלכישוע","?? ?????","unmapped_fallback","2026-03-09"
"נוה איתן","נוה איתן","?? ?????","unmapped_fallback","2026-03-09"
"גני חוגה","גני חוגה","?? ?????","unmapped_fallback","2026-03-09"
"ישובי יעל","ישובי יעל","?? ?????","unmapped_fallback","2026-03-09"
"מוקיבלה","מוקיבלה","?? ?????","unmapped_fallback","2026-03-09"
"מרכז חבר","מרכז חבר","?? ?????","unmapped_fallback","2026-03-09"
"מתחם סקי גלבוע","מתחם סקי גלבוע","?? ?????","unmapped_fallback","2026-03-09"
"סנדלה","סנדלה","?? ?????","unmapped_fallback","2026-03-09"
"קבוצת גבע","קבוצת גבע","?? ?????","unmapped_fallback","2026-03-09"
"אזור תעשייה קיסריה","אזור תעשייה קיסריה","?? ?????","unmapped_fallback","2026-03-09"
"באקה אל גרבייה","באקה אל גרבייה","?? ?????","unmapped_fallback","2026-03-09"
"כפר אלדד","כפר אלדד","?? ?????","unmapped_fallback","2026-03-09"
"חוות קשואלה","חוות קשואלה","?? ?????","unmapped_fallback","2026-03-09"
"אזור תעשייה אלון התבור","אזור תעשייה אלון התבור","?? ?????","unmapped_fallback","2026-03-09"
"גבעת וולפסון","גבעת וולפסון","?? ?????","unmapped_fallback","2026-03-09"
"גניגר","גניגר","?? ?????","unmapped_fallback","2026-03-09"
"חג'אג'רה","חג'אג'רה","?? ?????","unmapped_fallback","2026-03-09"
"טמרה בגלבוע","טמרה בגלבוע","?? ?????","unmapped_fallback","2026-03-09"
"כעביה טבאש","כעביה טבאש","?? ?????","unmapped_fallback","2026-03-09"
"מרחביה מושב","מרחביה מושב","?? ?????","unmapped_fallback","2026-03-09"
"מרחביה קיבוץ","מרחביה קיבוץ","?? ?????","unmapped_fallback","2026-03-09"
"גבעת עדה","גבעת עדה","?? ?????","unmapped_fallback","2026-03-09"
"דליה","דליה","?? ?????","unmapped_fallback","2026-03-09"
"יקנעם המושבה והזורע","יקנעם המושבה והזורע","?? ?????","unmapped_fallback","2026-03-09"
"קיבוץ מגידו","קיבוץ מגידו","?? ?????","unmapped_fallback","2026-03-09"
"בית סוהר קישון","בית סוהר קישון","?? ?????","unmapped_fallback","2026-03-09"
"דבוריה","דבוריה","?? ?????","unmapped_fallback","2026-03-09"
"ישובי אומן","ישובי אומן","?? ?????","unmapped_fallback","2026-03-09"
"מרכז חבר","מרכז חבר","?? ?????","unmapped_fallback","2026-03-09"
"מרכז מיר''ב","מרכז מיר''ב","?? ?????","unmapped_fallback","2026-03-09"
"שיבלי אום אלג'נם","שיבלי אום אלג'נם","?? ?????","unmapped_fallback","2026-03-09"
"תחנת רכבת כפר ברוך","תחנת רכבת כפר ברוך","?? ?????","unmapped_fallback","2026-03-09"
"ישובי יעל","ישובי יעל","?? ?????","unmapped_fallback","2026-03-09"
"מתחם סקי גלבוע","מתחם סקי גלבוע","?? ?????","unmapped_fallback","2026-03-09"
"מועאוויה","מועאוויה","?? ?????","unmapped_fallback","2026-03-09"
"סואעד חמירה","סואעד חמירה","?? ?????","unmapped_fallback","2026-03-09"
"תחנת רכבת כפר יהושוע","תחנת רכבת כפר יהושוע","?? ?????","unmapped_fallback","2026-03-09"
"בי""ס כרמים בנימינה","בי""ס כרמים בנימינה","?? ?????","unmapped_fallback","2026-03-09"
"אזור תעשייה קיסריה","אזור תעשייה קיסריה","?? ?????","unmapped_fallback","2026-03-09"
"נמל קיסריה","נמל קיסריה","?? ?????","unmapped_fallback","2026-03-09"
"אתר ההנצחה גולני","אתר ההנצחה גולני","?? ?????","unmapped_fallback","2026-03-09"
"בית עלמין תל רגב","בית עלמין תל רגב","?? ?????","unmapped_fallback","2026-03-09"
"כפר ח'וואלד","כפר ח'וואלד","?? ?????","unmapped_fallback","2026-03-09"
"עין אל סהלה","עין אל סהלה","?? ?????","unmapped_fallback","2026-03-09"
"נוה איתן","נוה איתן","?? ?????","unmapped_fallback","2026-03-09"
"גני חוגה","גני חוגה","?? ?????","unmapped_fallback","2026-03-09"
"טייבה בגלבוע","טייבה בגלבוע","?? ?????","unmapped_fallback","2026-03-09"
"קבוצת גבע","קבוצת גבע","?? ?????","unmapped_fallback","2026-03-09"
"חוות אביחי","חוות אביחי","?? ?????","unmapped_fallback","2026-03-09"
"חוות עולם חסד","חוות עולם חסד","?? ?????","unmapped_fallback","2026-03-09"
"חוות צרידה","חוות צרידה","?? ?????","unmapped_fallback","2026-03-09"
"חוות שחרית","חוות שחרית","?? ?????","unmapped_fallback","2026-03-09"
"חוות מגנזי","חוות מגנזי","?? ?????","unmapped_fallback","2026-03-09"
"חוות נווה צוף","חוות נווה צוף","?? ?????","unmapped_fallback","2026-03-09"
"יבוא דודי","יבוא דודי","?? ?????","unmapped_fallback","2026-03-09"
"מכינת אלישע","מכינת אלישע","?? ?????","unmapped_fallback","2026-03-09"
"חוות שוביאל","חוות שוביאל","?? ?????","unmapped_fallback","2026-03-09"
"חוות נוף אב""י","חוות נוף אב""י","?? ?????","unmapped_fallback","2026-03-09"
"חוות יאיר","חוות יאיר","?? ?????","unmapped_fallback","2026-03-09"
"גבעת אסף","גבעת אסף","?? ?????","unmapped_fallback","2026-03-09"
"אעירה השחר","אעירה השחר","?? ?????","unmapped_fallback","2026-03-09"
"חוות הרשאש","חוות הרשאש","?? ?????","unmapped_fallback","2026-03-09"
"חוות מגדלים","חוות מגדלים","?? ?????","unmapped_fallback","2026-03-09"
"חוות מעלה אהוביה","חוות מעלה אהוביה","?? ?????","unmapped_fallback","2026-03-09"
"חוות נחל שילה","חוות נחל שילה","?? ?????","unmapped_fallback","2026-03-09"
"חוות פריאל","חוות פריאל","?? ?????","unmapped_fallback","2026-03-09"
"חוות ראש תאנה","חוות ראש תאנה","?? ?????","unmapped_fallback","2026-03-09"
"בית העלמין החדש נהריה","בית העלמין החדש נהריה","?? ?????","unmapped_fallback","2026-03-09"
"חוות יאיר","חוות יאיר","?? ?????","unmapped_fallback","2026-03-09"
"חוות אביחי","חוות אביחי","?? ?????","unmapped_fallback","2026-03-09"
"אעירה השחר","אעירה השחר","?? ?????","unmapped_fallback","2026-03-09"
"החווה של יאיא","החווה של יאיא","?? ?????","unmapped_fallback","2026-03-09"
"חוות גנות","חוות גנות","?? ?????","unmapped_fallback","2026-03-09"
"חוות הרשאש","חוות הרשאש","?? ?????","unmapped_fallback","2026-03-09"
"חוות מגדלים","חוות מגדלים","?? ?????","unmapped_fallback","2026-03-09"
"חוות מגנזי","חוות מגנזי","?? ?????","unmapped_fallback","2026-03-09"
"חוות מעלה אהוביה","חוות מעלה אהוביה","?? ?????","unmapped_fallback","2026-03-09"
"חוות נווה צוף","חוות נווה צוף","?? ?????","unmapped_fallback","2026-03-09"
"חוות נוף אב""י","חוות נוף אב""י","?? ?????","unmapped_fallback","2026-03-09"
"חוות נחל שילה","חוות נחל שילה","?? ?????","unmapped_fallback","2026-03-09"
"חוות עולם חסד","חוות עולם חסד","?? ?????","unmapped_fallback","2026-03-09"
"חוות פריאל","חוות פריאל","?? ?????","unmapped_fallback","2026-03-09"
"חוות צרידה","חוות צרידה","?? ?????","unmapped_fallback","2026-03-09"
"חוות ראש תאנה","חוות ראש תאנה","?? ?????","unmapped_fallback","2026-03-09"
"חוות שדה","חוות שדה","?? ?????","unmapped_fallback","2026-03-09"
"חוות שוביאל","חוות שוביאל","?? ?????","unmapped_fallback","2026-03-09"
"חוות שחרית","חוות שחרית","?? ?????","unmapped_fallback","2026-03-09"
"יבוא דודי","יבוא דודי","?? ?????","unmapped_fallback","2026-03-09"
"מכינת אלישע","מכינת אלישע","?? ?????","unmapped_fallback","2026-03-09"
"הר ברכה","הר ברכה","?? ?????","unmapped_fallback","2026-03-09"
"חוות מרום שמואל","חוות מרום שמואל","?? ?????","unmapped_fallback","2026-03-09"
"החווה של מנחם","החווה של מנחם","?? ?????","unmapped_fallback","2026-03-09"
"בית העלמין החדש נהריה","בית העלמין החדש נהריה","?? ?????","unmapped_fallback","2026-03-09"
"נמל קיסריה","נמל קיסריה","?? ?????","unmapped_fallback","2026-03-09"
"בתרונות","בתרונות","?? ?????","unmapped_fallback","2026-03-09"
"חוות יד השומר","חוות יד השומר","?? ?????","unmapped_fallback","2026-03-09"
"בית העלמין החדש נהריה","בית העלמין החדש נהריה","?? ?????","unmapped_fallback","2026-03-09"
"הר ברכה","הר ברכה","?? ?????","unmapped_fallback","2026-03-09"
"גבעת פורת יוסף","גבעת פורת יוסף","?? ?????","unmapped_fallback","2026-03-09"
"החווה של יאיא","החווה של יאיא","?? ?????","unmapped_fallback","2026-03-09"
"החווה של מנחם","החווה של מנחם","?? ?????","unmapped_fallback","2026-03-09"
"חוות גנות","חוות גנות","?? ?????","unmapped_fallback","2026-03-09"
"חוות הרשאש","חוות הרשאש","?? ?????","unmapped_fallback","2026-03-09"
"חוות מגדלים","חוות מגדלים","?? ?????","unmapped_fallback","2026-03-09"
"חוות מרום שמואל","חוות מרום שמואל","?? ?????","unmapped_fallback","2026-03-09"
"חוות נוף אב""י","חוות נוף אב""י","?? ?????","unmapped_fallback","2026-03-09"
"חוות נחל שילה","חוות נחל שילה","?? ?????","unmapped_fallback","2026-03-09"
"חוות פריאל","חוות פריאל","?? ?????","unmapped_fallback","2026-03-09"
"חוות ראש תאנה","חוות ראש תאנה","?? ?????","unmapped_fallback","2026-03-09"
"חוות שדה","חוות שדה","?? ?????","unmapped_fallback","2026-03-09"
"חוות שוביאל","חוות שוביאל","?? ?????","unmapped_fallback","2026-03-09"
"חוות נווה צוף","חוות נווה צוף","?? ?????","unmapped_fallback","2026-03-09"
"מכינת אלישע","מכינת אלישע","?? ?????","unmapped_fallback","2026-03-09"
"חוות עולם חסד","חוות עולם חסד","?? ?????","unmapped_fallback","2026-03-09"
"חוות מגנזי","חוות מגנזי","?? ?????","unmapped_fallback","2026-03-09"
"חוות אביחי","חוות אביחי","?? ?????","unmapped_fallback","2026-03-09"
"הר חלוץ","הר חלוץ","?? ?????","unmapped_fallback","2026-03-09"
"חג'אג'רה","חג'אג'רה","?? ?????","unmapped_fallback","2026-03-09"
"כורזים ורד הגליל","כורזים ורד הגליל","?? ?????","unmapped_fallback","2026-03-09"
"כעביה טבאש","כעביה טבאש","?? ?????","unmapped_fallback","2026-03-09"
"צורית גילון","צורית גילון","?? ?????","unmapped_fallback","2026-03-09"
"אזור תעשייה קדמת גליל","אזור תעשייה קדמת גליל","?? ?????","unmapped_fallback","2026-03-09"
"אתר ההנצחה גולני","אתר ההנצחה גולני","?? ?????","unmapped_fallback","2026-03-09"
"בית סוהר צלמון","בית סוהר צלמון","?? ?????","unmapped_fallback","2026-03-09"
"הררית יחד","הררית יחד","?? ?????","unmapped_fallback","2026-03-09"
"לוטם וחמדון","לוטם וחמדון","?? ?????","unmapped_fallback","2026-03-09"
"מע'אר","מע'אר","?? ?????","unmapped_fallback","2026-03-09"
"מרכז אזורי רמת כורזים","מרכז אזורי רמת כורזים","?? ?????","unmapped_fallback","2026-03-09"
"בית עלמין תל רגב","בית עלמין תל רגב","?? ?????","unmapped_fallback","2026-03-09"
"חמדת ימים","חמדת ימים","?? ?????","unmapped_fallback","2026-03-09"
"כפר ח'וואלד","כפר ח'וואלד","?? ?????","unmapped_fallback","2026-03-09"
"סואעד חמירה","סואעד חמירה","?? ?????","unmapped_fallback","2026-03-09"
"בית העלמין החדש עכו","בית העלמין החדש עכו","?? ?????","unmapped_fallback","2026-03-09"
"בית סוהר קישון","בית סוהר קישון","?? ?????","unmapped_fallback","2026-03-09"
"פוריה נווה עובד","פוריה נווה עובד","?? ?????","unmapped_fallback","2026-03-09"
"גבעת וולפסון","גבעת וולפסון","?? ?????","unmapped_fallback","2026-03-09"
"מרכז אזורי מרום גליל","מרכז אזורי מרום גליל","?? ?????","unmapped_fallback","2026-03-09"
"בני יהודה וגבעת יואב","בני יהודה וגבעת יואב","?? ?????","unmapped_fallback","2026-03-10"
"אזור תעשייה בני יהודה","אזור תעשייה בני יהודה","?? ?????","unmapped_fallback","2026-03-10"
"בית ספר שדה מירון","בית ספר שדה מירון","?? ?????","unmapped_fallback","2026-03-10"
"קדיתא","קדיתא","?? ?????","unmapped_fallback","2026-03-10"
"הר חלוץ","הר חלוץ","?? ?????","unmapped_fallback","2026-03-10"
"כורזים ורד הגליל","כורזים ורד הגליל","?? ?????","unmapped_fallback","2026-03-10"
"צורית גילון","צורית גילון","?? ?????","unmapped_fallback","2026-03-10"
"אזור תעשייה קדמת גליל","אזור תעשייה קדמת גליל","?? ?????","unmapped_fallback","2026-03-10"
"אתר ההנצחה גולני","אתר ההנצחה גולני","?? ?????","unmapped_fallback","2026-03-10"
"בית העלמין החדש עכו","בית העלמין החדש עכו","?? ?????","unmapped_fallback","2026-03-10"
"בית סוהר צלמון","בית סוהר צלמון","?? ?????","unmapped_fallback","2026-03-10"
"הררית יחד","הררית יחד","?? ?????","unmapped_fallback","2026-03-10"
"לוטם וחמדון","לוטם וחמדון","?? ?????","unmapped_fallback","2026-03-10"
"מע'אר","מע'אר","?? ?????","unmapped_fallback","2026-03-10"
"מרכז אזורי רמת כורזים","מרכז אזורי רמת כורזים","?? ?????","unmapped_fallback","2026-03-10"
"חמדת ימים","חמדת ימים","?? ?????","unmapped_fallback","2026-03-10"
"כפר ח'וואלד","כפר ח'וואלד","?? ?????","unmapped_fallback","2026-03-10"
"סואעד חמירה","סואעד חמירה","?? ?????","unmapped_fallback","2026-03-10"
"הר חלוץ","הר חלוץ","?? ?????","unmapped_fallback","2026-03-10"
"כורזים ורד הגליל","כורזים ורד הגליל","?? ?????","unmapped_fallback","2026-03-10"
"צורית גילון","צורית גילון","?? ?????","unmapped_fallback","2026-03-10"
"אזור תעשייה קדמת גליל","אזור תעשייה קדמת גליל","?? ?????","unmapped_fallback","2026-03-10"
"אתר ההנצחה גולני","אתר ההנצחה גולני","?? ?????","unmapped_fallback","2026-03-10"
"בית סוהר צלמון","בית סוהר צלמון","?? ?????","unmapped_fallback","2026-03-10"
"בני יהודה וגבעת יואב","בני יהודה וגבעת יואב","?? ?????","unmapped_fallback","2026-03-10"
"הררית יחד","הררית יחד","?? ?????","unmapped_fallback","2026-03-10"
"לוטם וחמדון","לוטם וחמדון","?? ?????","unmapped_fallback","2026-03-10"
"מע'אר","מע'אר","?? ?????","unmapped_fallback","2026-03-10"
"מרכז אזורי רמת כורזים","מרכז אזורי רמת כורזים","?? ?????","unmapped_fallback","2026-03-10"
"פוריה נווה עובד","פוריה נווה עובד","?? ?????","unmapped_fallback","2026-03-10"
"אזור תעשייה בני יהודה","אזור תעשייה בני יהודה","?? ?????","unmapped_fallback","2026-03-10"
"חמדת ימים","חמדת ימים","?? ?????","unmapped_fallback","2026-03-10"
"מנחת מחניים","מנחת מחניים","?? ?????","unmapped_fallback","2026-03-10"
"פוריה עילית","פוריה עילית","?? ?????","unmapped_fallback","2026-03-10"
"גבעת וולפסון","גבעת וולפסון","?? ?????","unmapped_fallback","2026-03-10"
"חג'אג'רה","חג'אג'רה","?? ?????","unmapped_fallback","2026-03-10"
"כעביה טבאש","כעביה טבאש","?? ?????","unmapped_fallback","2026-03-10"
"בית העלמין החדש עכו","בית העלמין החדש עכו","?? ?????","unmapped_fallback","2026-03-10"
"בית סוהר קישון","בית סוהר קישון","?? ?????","unmapped_fallback","2026-03-10"
"בית עלמין תל רגב","בית עלמין תל רגב","?? ?????","unmapped_fallback","2026-03-10"
"כפר ח'וואלד","כפר ח'וואלד","?? ?????","unmapped_fallback","2026-03-10"
"סואעד חמירה","סואעד חמירה","?? ?????","unmapped_fallback","2026-03-10"
"כורזים ורד הגליל","כורזים ורד הגליל","?? ?????","unmapped_fallback","2026-03-10"
"מרכז אזורי רמת כורזים","מרכז אזורי רמת כורזים","?? ?????","unmapped_fallback","2026-03-10"
"מנחת מחניים","מנחת מחניים","?? ?????","unmapped_fallback","2026-03-10"
"פנימיית עין כרם","פנימיית עין כרם","?? ?????","unmapped_fallback","2026-03-10"
"חוות מגנזי","חוות מגנזי","?? ?????","unmapped_fallback","2026-03-10"
"בר כוכבא","בר כוכבא","?? ?????","unmapped_fallback","2026-03-10"
"חוות עדן","חוות עדן","?? ?????","unmapped_fallback","2026-03-10"
"חוות עולם חסד","חוות עולם חסד","?? ?????","unmapped_fallback","2026-03-10"
"אזור תעשייה קיסריה","אזור תעשייה קיסריה","?? ?????","unmapped_fallback","2026-03-10"
"באקה אל גרבייה","באקה אל גרבייה","?? ?????","unmapped_fallback","2026-03-10"
"גבעת עדה","גבעת עדה","?? ?????","unmapped_fallback","2026-03-10"
"דליה","דליה","?? ?????","unmapped_fallback","2026-03-10"
"יקנעם המושבה והזורע","יקנעם המושבה והזורע","?? ?????","unmapped_fallback","2026-03-10"
"קיבוץ מגידו","קיבוץ מגידו","?? ?????","unmapped_fallback","2026-03-10"
"מרחביה מושב","מרחביה מושב","?? ?????","unmapped_fallback","2026-03-10"
"מרחביה קיבוץ","מרחביה קיבוץ","?? ?????","unmapped_fallback","2026-03-10"
"אום אל קוטוף","אום אל קוטוף","?? ?????","unmapped_fallback","2026-03-10"
"אזור תעשייה שחק","אזור תעשייה שחק","?? ?????","unmapped_fallback","2026-03-10"
"ברטעה","ברטעה","?? ?????","unmapped_fallback","2026-03-10"
"מועאוויה","מועאוויה","?? ?????","unmapped_fallback","2026-03-10"
"מתחם שביל התפוזים","מתחם שביל התפוזים","?? ?????","unmapped_fallback","2026-03-10"
"עין אל סהלה","עין אל סהלה","?? ?????","unmapped_fallback","2026-03-10"
"ישובי אומן","ישובי אומן","?? ?????","unmapped_fallback","2026-03-10"
"ישובי יעל","ישובי יעל","?? ?????","unmapped_fallback","2026-03-10"
"מוקיבלה","מוקיבלה","?? ?????","unmapped_fallback","2026-03-10"
"מרכז חבר","מרכז חבר","?? ?????","unmapped_fallback","2026-03-10"
"מרכז מיר''ב","מרכז מיר''ב","?? ?????","unmapped_fallback","2026-03-10"
"מתחם סקי גלבוע","מתחם סקי גלבוע","?? ?????","unmapped_fallback","2026-03-10"
"סנדלה","סנדלה","?? ?????","unmapped_fallback","2026-03-10"
"קבוצת גבע","קבוצת גבע","?? ?????","unmapped_fallback","2026-03-10"
"תחנת רכבת כפר ברוך","תחנת רכבת כפר ברוך","?? ?????","unmapped_fallback","2026-03-10"
"בי""ס כרמים בנימינה","בי""ס כרמים בנימינה","?? ?????","unmapped_fallback","2026-03-10"
"חוות אביה","חוות אביה","?? ?????","unmapped_fallback","2026-03-10"
"חוות אל נווה","חוות אל נווה","?? ?????","unmapped_fallback","2026-03-10"
"חרמש דרום","חרמש דרום","?? ?????","unmapped_fallback","2026-03-10"
"טל מנשה","טל מנשה","?? ?????","unmapped_fallback","2026-03-10"
"נמל קיסריה","נמל קיסריה","?? ?????","unmapped_fallback","2026-03-10"
"בית חרות","בית חרות","?? ?????","unmapped_fallback","2026-03-10"
"חבצלת השרון וצוקי ים","חבצלת השרון וצוקי ים","?? ?????","unmapped_fallback","2026-03-10"
"גבעת חיים איחוד","גבעת חיים איחוד","?? ?????","unmapped_fallback","2026-03-10"
"גבעת חיים מאוחד","גבעת חיים מאוחד","?? ?????","unmapped_fallback","2026-03-10"
"גניגר","גניגר","?? ?????","unmapped_fallback","2026-03-10"
"אמץ","אמץ","?? ?????","unmapped_fallback","2026-03-10"
"הר חלוץ","הר חלוץ","?? ?????","unmapped_fallback","2026-03-10"
"חג'אג'רה","חג'אג'רה","?? ?????","unmapped_fallback","2026-03-10"
"כעביה טבאש","כעביה טבאש","?? ?????","unmapped_fallback","2026-03-10"
"צורית גילון","צורית גילון","?? ?????","unmapped_fallback","2026-03-10"
"גבעת וולפסון","גבעת וולפסון","?? ?????","unmapped_fallback","2026-03-10"
"בית העלמין החדש עכו","בית העלמין החדש עכו","?? ?????","unmapped_fallback","2026-03-10"
"בית סוהר קישון","בית סוהר קישון","?? ?????","unmapped_fallback","2026-03-10"
"הררית יחד","הררית יחד","?? ?????","unmapped_fallback","2026-03-10"
"לוטם וחמדון","לוטם וחמדון","?? ?????","unmapped_fallback","2026-03-10"
"בית עלמין תל רגב","בית עלמין תל רגב","?? ?????","unmapped_fallback","2026-03-10"
"כפר ח'וואלד","כפר ח'וואלד","?? ?????","unmapped_fallback","2026-03-10"
"סואעד חמירה","סואעד חמירה","?? ?????","unmapped_fallback","2026-03-10"
"מע'אר","מע'אר","?? ?????","unmapped_fallback","2026-03-10"
"בית העלמין החדש נהריה","בית העלמין החדש נהריה","?? ?????","unmapped_fallback","2026-03-10"
"בית ספר שדה מירון","בית ספר שדה מירון","?? ?????","unmapped_fallback","2026-03-10"
"בית סוהר צלמון","בית סוהר צלמון","?? ?????","unmapped_fallback","2026-03-10"
"חמדת ימים","חמדת ימים","?? ?????","unmapped_fallback","2026-03-10"
"אתר ההנצחה גולני","אתר ההנצחה גולני","?? ?????","unmapped_fallback","2026-03-10"
"כורזים ורד הגליל","כורזים ורד הגליל","?? ?????","unmapped_fallback","2026-03-10"
"מרכז אזורי מרום גליל","מרכז אזורי מרום גליל","?? ?????","unmapped_fallback","2026-03-10"
"אזור תעשייה קדמת גליל","אזור תעשייה קדמת גליל","?? ?????","unmapped_fallback","2026-03-10"
"מרכז אזורי רמת כורזים","מרכז אזורי רמת כורזים","?? ?????","unmapped_fallback","2026-03-10"
"צורית גילון","צורית גילון","?? ?????","unmapped_fallback","2026-03-10"
"חוות אביחי","חוות אביחי","?? ?????","unmapped_fallback","2026-03-10"
"חוות מגנזי","חוות מגנזי","?? ?????","unmapped_fallback","2026-03-10"
"חוות נווה צוף","חוות נווה צוף","?? ?????","unmapped_fallback","2026-03-10"
"חוות עולם חסד","חוות עולם חסד","?? ?????","unmapped_fallback","2026-03-10"
"חוות צרידה","חוות צרידה","?? ?????","unmapped_fallback","2026-03-10"
"חוות שוביאל","חוות שוביאל","?? ?????","unmapped_fallback","2026-03-10"
"חוות שחרית","חוות שחרית","?? ?????","unmapped_fallback","2026-03-10"
"יבוא דודי","יבוא דודי","?? ?????","unmapped_fallback","2026-03-10"
"מכינת אלישע","מכינת אלישע","?? ?????","unmapped_fallback","2026-03-10"
"חוות יאיר","חוות יאיר","?? ?????","unmapped_fallback","2026-03-10"
"חוות נוף אב""י","חוות נוף אב""י","?? ?????","unmapped_fallback","2026-03-10"
"גבעת אסף","גבעת אסף","?? ?????","unmapped_fallback","2026-03-10"
"חוות נחל שילה","חוות נחל שילה","?? ?????","unmapped_fallback","2026-03-10"
"מגרון","מגרון","?? ?????","unmapped_fallback","2026-03-10"
"החווה של זוהר","החווה של זוהר","?? ?????","unmapped_fallback","2026-03-10"
"חוות ראש תאנה","חוות ראש תאנה","?? ?????","unmapped_fallback","2026-03-10"
"חוות מלכיאל","חוות מלכיאל","?? ?????","unmapped_fallback","2026-03-10"
"חוות מעלה אהוביה","חוות מעלה אהוביה","?? ?????","unmapped_fallback","2026-03-10"
"חוות נחלת צבי","חוות נחלת צבי","?? ?????","unmapped_fallback","2026-03-10"
"חוות ינון","חוות ינון","?? ?????","unmapped_fallback","2026-03-10"
"אעירה השחר","אעירה השחר","?? ?????","unmapped_fallback","2026-03-10"
"חוות חנינא","חוות חנינא","?? ?????","unmapped_fallback","2026-03-10"
"חוות בניהו","חוות בניהו","?? ?????","unmapped_fallback","2026-03-10"
"בית חרות","בית חרות","?? ?????","unmapped_fallback","2026-03-10"
"חבצלת השרון וצוקי ים","חבצלת השרון וצוקי ים","?? ?????","unmapped_fallback","2026-03-10"
"חוות אלחי","חוות אלחי","?? ?????","unmapped_fallback","2026-03-10"
"חוות הרשאש","חוות הרשאש","?? ?????","unmapped_fallback","2026-03-10"
"חוות מגדלים","חוות מגדלים","?? ?????","unmapped_fallback","2026-03-10"
"חוות פריאל","חוות פריאל","?? ?????","unmapped_fallback","2026-03-10"
"אמץ","אמץ","?? ?????","unmapped_fallback","2026-03-10"
"בית חרות","בית חרות","?? ?????","unmapped_fallback","2026-03-10"
"גבעת חיים איחוד","גבעת חיים איחוד","?? ?????","unmapped_fallback","2026-03-10"
"גבעת חיים מאוחד","גבעת חיים מאוחד","?? ?????","unmapped_fallback","2026-03-10"
"חבצלת השרון וצוקי ים","חבצלת השרון וצוקי ים","?? ?????","unmapped_fallback","2026-03-10"
"באקה אל גרבייה","באקה אל גרבייה","?? ?????","unmapped_fallback","2026-03-10"
"אום אל קוטוף","אום אל קוטוף","?? ?????","unmapped_fallback","2026-03-10"
"ברטעה","ברטעה","?? ?????","unmapped_fallback","2026-03-10"
"אזור תעשייה קיסריה","אזור תעשייה קיסריה","?? ?????","unmapped_fallback","2026-03-10"
"טל מנשה","טל מנשה","?? ?????","unmapped_fallback","2026-03-10"
"עין אל סהלה","עין אל סהלה","?? ?????","unmapped_fallback","2026-03-10"
"נמל קיסריה","נמל קיסריה","?? ?????","unmapped_fallback","2026-03-10"
"גבעת עדה","גבעת עדה","?? ?????","unmapped_fallback","2026-03-10"
"מועאוויה","מועאוויה","?? ?????","unmapped_fallback","2026-03-10"
"בי""ס כרמים בנימינה","בי""ס כרמים בנימינה","?? ?????","unmapped_fallback","2026-03-10"
"קיבוץ מגידו","קיבוץ מגידו","?? ?????","unmapped_fallback","2026-03-10"
"דליה","דליה","?? ?????","unmapped_fallback","2026-03-10"
"אזור תעשייה שחק","אזור תעשייה שחק","?? ?????","unmapped_fallback","2026-03-10"
"מתחם שביל התפוזים","מתחם שביל התפוזים","?? ?????","unmapped_fallback","2026-03-10"
"חרמש דרום","חרמש דרום","?? ?????","unmapped_fallback","2026-03-10"
"חוות אל נווה","חוות אל נווה","?? ?????","unmapped_fallback","2026-03-10"
"חוות אביה","חוות אביה","?? ?????","unmapped_fallback","2026-03-10"
"מרכז חבר","מרכז חבר","?? ?????","unmapped_fallback","2026-03-10"
"ישובי אומן","ישובי אומן","?? ?????","unmapped_fallback","2026-03-10"
"חוות אלחי","חוות אלחי","?? ?????","unmapped_fallback","2026-03-10"
"גבעת וולפסון","גבעת וולפסון","?? ?????","unmapped_fallback","2026-03-10"
"מרכז מיר''ב","מרכז מיר''ב","?? ?????","unmapped_fallback","2026-03-10"
"אזור תעשייה אלון התבור","אזור תעשייה אלון התבור","?? ?????","unmapped_fallback","2026-03-10"
"גניגר","גניגר","?? ?????","unmapped_fallback","2026-03-10"
"חג'אג'רה","חג'אג'רה","?? ?????","unmapped_fallback","2026-03-10"
"כעביה טבאש","כעביה טבאש","?? ?????","unmapped_fallback","2026-03-10"
"מרחביה מושב","מרחביה מושב","?? ?????","unmapped_fallback","2026-03-10"
"מרחביה קיבוץ","מרחביה קיבוץ","?? ?????","unmapped_fallback","2026-03-10"
"יקנעם המושבה והזורע","יקנעם המושבה והזורע","?? ?????","unmapped_fallback","2026-03-10"
"בית סוהר קישון","בית סוהר קישון","?? ?????","unmapped_fallback","2026-03-10"
"דבוריה","דבוריה","?? ?????","unmapped_fallback","2026-03-10"
"שיבלי אום אלג'נם","שיבלי אום אלג'נם","?? ?????","unmapped_fallback","2026-03-10"
"תחנת רכבת כפר ברוך","תחנת רכבת כפר ברוך","?? ?????","unmapped_fallback","2026-03-10"
"בית עלמין תל רגב","בית עלמין תל רגב","?? ?????","unmapped_fallback","2026-03-10"
"כפר ח'וואלד","כפר ח'וואלד","?? ?????","unmapped_fallback","2026-03-10"
"סואעד חמירה","סואעד חמירה","?? ?????","unmapped_fallback","2026-03-10"
"תחנת רכבת כפר יהושוע","תחנת רכבת כפר יהושוע","?? ?????","unmapped_fallback","2026-03-10"
"טמרה בגלבוע","טמרה בגלבוע","?? ?????","unmapped_fallback","2026-03-10"
"אתר ההנצחה גולני","אתר ההנצחה גולני","?? ?????","unmapped_fallback","2026-03-10"
"מוקיבלה","מוקיבלה","?? ?????","unmapped_fallback","2026-03-10"
"ישובי יעל","ישובי יעל","?? ?????","unmapped_fallback","2026-03-10"
"סנדלה","סנדלה","?? ?????","unmapped_fallback","2026-03-10"
"קבוצת גבע","קבוצת גבע","?? ?????","unmapped_fallback","2026-03-10"
"מתחם סקי גלבוע","מתחם סקי גלבוע","?? ?????","unmapped_fallback","2026-03-10"
"בית אלפא וחפציבה","בית אלפא וחפציבה","?? ?????","unmapped_fallback","2026-03-10"
"טייבה בגלבוע","טייבה בגלבוע","?? ?????","unmapped_fallback","2026-03-10"
"כפר גמילה מלכישוע","כפר גמילה מלכישוע","?? ?????","unmapped_fallback","2026-03-10"
"חוות עמיאל","חוות עמיאל","?? ?????","unmapped_fallback","2026-03-10"
"אזור תעשייה אלון התבור","אזור תעשייה אלון התבור","?? ?????","unmapped_fallback","2026-03-10"
"גניגר","גניגר","?? ?????","unmapped_fallback","2026-03-10"
"טמרה בגלבוע","טמרה בגלבוע","?? ?????","unmapped_fallback","2026-03-10"
"מרחביה מושב","מרחביה מושב","?? ?????","unmapped_fallback","2026-03-10"
"מרחביה קיבוץ","מרחביה קיבוץ","?? ?????","unmapped_fallback","2026-03-10"
"ישובי אומן","ישובי אומן","?? ?????","unmapped_fallback","2026-03-10"
"מרכז חבר","מרכז חבר","?? ?????","unmapped_fallback","2026-03-10"
"תחנת רכבת כפר ברוך","תחנת רכבת כפר ברוך","?? ?????","unmapped_fallback","2026-03-10"
"אזור תעשייה קיסריה","אזור תעשייה קיסריה","?? ?????","unmapped_fallback","2026-03-10"
"באקה אל גרבייה","באקה אל גרבייה","?? ?????","unmapped_fallback","2026-03-10"
"גבעת עדה","גבעת עדה","?? ?????","unmapped_fallback","2026-03-10"
"דליה","דליה","?? ?????","unmapped_fallback","2026-03-10"
"יקנעם המושבה והזורע","יקנעם המושבה והזורע","?? ?????","unmapped_fallback","2026-03-10"
"קיבוץ מגידו","קיבוץ מגידו","?? ?????","unmapped_fallback","2026-03-10"
"אום אל קוטוף","אום אל קוטוף","?? ?????","unmapped_fallback","2026-03-10"
"אזור תעשייה שחק","אזור תעשייה שחק","?? ?????","unmapped_fallback","2026-03-10"
"ברטעה","ברטעה","?? ?????","unmapped_fallback","2026-03-10"
"מועאוויה","מועאוויה","?? ?????","unmapped_fallback","2026-03-10"
"מתחם שביל התפוזים","מתחם שביל התפוזים","?? ?????","unmapped_fallback","2026-03-10"
"עין אל סהלה","עין אל סהלה","?? ?????","unmapped_fallback","2026-03-10"
"בי""ס כרמים בנימינה","בי""ס כרמים בנימינה","?? ?????","unmapped_fallback","2026-03-10"
"חוות אביה","חוות אביה","?? ?????","unmapped_fallback","2026-03-10"
"חוות אל נווה","חוות אל נווה","?? ?????","unmapped_fallback","2026-03-10"
"חרמש דרום","חרמש דרום","?? ?????","unmapped_fallback","2026-03-10"
"טל מנשה","טל מנשה","?? ?????","unmapped_fallback","2026-03-10"
"נמל קיסריה","נמל קיסריה","?? ?????","unmapped_fallback","2026-03-10"
"הר חלוץ","הר חלוץ","?? ?????","unmapped_fallback","2026-03-10"
"פנימיית עין כרם","פנימיית עין כרם","?? ?????","unmapped_fallback","2026-03-10"
"אלון","אלון","?? ?????","unmapped_fallback","2026-03-10"
"גבעת אסף","גבעת אסף","?? ?????","unmapped_fallback","2026-03-10"
"אעירה השחר","אעירה השחר","?? ?????","unmapped_fallback","2026-03-10"
"בני אדם","בני אדם","?? ?????","unmapped_fallback","2026-03-10"
"החווה של זוהר","החווה של זוהר","?? ?????","unmapped_fallback","2026-03-10"
"חוות בניהו","חוות בניהו","?? ?????","unmapped_fallback","2026-03-10"
"חוות הרועה העברי","חוות הרועה העברי","?? ?????","unmapped_fallback","2026-03-10"
"חוות הרשאש","חוות הרשאש","?? ?????","unmapped_fallback","2026-03-10"
"חוות חנינא","חוות חנינא","?? ?????","unmapped_fallback","2026-03-10"
"חוות ינון","חוות ינון","?? ?????","unmapped_fallback","2026-03-10"
"חוות מלכיאל","חוות מלכיאל","?? ?????","unmapped_fallback","2026-03-10"
"חוות מעלה אהוביה","חוות מעלה אהוביה","?? ?????","unmapped_fallback","2026-03-10"
"חוות נחלת צבי","חוות נחלת צבי","?? ?????","unmapped_fallback","2026-03-10"
"חוות פריאל","חוות פריאל","?? ?????","unmapped_fallback","2026-03-10"
"חוות ראש תאנה","חוות ראש תאנה","?? ?????","unmapped_fallback","2026-03-10"
"מגרון","מגרון","?? ?????","unmapped_fallback","2026-03-10"
"נופי פרת","נופי פרת","?? ?????","unmapped_fallback","2026-03-10"
"הגבעה הצהובה","הגבעה הצהובה","?? ?????","unmapped_fallback","2026-03-10"
"בר כוכבא","בר כוכבא","?? ?????","unmapped_fallback","2026-03-10"
"גבעות","גבעות","?? ?????","unmapped_fallback","2026-03-10"
"חוות ארץ האיילים","חוות ארץ האיילים","?? ?????","unmapped_fallback","2026-03-10"
"חוות עדן","חוות עדן","?? ?????","unmapped_fallback","2026-03-10"
"חוות קשואלה","חוות קשואלה","?? ?????","unmapped_fallback","2026-03-10"
"עוז וגאון","עוז וגאון","?? ?????","unmapped_fallback","2026-03-10"
"בית הברכה","בית הברכה","?? ?????","unmapped_fallback","2026-03-10"
"חוות צאן קדר","חוות צאן קדר","?? ?????","unmapped_fallback","2026-03-10"
"חוות תלם צפון","חוות תלם צפון","?? ?????","unmapped_fallback","2026-03-10"
"בית עלמין תל רגב","בית עלמין תל רגב","?? ?????","unmapped_fallback","2026-03-10"
"כפר ח'וואלד","כפר ח'וואלד","?? ?????","unmapped_fallback","2026-03-10"
"בית העלמין החדש עכו","בית העלמין החדש עכו","?? ?????","unmapped_fallback","2026-03-10"
"חוות יאיר","חוות יאיר","?? ?????","unmapped_fallback","2026-03-10"
"חוות אביחי","חוות אביחי","?? ?????","unmapped_fallback","2026-03-10"
"חוות נוף אב""י","חוות נוף אב""י","?? ?????","unmapped_fallback","2026-03-10"
"חוות עולם חסד","חוות עולם חסד","?? ?????","unmapped_fallback","2026-03-10"
"חוות צרידה","חוות צרידה","?? ?????","unmapped_fallback","2026-03-10"
"חוות שוביאל","חוות שוביאל","?? ?????","unmapped_fallback","2026-03-10"
"חוות שחרית","חוות שחרית","?? ?????","unmapped_fallback","2026-03-10"
"הר ברכה","הר ברכה","?? ?????","unmapped_fallback","2026-03-10"
"חוות מגדלים","חוות מגדלים","?? ?????","unmapped_fallback","2026-03-10"
"חוות נווה צוף","חוות נווה צוף","?? ?????","unmapped_fallback","2026-03-10"
"חוות נחל שילה","חוות נחל שילה","?? ?????","unmapped_fallback","2026-03-10"
"חוות שדה","חוות שדה","?? ?????","unmapped_fallback","2026-03-10"
"מכינת אלישע","מכינת אלישע","?? ?????","unmapped_fallback","2026-03-10"
"גבעת פורת יוסף","גבעת פורת יוסף","?? ?????","unmapped_fallback","2026-03-10"
"החווה של יאיא","החווה של יאיא","?? ?????","unmapped_fallback","2026-03-10"
"חוות יאיר","חוות יאיר","?? ?????","unmapped_fallback","2026-03-10"
"חוות אביחי","חוות אביחי","?? ?????","unmapped_fallback","2026-03-10"
"חוות נוף אב""י","חוות נוף אב""י","?? ?????","unmapped_fallback","2026-03-10"
"חוות עולם חסד","חוות עולם חסד","?? ?????","unmapped_fallback","2026-03-10"
"חוות צרידה","חוות צרידה","?? ?????","unmapped_fallback","2026-03-10"
"חוות שוביאל","חוות שוביאל","?? ?????","unmapped_fallback","2026-03-10"
"חוות שחרית","חוות שחרית","?? ?????","unmapped_fallback","2026-03-10"
"חוות אלחי","חוות אלחי","?? ?????","unmapped_fallback","2026-03-10"
"חוות מגנזי","חוות מגנזי","?? ?????","unmapped_fallback","2026-03-10"
"חוות יאיר","חוות יאיר","?? ?????","unmapped_fallback","2026-03-10"
"חוות אביחי","חוות אביחי","?? ?????","unmapped_fallback","2026-03-10"
"חוות מגדלים","חוות מגדלים","?? ?????","unmapped_fallback","2026-03-10"
"חוות מגנזי","חוות מגנזי","?? ?????","unmapped_fallback","2026-03-10"
"חוות נווה צוף","חוות נווה צוף","?? ?????","unmapped_fallback","2026-03-10"
"חוות נוף אב""י","חוות נוף אב""י","?? ?????","unmapped_fallback","2026-03-10"
"חוות נחל שילה","חוות נחל שילה","?? ?????","unmapped_fallback","2026-03-10"
"חוות עולם חסד","חוות עולם חסד","?? ?????","unmapped_fallback","2026-03-10"
"חוות צרידה","חוות צרידה","?? ?????","unmapped_fallback","2026-03-10"
"חוות שוביאל","חוות שוביאל","?? ?????","unmapped_fallback","2026-03-10"
"חוות שחרית","חוות שחרית","?? ?????","unmapped_fallback","2026-03-10"
"יבוא דודי","יבוא דודי","?? ?????","unmapped_fallback","2026-03-10"
"מכינת אלישע","מכינת אלישע","?? ?????","unmapped_fallback","2026-03-10"
"הר ברכה","הר ברכה","?? ?????","unmapped_fallback","2026-03-10"
"החווה של יאיא","החווה של יאיא","?? ?????","unmapped_fallback","2026-03-10"
"חוות פריאל","חוות פריאל","?? ?????","unmapped_fallback","2026-03-10"
"חוות שדה","חוות שדה","?? ?????","unmapped_fallback","2026-03-10"
"חוות הרשאש","חוות הרשאש","?? ?????","unmapped_fallback","2026-03-10"
"חוות ראש תאנה","חוות ראש תאנה","?? ?????","unmapped_fallback","2026-03-10"
"מגרון","מגרון","?? ?????","unmapped_fallback","2026-03-10"
"גבעת אסף","גבעת אסף","?? ?????","unmapped_fallback","2026-03-10"
"חוות מעלה אהוביה","חוות מעלה אהוביה","?? ?????","unmapped_fallback","2026-03-10"
"אעירה השחר","אעירה השחר","?? ?????","unmapped_fallback","2026-03-10"
"חוות חנינא","חוות חנינא","?? ?????","unmapped_fallback","2026-03-10"
"גבעת פורת יוסף","גבעת פורת יוסף","?? ?????","unmapped_fallback","2026-03-10"
"החווה של מנחם","החווה של מנחם","?? ?????","unmapped_fallback","2026-03-10"
"חוות גנות","חוות גנות","?? ?????","unmapped_fallback","2026-03-10"
"חוות מרום שמואל","חוות מרום שמואל","?? ?????","unmapped_fallback","2026-03-10"
"חוות מגדלים","חוות מגדלים","?? ?????","unmapped_fallback","2026-03-10"
"חוות נווה צוף","חוות נווה צוף","?? ?????","unmapped_fallback","2026-03-10"
"חוות נוף אב""י","חוות נוף אב""י","?? ?????","unmapped_fallback","2026-03-10"
"חוות נחל שילה","חוות נחל שילה","?? ?????","unmapped_fallback","2026-03-10"
"חוות צרידה","חוות צרידה","?? ?????","unmapped_fallback","2026-03-10"
"חוות שוביאל","חוות שוביאל","?? ?????","unmapped_fallback","2026-03-10"
"יבוא דודי","יבוא דודי","?? ?????","unmapped_fallback","2026-03-10"
"מכינת אלישע","מכינת אלישע","?? ?????","unmapped_fallback","2026-03-10"
"חוות אביחי","חוות אביחי","?? ?????","unmapped_fallback","2026-03-10"
"חוות שחרית","חוות שחרית","?? ?????","unmapped_fallback","2026-03-10"
"החווה של יאיא","החווה של יאיא","?? ?????","unmapped_fallback","2026-03-10"
"חוות פריאל","חוות פריאל","?? ?????","unmapped_fallback","2026-03-10"
"חוות שדה","חוות שדה","?? ?????","unmapped_fallback","2026-03-10"
"הר ברכה","הר ברכה","?? ?????","unmapped_fallback","2026-03-10"
"החווה של זוהר","החווה של זוהר","?? ?????","unmapped_fallback","2026-03-10"
"חומש","חומש","?? ?????","unmapped_fallback","2026-03-10"
"חוות אלחי","חוות אלחי","?? ?????","unmapped_fallback","2026-03-10"
"פנימיית עין כרם","פנימיית עין כרם","?? ?????","unmapped_fallback","2026-03-11"
"כפר אלדד","כפר אלדד","?? ?????","unmapped_fallback","2026-03-11"
"אלון","אלון","?? ?????","unmapped_fallback","2026-03-11"
"גבעת אסף","גבעת אסף","?? ?????","unmapped_fallback","2026-03-11"
"הגבעה הצהובה","הגבעה הצהובה","?? ?????","unmapped_fallback","2026-03-11"
"בית הברכה","בית הברכה","?? ?????","unmapped_fallback","2026-03-11"
"תקוע ד' וה'","תקוע ד' וה'","?? ?????","unmapped_fallback","2026-03-11"
"עוז וגאון","עוז וגאון","?? ?????","unmapped_fallback","2026-03-11"
"בני אדם","בני אדם","?? ?????","unmapped_fallback","2026-03-11"
"בר כוכבא","בר כוכבא","?? ?????","unmapped_fallback","2026-03-11"
"גבעות","גבעות","?? ?????","unmapped_fallback","2026-03-11"
"חוות ארץ האיילים","חוות ארץ האיילים","?? ?????","unmapped_fallback","2026-03-11"
"חוות בניהו","חוות בניהו","?? ?????","unmapped_fallback","2026-03-11"
"חוות הרועה העברי","חוות הרועה העברי","?? ?????","unmapped_fallback","2026-03-11"
"חוות חנינא","חוות חנינא","?? ?????","unmapped_fallback","2026-03-11"
"חוות ינון","חוות ינון","?? ?????","unmapped_fallback","2026-03-11"
"חוות נחלת צבי","חוות נחלת צבי","?? ?????","unmapped_fallback","2026-03-11"
"חוות עדן","חוות עדן","?? ?????","unmapped_fallback","2026-03-11"
"חוות צאן קדר","חוות צאן קדר","?? ?????","unmapped_fallback","2026-03-11"
"חוות קשואלה","חוות קשואלה","?? ?????","unmapped_fallback","2026-03-11"
"מגרון","מגרון","?? ?????","unmapped_fallback","2026-03-11"
"נופי פרת","נופי פרת","?? ?????","unmapped_fallback","2026-03-11"
"צומת אלמוג","צומת אלמוג","?? ?????","unmapped_fallback","2026-03-11"
"מרכז אזורי מגילות","מרכז אזורי מגילות","?? ?????","unmapped_fallback","2026-03-11"
"בית חגלה","בית חגלה","?? ?????","unmapped_fallback","2026-03-11"
"חוות מלכיאל","חוות מלכיאל","?? ?????","unmapped_fallback","2026-03-11"
"קדם ערבה","קדם ערבה","?? ?????","unmapped_fallback","2026-03-11"
"חוות אביחי","חוות אביחי","?? ?????","unmapped_fallback","2026-03-11"
"חוות עולם חסד","חוות עולם חסד","?? ?????","unmapped_fallback","2026-03-11"
"חוות צרידה","חוות צרידה","?? ?????","unmapped_fallback","2026-03-11"
"חוות שחרית","חוות שחרית","?? ?????","unmapped_fallback","2026-03-11"
"חוות שוביאל","חוות שוביאל","?? ?????","unmapped_fallback","2026-03-11"
"חוות יאיר","חוות יאיר","?? ?????","unmapped_fallback","2026-03-11"
"חוות מגדלים","חוות מגדלים","?? ?????","unmapped_fallback","2026-03-11"
"חוות נחל שילה","חוות נחל שילה","?? ?????","unmapped_fallback","2026-03-11"
"חוות נוף אב""י","חוות נוף אב""י","?? ?????","unmapped_fallback","2026-03-11"
"מכינת אלישע","מכינת אלישע","?? ?????","unmapped_fallback","2026-03-11"
"חוות מגנזי","חוות מגנזי","?? ?????","unmapped_fallback","2026-03-11"
"יבוא דודי","יבוא דודי","?? ?????","unmapped_fallback","2026-03-11"
"חוות נווה צוף","חוות נווה צוף","?? ?????","unmapped_fallback","2026-03-11"
"הר ברכה","הר ברכה","?? ?????","unmapped_fallback","2026-03-11"
"חוות אביחי","חוות אביחי","?? ?????","unmapped_fallback","2026-03-11"
"חוות הרשאש","חוות הרשאש","?? ?????","unmapped_fallback","2026-03-11"
"חוות עולם חסד","חוות עולם חסד","?? ?????","unmapped_fallback","2026-03-11"
"חוות פריאל","חוות פריאל","?? ?????","unmapped_fallback","2026-03-11"
"חוות צרידה","חוות צרידה","?? ?????","unmapped_fallback","2026-03-11"
"חוות שחרית","חוות שחרית","?? ?????","unmapped_fallback","2026-03-11"
"אמץ","אמץ","?? ?????","unmapped_fallback","2026-03-11"
"חבצלת השרון וצוקי ים","חבצלת השרון וצוקי ים","?? ?????","unmapped_fallback","2026-03-11"
"בית חרות","בית חרות","?? ?????","unmapped_fallback","2026-03-11"
"גבעת חיים מאוחד","גבעת חיים מאוחד","?? ?????","unmapped_fallback","2026-03-11"
"גבעת חיים איחוד","גבעת חיים איחוד","?? ?????","unmapped_fallback","2026-03-11"
"באקה אל גרבייה","באקה אל גרבייה","?? ?????","unmapped_fallback","2026-03-11"
"אום אל קוטוף","אום אל קוטוף","?? ?????","unmapped_fallback","2026-03-11"
"ברטעה","ברטעה","?? ?????","unmapped_fallback","2026-03-11"
"אזור תעשייה קיסריה","אזור תעשייה קיסריה","?? ?????","unmapped_fallback","2026-03-11"
"טל מנשה","טל מנשה","?? ?????","unmapped_fallback","2026-03-11"
"עין אל סהלה","עין אל סהלה","?? ?????","unmapped_fallback","2026-03-11"
"נמל קיסריה","נמל קיסריה","?? ?????","unmapped_fallback","2026-03-11"
"גבעת עדה","גבעת עדה","?? ?????","unmapped_fallback","2026-03-11"
"מועאוויה","מועאוויה","?? ?????","unmapped_fallback","2026-03-11"
"בי""ס כרמים בנימינה","בי""ס כרמים בנימינה","?? ?????","unmapped_fallback","2026-03-11"
"דליה","דליה","?? ?????","unmapped_fallback","2026-03-11"
"אזור תעשייה שחק","אזור תעשייה שחק","?? ?????","unmapped_fallback","2026-03-11"
"מתחם שביל התפוזים","מתחם שביל התפוזים","?? ?????","unmapped_fallback","2026-03-11"
"חרמש דרום","חרמש דרום","?? ?????","unmapped_fallback","2026-03-11"
"חוות אל נווה","חוות אל נווה","?? ?????","unmapped_fallback","2026-03-11"
"חוות אביה","חוות אביה","?? ?????","unmapped_fallback","2026-03-11"
"קיבוץ מגידו","קיבוץ מגידו","?? ?????","unmapped_fallback","2026-03-11"
"ישובי אומן","ישובי אומן","?? ?????","unmapped_fallback","2026-03-11"
"מוקיבלה","מוקיבלה","?? ?????","unmapped_fallback","2026-03-11"
"מרכז חבר","מרכז חבר","?? ?????","unmapped_fallback","2026-03-11"
"סנדלה","סנדלה","?? ?????","unmapped_fallback","2026-03-11"
"חוות יאיר","חוות יאיר","?? ?????","unmapped_fallback","2026-03-11"
"חוות נוף אב""י","חוות נוף אב""י","?? ?????","unmapped_fallback","2026-03-11"
"חוות שוביאל","חוות שוביאל","?? ?????","unmapped_fallback","2026-03-11"
"חוות שחרית","חוות שחרית","?? ?????","unmapped_fallback","2026-03-11"
"חוות אביחי","חוות אביחי","?? ?????","unmapped_fallback","2026-03-11"
"חוות צרידה","חוות צרידה","?? ?????","unmapped_fallback","2026-03-11"
"חוות עולם חסד","חוות עולם חסד","?? ?????","unmapped_fallback","2026-03-11"
"חוות מגנזי","חוות מגנזי","?? ?????","unmapped_fallback","2026-03-11"
"מכינת אלישע","מכינת אלישע","?? ?????","unmapped_fallback","2026-03-11"
"חוות נווה צוף","חוות נווה צוף","?? ?????","unmapped_fallback","2026-03-11"
"גבעת אסף","גבעת אסף","?? ?????","unmapped_fallback","2026-03-11"
"יבוא דודי","יבוא דודי","?? ?????","unmapped_fallback","2026-03-11"
"חוות נחל שילה","חוות נחל שילה","?? ?????","unmapped_fallback","2026-03-11"
"חוות ראש תאנה","חוות ראש תאנה","?? ?????","unmapped_fallback","2026-03-11"
"חוות מעלה אהוביה","חוות מעלה אהוביה","?? ?????","unmapped_fallback","2026-03-11"
"אעירה השחר","אעירה השחר","?? ?????","unmapped_fallback","2026-03-11"
"הר ברכה","הר ברכה","?? ?????","unmapped_fallback","2026-03-11"
"חוות יאיר","חוות יאיר","?? ?????","unmapped_fallback","2026-03-11"
"חוות אביחי","חוות אביחי","?? ?????","unmapped_fallback","2026-03-11"
"חוות שוביאל","חוות שוביאל","?? ?????","unmapped_fallback","2026-03-11"
"חוות שחרית","חוות שחרית","?? ?????","unmapped_fallback","2026-03-11"
"חוות נוף אב""י","חוות נוף אב""י","?? ?????","unmapped_fallback","2026-03-11"
"חוות צרידה","חוות צרידה","?? ?????","unmapped_fallback","2026-03-11"
"חוות אלחי","חוות אלחי","?? ?????","unmapped_fallback","2026-03-11"
"חוות שדה","חוות שדה","?? ?????","unmapped_fallback","2026-03-11"
"חוות הרשאש","חוות הרשאש","?? ?????","unmapped_fallback","2026-03-11"
"החווה של יאיא","החווה של יאיא","?? ?????","unmapped_fallback","2026-03-11"
"חוות מגדלים","חוות מגדלים","?? ?????","unmapped_fallback","2026-03-11"
"חוות פריאל","חוות פריאל","?? ?????","unmapped_fallback","2026-03-11"
"גבעת פורת יוסף","גבעת פורת יוסף","?? ?????","unmapped_fallback","2026-03-11"
"חומש","חומש","?? ?????","unmapped_fallback","2026-03-11"
"לב החולה","לב החולה","?? ?????","unmapped_fallback","2026-03-11"
"הר ברכה","הר ברכה","?? ?????","unmapped_fallback","2026-03-11"
"חוות יאיר","חוות יאיר","?? ?????","unmapped_fallback","2026-03-11"
"חוות אביחי","חוות אביחי","?? ?????","unmapped_fallback","2026-03-11"
"חוות עולם חסד","חוות עולם חסד","?? ?????","unmapped_fallback","2026-03-11"
"חוות שוביאל","חוות שוביאל","?? ?????","unmapped_fallback","2026-03-11"
"חוות שחרית","חוות שחרית","?? ?????","unmapped_fallback","2026-03-11"
"חוות נוף אב""י","חוות נוף אב""י","?? ?????","unmapped_fallback","2026-03-11"
"חוות צרידה","חוות צרידה","?? ?????","unmapped_fallback","2026-03-11"
"מכינת אלישע","מכינת אלישע","?? ?????","unmapped_fallback","2026-03-11"
"בוקעתא","בוקעתא","?? ?????","unmapped_fallback","2026-03-11"
"בתרונות","בתרונות","?? ?????","unmapped_fallback","2026-03-11"
"החווה של אורי כהן","החווה של אורי כהן","?? ?????","unmapped_fallback","2026-03-11"
"החווה של עשהאל","החווה של עשהאל","?? ?????","unmapped_fallback","2026-03-11"
"חוות יד השומר","חוות יד השומר","?? ?????","unmapped_fallback","2026-03-11"
"חוות עמיאל","חוות עמיאל","?? ?????","unmapped_fallback","2026-03-11"
"כפר גמילה מלכישוע","כפר גמילה מלכישוע","?? ?????","unmapped_fallback","2026-03-11"
"נוה איתן","נוה איתן","?? ?????","unmapped_fallback","2026-03-11"
"גבעת פורת יוסף","גבעת פורת יוסף","?? ?????","unmapped_fallback","2026-03-11"
"החווה של יאיא","החווה של יאיא","?? ?????","unmapped_fallback","2026-03-11"
"החווה של מנחם","החווה של מנחם","?? ?????","unmapped_fallback","2026-03-11"
"חוות גנות","חוות גנות","?? ?????","unmapped_fallback","2026-03-11"
"חוות הרשאש","חוות הרשאש","?? ?????","unmapped_fallback","2026-03-11"
"חוות מגדלים","חוות מגדלים","?? ?????","unmapped_fallback","2026-03-11"
"חוות מרום שמואל","חוות מרום שמואל","?? ?????","unmapped_fallback","2026-03-11"
"חוות פריאל","חוות פריאל","?? ?????","unmapped_fallback","2026-03-11"
"חוות ראש תאנה","חוות ראש תאנה","?? ?????","unmapped_fallback","2026-03-11"
"חוות שדה","חוות שדה","?? ?????","unmapped_fallback","2026-03-11"
"הר ברכה","הר ברכה","?? ?????","unmapped_fallback","2026-03-11"
"חוות נחל שילה","חוות נחל שילה","?? ?????","unmapped_fallback","2026-03-11"
"חוות יאיר","חוות יאיר","?? ?????","unmapped_fallback","2026-03-11"
"חוות אלחי","חוות אלחי","?? ?????","unmapped_fallback","2026-03-11"
"חומש","חומש","?? ?????","unmapped_fallback","2026-03-11"
"חוות נוף אב""י","חוות נוף אב""י","?? ?????","unmapped_fallback","2026-03-11"
"חוות שוביאל","חוות שוביאל","?? ?????","unmapped_fallback","2026-03-11"
"טייבה בגלבוע","טייבה בגלבוע","?? ?????","unmapped_fallback","2026-03-11"
"טמרה בגלבוע","טמרה בגלבוע","?? ?????","unmapped_fallback","2026-03-11"
"אזור תעשייה קדמת גליל","אזור תעשייה קדמת גליל","?? ?????","unmapped_fallback","2026-03-11"
"אתר ההנצחה גולני","אתר ההנצחה גולני","?? ?????","unmapped_fallback","2026-03-11"
"בית ירח","בית ירח","?? ?????","unmapped_fallback","2026-03-11"
"בני יהודה וגבעת יואב","בני יהודה וגבעת יואב","?? ?????","unmapped_fallback","2026-03-11"
"דבוריה","דבוריה","?? ?????","unmapped_fallback","2026-03-11"
"כינרת מושבה","כינרת מושבה","?? ?????","unmapped_fallback","2026-03-11"
"כינרת קבוצה","כינרת קבוצה","?? ?????","unmapped_fallback","2026-03-11"
"פוריה כפר עבודה","פוריה כפר עבודה","?? ?????","unmapped_fallback","2026-03-11"
"פוריה נווה עובד","פוריה נווה עובד","?? ?????","unmapped_fallback","2026-03-11"
"פוריה עילית","פוריה עילית","?? ?????","unmapped_fallback","2026-03-11"
"שיבלי אום אלג'נם","שיבלי אום אלג'נם","?? ?????","unmapped_fallback","2026-03-11"
"אזור תעשייה בני יהודה","אזור תעשייה בני יהודה","?? ?????","unmapped_fallback","2026-03-11"
"אזור תעשייה אלון התבור","אזור תעשייה אלון התבור","?? ?????","unmapped_fallback","2026-03-11"
"חוות נווה צוף","חוות נווה צוף","?? ?????","unmapped_fallback","2026-03-11"
"מכינת אלישע","מכינת אלישע","?? ?????","unmapped_fallback","2026-03-11"
"בית אלפא וחפציבה","בית אלפא וחפציבה","?? ?????","unmapped_fallback","2026-03-11"
"חוות יאיר","חוות יאיר","?? ?????","unmapped_fallback","2026-03-11"
"חוות אביחי","חוות אביחי","?? ?????","unmapped_fallback","2026-03-11"
"חוות נוף אב""י","חוות נוף אב""י","?? ?????","unmapped_fallback","2026-03-11"
"חוות צרידה","חוות צרידה","?? ?????","unmapped_fallback","2026-03-11"
"חוות שחרית","חוות שחרית","?? ?????","unmapped_fallback","2026-03-11"
"חוות שוביאל","חוות שוביאל","?? ?????","unmapped_fallback","2026-03-11"
"חוות עולם חסד","חוות עולם חסד","?? ?????","unmapped_fallback","2026-03-11"
"חוות מגנזי","חוות מגנזי","?? ?????","unmapped_fallback","2026-03-11"
"מכינת אלישע","מכינת אלישע","?? ?????","unmapped_fallback","2026-03-11"
"חוות נווה צוף","חוות נווה צוף","?? ?????","unmapped_fallback","2026-03-11"
"קדיתא","קדיתא","?? ?????","unmapped_fallback","2026-03-11"
"מרכז אזורי מרום גליל","מרכז אזורי מרום גליל","?? ?????","unmapped_fallback","2026-03-11"
"מנחת מחניים","מנחת מחניים","?? ?????","unmapped_fallback","2026-03-11"
"פנימיית עין כרם","פנימיית עין כרם","?? ?????","unmapped_fallback","2026-03-11"
"מיצד","מיצד","?? ?????","unmapped_fallback","2026-03-11"
"כפר אלדד","כפר אלדד","?? ?????","unmapped_fallback","2026-03-11"
"הגבעה הצהובה","הגבעה הצהובה","?? ?????","unmapped_fallback","2026-03-11"
"חוות תלם צפון","חוות תלם צפון","?? ?????","unmapped_fallback","2026-03-11"
"איבי הנחל","איבי הנחל","?? ?????","unmapped_fallback","2026-03-11"
"בית הברכה","בית הברכה","?? ?????","unmapped_fallback","2026-03-11"
"בר כוכבא","בר כוכבא","?? ?????","unmapped_fallback","2026-03-11"
"גבעות","גבעות","?? ?????","unmapped_fallback","2026-03-11"
"חוות ארץ האיילים","חוות ארץ האיילים","?? ?????","unmapped_fallback","2026-03-11"
"חוות עדן","חוות עדן","?? ?????","unmapped_fallback","2026-03-11"
"חוות קשואלה","חוות קשואלה","?? ?????","unmapped_fallback","2026-03-11"
"עוז וגאון","עוז וגאון","?? ?????","unmapped_fallback","2026-03-11"
"תקוע ד' וה'","תקוע ד' וה'","?? ?????","unmapped_fallback","2026-03-11"
"חוות נחלת אבות","חוות נחלת אבות","?? ?????","unmapped_fallback","2026-03-11"
"חוות צאן קדר","חוות צאן קדר","?? ?????","unmapped_fallback","2026-03-11"
"גבעת אסף","גבעת אסף","?? ?????","unmapped_fallback","2026-03-11"
"יבוא דודי","יבוא דודי","?? ?????","unmapped_fallback","2026-03-11"
"בני אדם","בני אדם","?? ?????","unmapped_fallback","2026-03-11"
"חוות בניהו","חוות בניהו","?? ?????","unmapped_fallback","2026-03-11"
"חוות הרועה העברי","חוות הרועה העברי","?? ?????","unmapped_fallback","2026-03-11"
"חוות מגנזי","חוות מגנזי","?? ?????","unmapped_fallback","2026-03-11"
"חוות נחלת צבי","חוות נחלת צבי","?? ?????","unmapped_fallback","2026-03-11"
"מגרון","מגרון","?? ?????","unmapped_fallback","2026-03-11"
"נופי פרת","נופי פרת","?? ?????","unmapped_fallback","2026-03-11"
"אלון","אלון","?? ?????","unmapped_fallback","2026-03-11"
"חוות חנינא","חוות חנינא","?? ?????","unmapped_fallback","2026-03-11"
"חוות ינון","חוות ינון","?? ?????","unmapped_fallback","2026-03-11"
"חוות נווה צוף","חוות נווה צוף","?? ?????","unmapped_fallback","2026-03-11"
"חוות עולם חסד","חוות עולם חסד","?? ?????","unmapped_fallback","2026-03-11"
"מכינת אלישע","מכינת אלישע","?? ?????","unmapped_fallback","2026-03-11"
"מרכז אזורי מגילות","מרכז אזורי מגילות","?? ?????","unmapped_fallback","2026-03-11"
"צומת אלמוג","צומת אלמוג","?? ?????","unmapped_fallback","2026-03-11"
"קדם ערבה","קדם ערבה","?? ?????","unmapped_fallback","2026-03-11"
"בית סוהר צלמון","בית סוהר צלמון","?? ?????","unmapped_fallback","2026-03-11"
"מע'אר","מע'אר","?? ?????","unmapped_fallback","2026-03-11"
"צורית גילון","צורית גילון","?? ?????","unmapped_fallback","2026-03-11"
"בני יהודה וגבעת יואב","בני יהודה וגבעת יואב","?? ?????","unmapped_fallback","2026-03-11"
"אזור תעשייה בני יהודה","אזור תעשייה בני יהודה","?? ?????","unmapped_fallback","2026-03-11"
"בית העלמין החדש עכו","בית העלמין החדש עכו","?? ?????","unmapped_fallback","2026-03-11"
"כורזים ורד הגליל","כורזים ורד הגליל","?? ?????","unmapped_fallback","2026-03-11"
"קדיתא","קדיתא","?? ?????","unmapped_fallback","2026-03-11"
"הר חלוץ","הר חלוץ","?? ?????","unmapped_fallback","2026-03-11"
"כעביה טבאש","כעביה טבאש","?? ?????","unmapped_fallback","2026-03-11"
"צורית גילון","צורית גילון","?? ?????","unmapped_fallback","2026-03-11"
"הררית יחד","הררית יחד","?? ?????","unmapped_fallback","2026-03-11"
"לוטם וחמדון","לוטם וחמדון","?? ?????","unmapped_fallback","2026-03-11"
"בית העלמין החדש עכו","בית העלמין החדש עכו","?? ?????","unmapped_fallback","2026-03-11"
"בית סוהר קישון","בית סוהר קישון","?? ?????","unmapped_fallback","2026-03-11"
"בית עלמין תל רגב","בית עלמין תל רגב","?? ?????","unmapped_fallback","2026-03-11"
"כפר ח'וואלד","כפר ח'וואלד","?? ?????","unmapped_fallback","2026-03-11"
"סואעד חמירה","סואעד חמירה","?? ?????","unmapped_fallback","2026-03-11"
"חג'אג'רה","חג'אג'רה","?? ?????","unmapped_fallback","2026-03-11"
"מע'אר","מע'אר","?? ?????","unmapped_fallback","2026-03-11"
"גבעת וולפסון","גבעת וולפסון","?? ?????","unmapped_fallback","2026-03-11"
"בית העלמין החדש נהריה","בית העלמין החדש נהריה","?? ?????","unmapped_fallback","2026-03-11"
"בית סוהר צלמון","בית סוהר צלמון","?? ?????","unmapped_fallback","2026-03-11"
"בית ספר שדה מירון","בית ספר שדה מירון","?? ?????","unmapped_fallback","2026-03-11"
"מרכז אזורי מרום גליל","מרכז אזורי מרום גליל","?? ?????","unmapped_fallback","2026-03-11"
"קדיתא","קדיתא","?? ?????","unmapped_fallback","2026-03-11"
"חמדת ימים","חמדת ימים","?? ?????","unmapped_fallback","2026-03-11"
"לב החולה","לב החולה","?? ?????","unmapped_fallback","2026-03-11"
"שני ליבנה","שני ליבנה","?? ?????","unmapped_fallback","2026-03-11"
"חוות מור ואברהם","חוות מור ואברהם","?? ?????","unmapped_fallback","2026-03-11"
"חוות מקנה יהודה","חוות מקנה יהודה","?? ?????","unmapped_fallback","2026-03-11"
"חוות אשכולות","חוות אשכולות","?? ?????","unmapped_fallback","2026-03-11"
"בוקעתא","בוקעתא","?? ?????","unmapped_fallback","2026-03-11"
"בית העלמין החדש נהריה","בית העלמין החדש נהריה","?? ?????","unmapped_fallback","2026-03-11"
"בית ספר שדה מירון","בית ספר שדה מירון","?? ?????","unmapped_fallback","2026-03-11"
"יקנעם המושבה והזורע","יקנעם המושבה והזורע","?? ?????","unmapped_fallback","2026-03-11"
"כעביה טבאש","כעביה טבאש","?? ?????","unmapped_fallback","2026-03-11"
"בית סוהר קישון","בית סוהר קישון","?? ?????","unmapped_fallback","2026-03-11"
"בית עלמין תל רגב","בית עלמין תל רגב","?? ?????","unmapped_fallback","2026-03-11"
"כפר ח'וואלד","כפר ח'וואלד","?? ?????","unmapped_fallback","2026-03-11"
"סואעד חמירה","סואעד חמירה","?? ?????","unmapped_fallback","2026-03-11"
"תחנת רכבת כפר יהושוע","תחנת רכבת כפר יהושוע","?? ?????","unmapped_fallback","2026-03-11"
"צורית גילון","צורית גילון","?? ?????","unmapped_fallback","2026-03-11"
"אלון","אלון","?? ?????","unmapped_fallback","2026-03-12"
"מרכז אזורי מגילות","מרכז אזורי מגילות","?? ?????","unmapped_fallback","2026-03-12"
"אעירה השחר","אעירה השחר","?? ?????","unmapped_fallback","2026-03-12"
"בית חגלה","בית חגלה","?? ?????","unmapped_fallback","2026-03-12"
"בני אדם","בני אדם","?? ?????","unmapped_fallback","2026-03-12"
"החווה של זוהר","החווה של זוהר","?? ?????","unmapped_fallback","2026-03-12"
"חוות בניהו","חוות בניהו","?? ?????","unmapped_fallback","2026-03-12"
"חוות הרועה העברי","חוות הרועה העברי","?? ?????","unmapped_fallback","2026-03-12"
"חוות חנינא","חוות חנינא","?? ?????","unmapped_fallback","2026-03-12"
"חוות ינון","חוות ינון","?? ?????","unmapped_fallback","2026-03-12"
"חוות מלכיאל","חוות מלכיאל","?? ?????","unmapped_fallback","2026-03-12"
"חוות נחלת צבי","חוות נחלת צבי","?? ?????","unmapped_fallback","2026-03-12"
"נופי פרת","נופי פרת","?? ?????","unmapped_fallback","2026-03-12"
"צומת אלמוג","צומת אלמוג","?? ?????","unmapped_fallback","2026-03-12"
"קדם ערבה","קדם ערבה","?? ?????","unmapped_fallback","2026-03-12"
"פנימיית עין כרם","פנימיית עין כרם","?? ?????","unmapped_fallback","2026-03-12"
"גבעת אסף","גבעת אסף","?? ?????","unmapped_fallback","2026-03-12"
"בר כוכבא","בר כוכבא","?? ?????","unmapped_fallback","2026-03-12"
"גבעות","גבעות","?? ?????","unmapped_fallback","2026-03-12"
"חוות ארץ האיילים","חוות ארץ האיילים","?? ?????","unmapped_fallback","2026-03-12"
"חוות מעלה אהוביה","חוות מעלה אהוביה","?? ?????","unmapped_fallback","2026-03-12"
"חוות עדן","חוות עדן","?? ?????","unmapped_fallback","2026-03-12"
"חוות צאן קדר","חוות צאן קדר","?? ?????","unmapped_fallback","2026-03-12"
"חוות קשואלה","חוות קשואלה","?? ?????","unmapped_fallback","2026-03-12"
"מגרון","מגרון","?? ?????","unmapped_fallback","2026-03-12"
"הגבעה הצהובה","הגבעה הצהובה","?? ?????","unmapped_fallback","2026-03-12"
"בית הברכה","בית הברכה","?? ?????","unmapped_fallback","2026-03-12"
"עוז וגאון","עוז וגאון","?? ?????","unmapped_fallback","2026-03-12"
"בוקעתא","בוקעתא","?? ?????","unmapped_fallback","2026-03-12"
"בית העלמין החדש נהריה","בית העלמין החדש נהריה","?? ?????","unmapped_fallback","2026-03-12"
"בית העלמין החדש עכו","בית העלמין החדש עכו","?? ?????","unmapped_fallback","2026-03-12"
"אזור תעשייה שחורת","אזור תעשייה שחורת","?? ?????","unmapped_fallback","2026-03-12"
"חוות יאיר","חוות יאיר","?? ?????","unmapped_fallback","2026-03-12"
"חוות שחרית","חוות שחרית","?? ?????","unmapped_fallback","2026-03-12"
"חוות אלחי","חוות אלחי","?? ?????","unmapped_fallback","2026-03-12"
"אמץ","אמץ","?? ?????","unmapped_fallback","2026-03-12"
"חומש","חומש","?? ?????","unmapped_fallback","2026-03-12"
"הר ברכה","הר ברכה","?? ?????","unmapped_fallback","2026-03-12"
"חוות נוף אב""י","חוות נוף אב""י","?? ?????","unmapped_fallback","2026-03-12"
"חוות שוביאל","חוות שוביאל","?? ?????","unmapped_fallback","2026-03-12"
"חוות צרידה","חוות צרידה","?? ?????","unmapped_fallback","2026-03-12"
"חוות אביחי","חוות אביחי","?? ?????","unmapped_fallback","2026-03-12"
"חבצלת השרון וצוקי ים","חבצלת השרון וצוקי ים","?? ?????","unmapped_fallback","2026-03-12"
"חוות שדה","חוות שדה","?? ?????","unmapped_fallback","2026-03-12"
"בית חרות","בית חרות","?? ?????","unmapped_fallback","2026-03-12"
"גבעת פורת יוסף","גבעת פורת יוסף","?? ?????","unmapped_fallback","2026-03-12"
"חוות מרום שמואל","חוות מרום שמואל","?? ?????","unmapped_fallback","2026-03-12"
"החווה של אורי כהן","החווה של אורי כהן","?? ?????","unmapped_fallback","2026-03-12"
"החווה של יאיא","החווה של יאיא","?? ?????","unmapped_fallback","2026-03-12"
"החווה של מנחם","החווה של מנחם","?? ?????","unmapped_fallback","2026-03-12"
"החווה של עשהאל","החווה של עשהאל","?? ?????","unmapped_fallback","2026-03-12"
"חוות גנות","חוות גנות","?? ?????","unmapped_fallback","2026-03-12"
"חוות מגדלים","חוות מגדלים","?? ?????","unmapped_fallback","2026-03-12"
"באקה אל גרבייה","באקה אל גרבייה","?? ?????","unmapped_fallback","2026-03-12"
"חוות אביה","חוות אביה","?? ?????","unmapped_fallback","2026-03-12"
"חוות אל נווה","חוות אל נווה","?? ?????","unmapped_fallback","2026-03-12"
"חוות מגנזי","חוות מגנזי","?? ?????","unmapped_fallback","2026-03-12"
"חוות עולם חסד","חוות עולם חסד","?? ?????","unmapped_fallback","2026-03-12"
"חרמש דרום","חרמש דרום","?? ?????","unmapped_fallback","2026-03-12"
"חוות נחל שילה","חוות נחל שילה","?? ?????","unmapped_fallback","2026-03-12"
"בוקעתא","בוקעתא","?? ?????","unmapped_fallback","2026-03-12"
"בני יהודה וגבעת יואב","בני יהודה וגבעת יואב","?? ?????","unmapped_fallback","2026-03-12"
"אזור תעשייה בני יהודה","אזור תעשייה בני יהודה","?? ?????","unmapped_fallback","2026-03-12"
"כורזים ורד הגליל","כורזים ורד הגליל","?? ?????","unmapped_fallback","2026-03-12"
"מרכז אזורי רמת כורזים","מרכז אזורי רמת כורזים","?? ?????","unmapped_fallback","2026-03-12"
"מנחת מחניים","מנחת מחניים","?? ?????","unmapped_fallback","2026-03-12"
"לב החולה","לב החולה","?? ?????","unmapped_fallback","2026-03-12"
"בית ספר שדה מירון","בית ספר שדה מירון","?? ?????","unmapped_fallback","2026-03-12"
"מרכז אזורי מרום גליל","מרכז אזורי מרום גליל","?? ?????","unmapped_fallback","2026-03-12"
"קדיתא","קדיתא","?? ?????","unmapped_fallback","2026-03-12"
"חמדת ימים","חמדת ימים","?? ?????","unmapped_fallback","2026-03-12"
"בית סוהר צלמון","בית סוהר צלמון","?? ?????","unmapped_fallback","2026-03-12"
"אזור תעשייה קדמת גליל","אזור תעשייה קדמת גליל","?? ?????","unmapped_fallback","2026-03-12"
"אתר ההנצחה גולני","אתר ההנצחה גולני","?? ?????","unmapped_fallback","2026-03-12"
"בית ירח","בית ירח","?? ?????","unmapped_fallback","2026-03-12"
"הררית יחד","הררית יחד","?? ?????","unmapped_fallback","2026-03-12"
"כינרת מושבה","כינרת מושבה","?? ?????","unmapped_fallback","2026-03-12"
"כינרת קבוצה","כינרת קבוצה","?? ?????","unmapped_fallback","2026-03-12"
"לוטם וחמדון","לוטם וחמדון","?? ?????","unmapped_fallback","2026-03-12"
"מע'אר","מע'אר","?? ?????","unmapped_fallback","2026-03-12"
"פוריה כפר עבודה","פוריה כפר עבודה","?? ?????","unmapped_fallback","2026-03-12"
"פוריה נווה עובד","פוריה נווה עובד","?? ?????","unmapped_fallback","2026-03-12"
"פוריה עילית","פוריה עילית","?? ?????","unmapped_fallback","2026-03-12"
"בית העלמין החדש נהריה","בית העלמין החדש נהריה","?? ?????","unmapped_fallback","2026-03-12"
"הר חלוץ","הר חלוץ","?? ?????","unmapped_fallback","2026-03-12"
"צורית גילון","צורית גילון","?? ?????","unmapped_fallback","2026-03-12"
"בית העלמין החדש עכו","בית העלמין החדש עכו","?? ?????","unmapped_fallback","2026-03-12"
"פנימיית עין כרם","פנימיית עין כרם","?? ?????","unmapped_fallback","2026-03-12"
"אלון","אלון","?? ?????","unmapped_fallback","2026-03-12"
"מרכז אזורי מגילות","מרכז אזורי מגילות","?? ?????","unmapped_fallback","2026-03-12"
"בית חגלה","בית חגלה","?? ?????","unmapped_fallback","2026-03-12"
"בני אדם","בני אדם","?? ?????","unmapped_fallback","2026-03-12"
"החווה של זוהר","החווה של זוהר","?? ?????","unmapped_fallback","2026-03-12"
"חוות בניהו","חוות בניהו","?? ?????","unmapped_fallback","2026-03-12"
"חוות הרועה העברי","חוות הרועה העברי","?? ?????","unmapped_fallback","2026-03-12"
"חוות חנינא","חוות חנינא","?? ?????","unmapped_fallback","2026-03-12"
"חוות ינון","חוות ינון","?? ?????","unmapped_fallback","2026-03-12"
"חוות מלכיאל","חוות מלכיאל","?? ?????","unmapped_fallback","2026-03-12"
"חוות נחלת צבי","חוות נחלת צבי","?? ?????","unmapped_fallback","2026-03-12"
"חוות צאן קדר","חוות צאן קדר","?? ?????","unmapped_fallback","2026-03-12"
"מגרון","מגרון","?? ?????","unmapped_fallback","2026-03-12"
"נופי פרת","נופי פרת","?? ?????","unmapped_fallback","2026-03-12"
"צומת אלמוג","צומת אלמוג","?? ?????","unmapped_fallback","2026-03-12"
"קדם ערבה","קדם ערבה","?? ?????","unmapped_fallback","2026-03-12"
"כפר אלדד","כפר אלדד","?? ?????","unmapped_fallback","2026-03-12"
"הגבעה הצהובה","הגבעה הצהובה","?? ?????","unmapped_fallback","2026-03-12"
"בית הברכה","בית הברכה","?? ?????","unmapped_fallback","2026-03-12"
"בר כוכבא","בר כוכבא","?? ?????","unmapped_fallback","2026-03-12"
"גבעות","גבעות","?? ?????","unmapped_fallback","2026-03-12"
"חוות ארץ האיילים","חוות ארץ האיילים","?? ?????","unmapped_fallback","2026-03-12"
"חוות עדן","חוות עדן","?? ?????","unmapped_fallback","2026-03-12"
"חוות קשואלה","חוות קשואלה","?? ?????","unmapped_fallback","2026-03-12"
"עוז וגאון","עוז וגאון","?? ?????","unmapped_fallback","2026-03-12"
"תקוע ד' וה'","תקוע ד' וה'","?? ?????","unmapped_fallback","2026-03-12"
"חוות תלם צפון","חוות תלם צפון","?? ?????","unmapped_fallback","2026-03-12"
"חוות יאיר","חוות יאיר","?? ?????","unmapped_fallback","2026-03-12"
"חוות אביחי","חוות אביחי","?? ?????","unmapped_fallback","2026-03-12"
"חוות מגנזי","חוות מגנזי","?? ?????","unmapped_fallback","2026-03-12"
"חוות נווה צוף","חוות נווה צוף","?? ?????","unmapped_fallback","2026-03-12"
"חוות נוף אב""י","חוות נוף אב""י","?? ?????","unmapped_fallback","2026-03-12"
"חוות נחל שילה","חוות נחל שילה","?? ?????","unmapped_fallback","2026-03-12"
"חוות עולם חסד","חוות עולם חסד","?? ?????","unmapped_fallback","2026-03-12"
"חוות צרידה","חוות צרידה","?? ?????","unmapped_fallback","2026-03-12"
"חוות שוביאל","חוות שוביאל","?? ?????","unmapped_fallback","2026-03-12"
"חוות שחרית","חוות שחרית","?? ?????","unmapped_fallback","2026-03-12"
"יבוא דודי","יבוא דודי","?? ?????","unmapped_fallback","2026-03-12"
"מכינת אלישע","מכינת אלישע","?? ?????","unmapped_fallback","2026-03-12"
"מכינת אלישע","מכינת אלישע","?? ?????","unmapped_fallback","2026-03-12"
"חוות מגנזי","חוות מגנזי","?? ?????","unmapped_fallback","2026-03-12"
"יבוא דודי","יבוא דודי","?? ?????","unmapped_fallback","2026-03-12"
"חוות נווה צוף","חוות נווה צוף","?? ?????","unmapped_fallback","2026-03-12"
"חוות נחל שילה","חוות נחל שילה","?? ?????","unmapped_fallback","2026-03-12"
"קדיתא","קדיתא","?? ?????","unmapped_fallback","2026-03-12"
"לב החולה","לב החולה","?? ?????","unmapped_fallback","2026-03-12"
"חוות יאיר","חוות יאיר","?? ?????","unmapped_fallback","2026-03-12"
"הר ברכה","הר ברכה","?? ?????","unmapped_fallback","2026-03-12"
"חוות אביחי","חוות אביחי","?? ?????","unmapped_fallback","2026-03-12"
"חוות מגדלים","חוות מגדלים","?? ?????","unmapped_fallback","2026-03-12"
"חוות מגנזי","חוות מגנזי","?? ?????","unmapped_fallback","2026-03-12"
"חוות נווה צוף","חוות נווה צוף","?? ?????","unmapped_fallback","2026-03-12"
"חוות נוף אב""י","חוות נוף אב""י","?? ?????","unmapped_fallback","2026-03-12"
"חוות נחל שילה","חוות נחל שילה","?? ?????","unmapped_fallback","2026-03-12"
"חוות עולם חסד","חוות עולם חסד","?? ?????","unmapped_fallback","2026-03-12"
"חוות צרידה","חוות צרידה","?? ?????","unmapped_fallback","2026-03-12"
"חוות שדה","חוות שדה","?? ?????","unmapped_fallback","2026-03-12"
"חוות שוביאל","חוות שוביאל","?? ?????","unmapped_fallback","2026-03-12"
"חוות שחרית","חוות שחרית","?? ?????","unmapped_fallback","2026-03-12"
"מכינת אלישע","מכינת אלישע","?? ?????","unmapped_fallback","2026-03-12"
"יקנעם המושבה והזורע","יקנעם המושבה והזורע","?? ?????","unmapped_fallback","2026-03-13"
"גבעת וולפסון","גבעת וולפסון","?? ?????","unmapped_fallback","2026-03-13"
"גניגר","גניגר","?? ?????","unmapped_fallback","2026-03-13"
"חג'אג'רה","חג'אג'רה","?? ?????","unmapped_fallback","2026-03-13"
"כעביה טבאש","כעביה טבאש","?? ?????","unmapped_fallback","2026-03-13"
"אזור תעשייה קדמת גליל","אזור תעשייה קדמת גליל","?? ?????","unmapped_fallback","2026-03-13"
"אתר ההנצחה גולני","אתר ההנצחה גולני","?? ?????","unmapped_fallback","2026-03-13"
"בית סוהר קישון","בית סוהר קישון","?? ?????","unmapped_fallback","2026-03-13"
"דבוריה","דבוריה","?? ?????","unmapped_fallback","2026-03-13"
"הררית יחד","הררית יחד","?? ?????","unmapped_fallback","2026-03-13"
"מרכז מיר''ב","מרכז מיר''ב","?? ?????","unmapped_fallback","2026-03-13"
"שיבלי אום אלג'נם","שיבלי אום אלג'נם","?? ?????","unmapped_fallback","2026-03-13"
"תחנת רכבת כפר ברוך","תחנת רכבת כפר ברוך","?? ?????","unmapped_fallback","2026-03-13"
"בית עלמין תל רגב","בית עלמין תל רגב","?? ?????","unmapped_fallback","2026-03-13"
"כפר ח'וואלד","כפר ח'וואלד","?? ?????","unmapped_fallback","2026-03-13"
"סואעד חמירה","סואעד חמירה","?? ?????","unmapped_fallback","2026-03-13"
"תחנת רכבת כפר יהושוע","תחנת רכבת כפר יהושוע","?? ?????","unmapped_fallback","2026-03-13"
"דליה","דליה","?? ?????","unmapped_fallback","2026-03-13"
"לוטם וחמדון","לוטם וחמדון","?? ?????","unmapped_fallback","2026-03-13"
"בית סוהר צלמון","בית סוהר צלמון","?? ?????","unmapped_fallback","2026-03-13"
"פוריה נווה עובד","פוריה נווה עובד","?? ?????","unmapped_fallback","2026-03-13"
"פוריה כפר עבודה","פוריה כפר עבודה","?? ?????","unmapped_fallback","2026-03-13"
"פוריה עילית","פוריה עילית","?? ?????","unmapped_fallback","2026-03-13"
"אזור תעשייה אלון התבור","אזור תעשייה אלון התבור","?? ?????","unmapped_fallback","2026-03-13"
"כינרת מושבה","כינרת מושבה","?? ?????","unmapped_fallback","2026-03-13"
"כינרת קבוצה","כינרת קבוצה","?? ?????","unmapped_fallback","2026-03-13"
"מע'אר","מע'אר","?? ?????","unmapped_fallback","2026-03-13"
"בית ירח","בית ירח","?? ?????","unmapped_fallback","2026-03-13"
"גבעת וולפסון","גבעת וולפסון","?? ?????","unmapped_fallback","2026-03-13"
"גניגר","גניגר","?? ?????","unmapped_fallback","2026-03-13"
"חג'אג'רה","חג'אג'רה","?? ?????","unmapped_fallback","2026-03-13"
"כעביה טבאש","כעביה טבאש","?? ?????","unmapped_fallback","2026-03-13"
"דליה","דליה","?? ?????","unmapped_fallback","2026-03-13"
"יקנעם המושבה והזורע","יקנעם המושבה והזורע","?? ?????","unmapped_fallback","2026-03-13"
"אזור תעשייה קדמת גליל","אזור תעשייה קדמת גליל","?? ?????","unmapped_fallback","2026-03-13"
"אתר ההנצחה גולני","אתר ההנצחה גולני","?? ?????","unmapped_fallback","2026-03-13"
"בית סוהר קישון","בית סוהר קישון","?? ?????","unmapped_fallback","2026-03-13"
"דבוריה","דבוריה","?? ?????","unmapped_fallback","2026-03-13"
"הררית יחד","הררית יחד","?? ?????","unmapped_fallback","2026-03-13"
"מרכז מיר''ב","מרכז מיר''ב","?? ?????","unmapped_fallback","2026-03-13"
"שיבלי אום אלג'נם","שיבלי אום אלג'נם","?? ?????","unmapped_fallback","2026-03-13"
"תחנת רכבת כפר ברוך","תחנת רכבת כפר ברוך","?? ?????","unmapped_fallback","2026-03-13"
"בית עלמין תל רגב","בית עלמין תל רגב","?? ?????","unmapped_fallback","2026-03-13"
"כפר ח'וואלד","כפר ח'וואלד","?? ?????","unmapped_fallback","2026-03-13"
"סואעד חמירה","סואעד חמירה","?? ?????","unmapped_fallback","2026-03-13"
"תחנת רכבת כפר יהושוע","תחנת רכבת כפר יהושוע","?? ?????","unmapped_fallback","2026-03-13"
"בית סוהר צלמון","בית סוהר צלמון","?? ?????","unmapped_fallback","2026-03-13"
"לוטם וחמדון","לוטם וחמדון","?? ?????","unmapped_fallback","2026-03-13"
"פוריה נווה עובד","פוריה נווה עובד","?? ?????","unmapped_fallback","2026-03-13"
"פוריה עילית","פוריה עילית","?? ?????","unmapped_fallback","2026-03-13"
"מע'אר","מע'אר","?? ?????","unmapped_fallback","2026-03-13"
"פוריה כפר עבודה","פוריה כפר עבודה","?? ?????","unmapped_fallback","2026-03-13"
"קיבוץ מגידו","קיבוץ מגידו","?? ?????","unmapped_fallback","2026-03-13"
"כורזים ורד הגליל","כורזים ורד הגליל","?? ?????","unmapped_fallback","2026-03-13"
"אזור תעשייה קדמת גליל","אזור תעשייה קדמת גליל","?? ?????","unmapped_fallback","2026-03-13"
"בית סוהר צלמון","בית סוהר צלמון","?? ?????","unmapped_fallback","2026-03-13"
"בני יהודה וגבעת יואב","בני יהודה וגבעת יואב","?? ?????","unmapped_fallback","2026-03-13"
"מרכז אזורי רמת כורזים","מרכז אזורי רמת כורזים","?? ?????","unmapped_fallback","2026-03-13"
"אזור תעשייה בני יהודה","אזור תעשייה בני יהודה","?? ?????","unmapped_fallback","2026-03-13"
"מנחת מחניים","מנחת מחניים","?? ?????","unmapped_fallback","2026-03-13"
"פוריה נווה עובד","פוריה נווה עובד","?? ?????","unmapped_fallback","2026-03-13"
"אתר ההנצחה גולני","אתר ההנצחה גולני","?? ?????","unmapped_fallback","2026-03-13"
"הררית יחד","הררית יחד","?? ?????","unmapped_fallback","2026-03-13"
"לוטם וחמדון","לוטם וחמדון","?? ?????","unmapped_fallback","2026-03-13"
"מע'אר","מע'אר","?? ?????","unmapped_fallback","2026-03-13"
"חמדת ימים","חמדת ימים","?? ?????","unmapped_fallback","2026-03-13"
"פוריה עילית","פוריה עילית","?? ?????","unmapped_fallback","2026-03-13"
"אזור תעשייה שחורת","אזור תעשייה שחורת","?? ?????","unmapped_fallback","2026-03-13"
"מרכז אזורי מרום גליל","מרכז אזורי מרום גליל","?? ?????","unmapped_fallback","2026-03-13"
"פנימיית עין כרם","פנימיית עין כרם","?? ?????","unmapped_fallback","2026-03-13"
"בר כוכבא","בר כוכבא","?? ?????","unmapped_fallback","2026-03-13"
"גבעות","גבעות","?? ?????","unmapped_fallback","2026-03-13"
"חוות עדן","חוות עדן","?? ?????","unmapped_fallback","2026-03-13"
"חוות קשואלה","חוות קשואלה","?? ?????","unmapped_fallback","2026-03-13"
"חוות ארץ האיילים","חוות ארץ האיילים","?? ?????","unmapped_fallback","2026-03-13"
"חוף זיקים","חוף זיקים","?? ?????","unmapped_fallback","2026-03-13"
"הגבעה הצהובה","הגבעה הצהובה","?? ?????","unmapped_fallback","2026-03-13"
"חוות אביחי","חוות אביחי","?? ?????","unmapped_fallback","2026-03-13"
"חוות מגנזי","חוות מגנזי","?? ?????","unmapped_fallback","2026-03-13"
"חוות עולם חסד","חוות עולם חסד","?? ?????","unmapped_fallback","2026-03-13"
"חוות צרידה","חוות צרידה","?? ?????","unmapped_fallback","2026-03-13"
"חוות שחרית","חוות שחרית","?? ?????","unmapped_fallback","2026-03-13"
"יבוא דודי","יבוא דודי","?? ?????","unmapped_fallback","2026-03-13"
"מכינת אלישע","מכינת אלישע","?? ?????","unmapped_fallback","2026-03-13"
"חוות נווה צוף","חוות נווה צוף","?? ?????","unmapped_fallback","2026-03-13"
"חוות שוביאל","חוות שוביאל","?? ?????","unmapped_fallback","2026-03-13"
"חוות נוף אב""י","חוות נוף אב""י","?? ?????","unmapped_fallback","2026-03-13"
"חוות אביחי","חוות אביחי","?? ?????","unmapped_fallback","2026-03-13"
"יבוא דודי","יבוא דודי","?? ?????","unmapped_fallback","2026-03-13"
"חוות מגנזי","חוות מגנזי","?? ?????","unmapped_fallback","2026-03-13"
"חוות נווה צוף","חוות נווה צוף","?? ?????","unmapped_fallback","2026-03-13"
"חוות עולם חסד","חוות עולם חסד","?? ?????","unmapped_fallback","2026-03-13"
"חוות צרידה","חוות צרידה","?? ?????","unmapped_fallback","2026-03-13"
"מכינת אלישע","מכינת אלישע","?? ?????","unmapped_fallback","2026-03-13"
"חוות שחרית","חוות שחרית","?? ?????","unmapped_fallback","2026-03-13"
"חוות נוף אב""י","חוות נוף אב""י","?? ?????","unmapped_fallback","2026-03-13"
"חוות שוביאל","חוות שוביאל","?? ?????","unmapped_fallback","2026-03-13"
"חוות יאיר","חוות יאיר","?? ?????","unmapped_fallback","2026-03-13"
"חוות מגדלים","חוות מגדלים","?? ?????","unmapped_fallback","2026-03-13"
"חוות נחל שילה","חוות נחל שילה","?? ?????","unmapped_fallback","2026-03-13"
"שני ליבנה","שני ליבנה","?? ?????","unmapped_fallback","2026-03-13"
"חוות מור ואברהם","חוות מור ואברהם","?? ?????","unmapped_fallback","2026-03-13"
"חוות מקנה יהודה","חוות מקנה יהודה","?? ?????","unmapped_fallback","2026-03-13"
"גבעת אסף","גבעת אסף","?? ?????","unmapped_fallback","2026-03-13"
"חוות מגנזי","חוות מגנזי","?? ?????","unmapped_fallback","2026-03-13"
"יבוא דודי","יבוא דודי","?? ?????","unmapped_fallback","2026-03-13"
"חוות נווה צוף","חוות נווה צוף","?? ?????","unmapped_fallback","2026-03-13"
"חוות נחל שילה","חוות נחל שילה","?? ?????","unmapped_fallback","2026-03-13"
"חוות עולם חסד","חוות עולם חסד","?? ?????","unmapped_fallback","2026-03-13"
"מכינת אלישע","מכינת אלישע","?? ?????","unmapped_fallback","2026-03-13"
"מגרון","מגרון","?? ?????","unmapped_fallback","2026-03-13"
"חוות מעלה אהוביה","חוות מעלה אהוביה","?? ?????","unmapped_fallback","2026-03-13"
"חוות ראש תאנה","חוות ראש תאנה","?? ?????","unmapped_fallback","2026-03-13"
"פנימיית עין כרם","פנימיית עין כרם","?? ?????","unmapped_fallback","2026-03-13"
"אלון","אלון","?? ?????","unmapped_fallback","2026-03-13"
"אעירה השחר","אעירה השחר","?? ?????","unmapped_fallback","2026-03-13"
"בני אדם","בני אדם","?? ?????","unmapped_fallback","2026-03-13"
"בר כוכבא","בר כוכבא","?? ?????","unmapped_fallback","2026-03-13"
"גבעות","גבעות","?? ?????","unmapped_fallback","2026-03-13"
"החווה של זוהר","החווה של זוהר","?? ?????","unmapped_fallback","2026-03-13"
"חוות ארץ האיילים","חוות ארץ האיילים","?? ?????","unmapped_fallback","2026-03-13"
"חוות בניהו","חוות בניהו","?? ?????","unmapped_fallback","2026-03-13"
"חוות הרועה העברי","חוות הרועה העברי","?? ?????","unmapped_fallback","2026-03-13"
"חוות חנינא","חוות חנינא","?? ?????","unmapped_fallback","2026-03-13"
"חוות ינון","חוות ינון","?? ?????","unmapped_fallback","2026-03-13"
"חוות מלכיאל","חוות מלכיאל","?? ?????","unmapped_fallback","2026-03-13"
"חוות נחלת צבי","חוות נחלת צבי","?? ?????","unmapped_fallback","2026-03-13"
"חוות עדן","חוות עדן","?? ?????","unmapped_fallback","2026-03-13"
"חוות קשואלה","חוות קשואלה","?? ?????","unmapped_fallback","2026-03-13"
"נופי פרת","נופי פרת","?? ?????","unmapped_fallback","2026-03-13"
"חוות הרשאש","חוות הרשאש","?? ?????","unmapped_fallback","2026-03-13"
"חוות אביחי","חוות אביחי","?? ?????","unmapped_fallback","2026-03-13"
"חוות צרידה","חוות צרידה","?? ?????","unmapped_fallback","2026-03-13"
"חוות פריאל","חוות פריאל","?? ?????","unmapped_fallback","2026-03-13"
"דליה","דליה","?? ?????","unmapped_fallback","2026-03-14"
"יקנעם המושבה והזורע","יקנעם המושבה והזורע","?? ?????","unmapped_fallback","2026-03-14"
"קיבוץ מגידו","קיבוץ מגידו","?? ?????","unmapped_fallback","2026-03-14"
"גבעת וולפסון","גבעת וולפסון","?? ?????","unmapped_fallback","2026-03-14"
"בית סוהר קישון","בית סוהר קישון","?? ?????","unmapped_fallback","2026-03-14"
"אזור תעשייה אלון התבור","אזור תעשייה אלון התבור","?? ?????","unmapped_fallback","2026-03-14"
"גניגר","גניגר","?? ?????","unmapped_fallback","2026-03-14"
"טייבה בגלבוע","טייבה בגלבוע","?? ?????","unmapped_fallback","2026-03-14"
"טמרה בגלבוע","טמרה בגלבוע","?? ?????","unmapped_fallback","2026-03-14"
"מרחביה מושב","מרחביה מושב","?? ?????","unmapped_fallback","2026-03-14"
"מרחביה קיבוץ","מרחביה קיבוץ","?? ?????","unmapped_fallback","2026-03-14"
"דבוריה","דבוריה","?? ?????","unmapped_fallback","2026-03-14"
"ישובי אומן","ישובי אומן","?? ?????","unmapped_fallback","2026-03-14"
"ישובי יעל","ישובי יעל","?? ?????","unmapped_fallback","2026-03-14"
"מרכז חבר","מרכז חבר","?? ?????","unmapped_fallback","2026-03-14"
"מרכז מיר''ב","מרכז מיר''ב","?? ?????","unmapped_fallback","2026-03-14"
"מתחם סקי גלבוע","מתחם סקי גלבוע","?? ?????","unmapped_fallback","2026-03-14"
"קבוצת גבע","קבוצת גבע","?? ?????","unmapped_fallback","2026-03-14"
"שיבלי אום אלג'נם","שיבלי אום אלג'נם","?? ?????","unmapped_fallback","2026-03-14"
"תחנת רכבת כפר ברוך","תחנת רכבת כפר ברוך","?? ?????","unmapped_fallback","2026-03-14"
"תחנת רכבת כפר יהושוע","תחנת רכבת כפר יהושוע","?? ?????","unmapped_fallback","2026-03-14"
"מוקיבלה","מוקיבלה","?? ?????","unmapped_fallback","2026-03-14"
"סנדלה","סנדלה","?? ?????","unmapped_fallback","2026-03-14"
"מועאוויה","מועאוויה","?? ?????","unmapped_fallback","2026-03-14"
"בית אלפא וחפציבה","בית אלפא וחפציבה","?? ?????","unmapped_fallback","2026-03-14"
"גני חוגה","גני חוגה","?? ?????","unmapped_fallback","2026-03-14"
"בית אלפא וחפציבה","בית אלפא וחפציבה","?? ?????","unmapped_fallback","2026-03-14"
"כפר גמילה מלכישוע","כפר גמילה מלכישוע","?? ?????","unmapped_fallback","2026-03-14"
"מרחביה מושב","מרחביה מושב","?? ?????","unmapped_fallback","2026-03-14"
"מרחביה קיבוץ","מרחביה קיבוץ","?? ?????","unmapped_fallback","2026-03-14"
"נוה איתן","נוה איתן","?? ?????","unmapped_fallback","2026-03-14"
"קיבוץ מגידו","קיבוץ מגידו","?? ?????","unmapped_fallback","2026-03-14"
"גני חוגה","גני חוגה","?? ?????","unmapped_fallback","2026-03-14"
"ישובי אומן","ישובי אומן","?? ?????","unmapped_fallback","2026-03-14"
"ישובי יעל","ישובי יעל","?? ?????","unmapped_fallback","2026-03-14"
"מוקיבלה","מוקיבלה","?? ?????","unmapped_fallback","2026-03-14"
"מרכז חבר","מרכז חבר","?? ?????","unmapped_fallback","2026-03-14"
"מתחם סקי גלבוע","מתחם סקי גלבוע","?? ?????","unmapped_fallback","2026-03-14"
"סנדלה","סנדלה","?? ?????","unmapped_fallback","2026-03-14"
"קבוצת גבע","קבוצת גבע","?? ?????","unmapped_fallback","2026-03-14"
"אזור תעשייה שחק","אזור תעשייה שחק","?? ?????","unmapped_fallback","2026-03-14"
"מועאוויה","מועאוויה","?? ?????","unmapped_fallback","2026-03-14"
"עין אל סהלה","עין אל סהלה","?? ?????","unmapped_fallback","2026-03-14"
"טל מנשה","טל מנשה","?? ?????","unmapped_fallback","2026-03-14"
"גבעת עדה","גבעת עדה","?? ?????","unmapped_fallback","2026-03-14"
"טייבה בגלבוע","טייבה בגלבוע","?? ?????","unmapped_fallback","2026-03-14"
"אום אל קוטוף","אום אל קוטוף","?? ?????","unmapped_fallback","2026-03-14"
"ברטעה","ברטעה","?? ?????","unmapped_fallback","2026-03-14"
"חוות אביה","חוות אביה","?? ?????","unmapped_fallback","2026-03-14"
"חוות אל נווה","חוות אל נווה","?? ?????","unmapped_fallback","2026-03-14"
"דליה","דליה","?? ?????","unmapped_fallback","2026-03-14"
"בי""ס כרמים בנימינה","בי""ס כרמים בנימינה","?? ?????","unmapped_fallback","2026-03-14"
"חרמש דרום","חרמש דרום","?? ?????","unmapped_fallback","2026-03-14"
"חוות עמיאל","חוות עמיאל","?? ?????","unmapped_fallback","2026-03-14"
"חומש","חומש","?? ?????","unmapped_fallback","2026-03-14"
"אזור תעשייה שחורת","אזור תעשייה שחורת","?? ?????","unmapped_fallback","2026-03-14"
"חוות יאיר","חוות יאיר","?? ?????","unmapped_fallback","2026-03-14"
"הר ברכה","הר ברכה","?? ?????","unmapped_fallback","2026-03-14"
"גבעת פורת יוסף","גבעת פורת יוסף","?? ?????","unmapped_fallback","2026-03-14"
"חוות נוף אב""י","חוות נוף אב""י","?? ?????","unmapped_fallback","2026-03-14"
"חוות שדה","חוות שדה","?? ?????","unmapped_fallback","2026-03-14"
"חוות שחרית","חוות שחרית","?? ?????","unmapped_fallback","2026-03-14"
"חוות אביחי","חוות אביחי","?? ?????","unmapped_fallback","2026-03-14"
"חוות צרידה","חוות צרידה","?? ?????","unmapped_fallback","2026-03-14"
"חוות אלחי","חוות אלחי","?? ?????","unmapped_fallback","2026-03-14"
"חוות מרום שמואל","חוות מרום שמואל","?? ?????","unmapped_fallback","2026-03-14"
"החווה של אורי כהן","החווה של אורי כהן","?? ?????","unmapped_fallback","2026-03-14"
"החווה של עשהאל","החווה של עשהאל","?? ?????","unmapped_fallback","2026-03-14"
"בתרונות","בתרונות","?? ?????","unmapped_fallback","2026-03-14"
"חוות יד השומר","חוות יד השומר","?? ?????","unmapped_fallback","2026-03-14"
"חומש","חומש","?? ?????","unmapped_fallback","2026-03-14"
"פנימיית עין כרם","פנימיית עין כרם","?? ?????","unmapped_fallback","2026-03-14"
"אלון","אלון","?? ?????","unmapped_fallback","2026-03-14"
"מרכז אזורי מגילות","מרכז אזורי מגילות","?? ?????","unmapped_fallback","2026-03-14"
"בית חגלה","בית חגלה","?? ?????","unmapped_fallback","2026-03-14"
"בני אדם","בני אדם","?? ?????","unmapped_fallback","2026-03-14"
"חוות בניהו","חוות בניהו","?? ?????","unmapped_fallback","2026-03-14"
"חוות הרועה העברי","חוות הרועה העברי","?? ?????","unmapped_fallback","2026-03-14"
"חוות ינון","חוות ינון","?? ?????","unmapped_fallback","2026-03-14"
"חוות צאן קדר","חוות צאן קדר","?? ?????","unmapped_fallback","2026-03-14"
"נופי פרת","נופי פרת","?? ?????","unmapped_fallback","2026-03-14"
"צומת אלמוג","צומת אלמוג","?? ?????","unmapped_fallback","2026-03-14"
"קדם ערבה","קדם ערבה","?? ?????","unmapped_fallback","2026-03-14"
"בר כוכבא","בר כוכבא","?? ?????","unmapped_fallback","2026-03-14"
"חוות עדן","חוות עדן","?? ?????","unmapped_fallback","2026-03-14"
"גבעות","גבעות","?? ?????","unmapped_fallback","2026-03-14"
"חוות קשואלה","חוות קשואלה","?? ?????","unmapped_fallback","2026-03-14"
"חוות נחלת צבי","חוות נחלת צבי","?? ?????","unmapped_fallback","2026-03-14"
"מגרון","מגרון","?? ?????","unmapped_fallback","2026-03-14"
"אזור תעשייה שחורת","אזור תעשייה שחורת","?? ?????","unmapped_fallback","2026-03-14"
"חוות יאיר","חוות יאיר","?? ?????","unmapped_fallback","2026-03-14"
"הר ברכה","הר ברכה","?? ?????","unmapped_fallback","2026-03-14"
"חוות אביחי","חוות אביחי","?? ?????","unmapped_fallback","2026-03-14"
"החווה של יאיא","החווה של יאיא","?? ?????","unmapped_fallback","2026-03-14"
"חוות גנות","חוות גנות","?? ?????","unmapped_fallback","2026-03-14"
"חוות מגדלים","חוות מגדלים","?? ?????","unmapped_fallback","2026-03-14"
"חוות מרום שמואל","חוות מרום שמואל","?? ?????","unmapped_fallback","2026-03-14"
"חוות נוף אב""י","חוות נוף אב""י","?? ?????","unmapped_fallback","2026-03-14"
"חוות נחל שילה","חוות נחל שילה","?? ?????","unmapped_fallback","2026-03-14"
"חוות פריאל","חוות פריאל","?? ?????","unmapped_fallback","2026-03-14"
"חוות צרידה","חוות צרידה","?? ?????","unmapped_fallback","2026-03-14"
"חוות שדה","חוות שדה","?? ?????","unmapped_fallback","2026-03-14"
"חוות שוביאל","חוות שוביאל","?? ?????","unmapped_fallback","2026-03-14"
"חוות שחרית","חוות שחרית","?? ?????","unmapped_fallback","2026-03-14"
"מכינת אלישע","מכינת אלישע","?? ?????","unmapped_fallback","2026-03-14"
"גבעת פורת יוסף","גבעת פורת יוסף","?? ?????","unmapped_fallback","2026-03-14"
"חוות עולם חסד","חוות עולם חסד","?? ?????","unmapped_fallback","2026-03-14"
"בתרונות","בתרונות","?? ?????","unmapped_fallback","2026-03-14"
"החווה של אורי כהן","החווה של אורי כהן","?? ?????","unmapped_fallback","2026-03-14"
"החווה של מנחם","החווה של מנחם","?? ?????","unmapped_fallback","2026-03-14"
"החווה של עשהאל","החווה של עשהאל","?? ?????","unmapped_fallback","2026-03-14"
"חוות אלחי","חוות אלחי","?? ?????","unmapped_fallback","2026-03-14"
"חוות יד השומר","חוות יד השומר","?? ?????","unmapped_fallback","2026-03-14"
"חוות עמיאל","חוות עמיאל","?? ?????","unmapped_fallback","2026-03-14"
"חוות ראש תאנה","חוות ראש תאנה","?? ?????","unmapped_fallback","2026-03-14"
"חומש","חומש","?? ?????","unmapped_fallback","2026-03-14"
"חוות הרשאש","חוות הרשאש","?? ?????","unmapped_fallback","2026-03-14"
"שני ליבנה","שני ליבנה","?? ?????","unmapped_fallback","2026-03-14"
"חוות אשכולות","חוות אשכולות","?? ?????","unmapped_fallback","2026-03-14"
"חוות מור ואברהם","חוות מור ואברהם","?? ?????","unmapped_fallback","2026-03-14"
"חוות מקנה יהודה","חוות מקנה יהודה","?? ?????","unmapped_fallback","2026-03-14"
"כפר מימון ותושיה","כפר מימון ותושיה","?? ?????","unmapped_fallback","2026-03-14"
"חוות מגנזי","חוות מגנזי","?? ?????","unmapped_fallback","2026-03-14"
"חוות עולם חסד","חוות עולם חסד","?? ?????","unmapped_fallback","2026-03-14"
"יבוא דודי","יבוא דודי","?? ?????","unmapped_fallback","2026-03-14"
"חוות נווה צוף","חוות נווה צוף","?? ?????","unmapped_fallback","2026-03-14"
"מכינת אלישע","מכינת אלישע","?? ?????","unmapped_fallback","2026-03-14"
"לב החולה","לב החולה","?? ?????","unmapped_fallback","2026-03-14"
"קדיתא","קדיתא","?? ?????","unmapped_fallback","2026-03-14"
"מנחת מחניים","מנחת מחניים","?? ?????","unmapped_fallback","2026-03-14"
"לב החולה","לב החולה","?? ?????","unmapped_fallback","2026-03-14"
"קדיתא","קדיתא","?? ?????","unmapped_fallback","2026-03-14"
"מרכז אזורי מרום גליל","מרכז אזורי מרום גליל","?? ?????","unmapped_fallback","2026-03-14"
"קדיתא","קדיתא","?? ?????","unmapped_fallback","2026-03-14"
"חמדת ימים","חמדת ימים","?? ?????","unmapped_fallback","2026-03-14"
"בית אלפא וחפציבה","בית אלפא וחפציבה","?? ?????","unmapped_fallback","2026-03-14"
"כפר גמילה מלכישוע","כפר גמילה מלכישוע","?? ?????","unmapped_fallback","2026-03-14"
"נוה איתן","נוה איתן","?? ?????","unmapped_fallback","2026-03-14"
"גני חוגה","גני חוגה","?? ?????","unmapped_fallback","2026-03-14"
"ישובי יעל","ישובי יעל","?? ?????","unmapped_fallback","2026-03-14"
"מוקיבלה","מוקיבלה","?? ?????","unmapped_fallback","2026-03-14"
"מתחם סקי גלבוע","מתחם סקי גלבוע","?? ?????","unmapped_fallback","2026-03-14"
"סנדלה","סנדלה","?? ?????","unmapped_fallback","2026-03-14"
"קבוצת גבע","קבוצת גבע","?? ?????","unmapped_fallback","2026-03-14"
"אזור תעשייה שחק","אזור תעשייה שחק","?? ?????","unmapped_fallback","2026-03-14"
"טל מנשה","טל מנשה","?? ?????","unmapped_fallback","2026-03-14"
"מרכז חבר","מרכז חבר","?? ?????","unmapped_fallback","2026-03-14"
"חוות אביה","חוות אביה","?? ?????","unmapped_fallback","2026-03-14"
"עין אל סהלה","עין אל סהלה","?? ?????","unmapped_fallback","2026-03-14"
"חוות אל נווה","חוות אל נווה","?? ?????","unmapped_fallback","2026-03-14"
"חוות עמיאל","חוות עמיאל","?? ?????","unmapped_fallback","2026-03-14"
"חרמש דרום","חרמש דרום","?? ?????","unmapped_fallback","2026-03-14"
"ברטעה","ברטעה","?? ?????","unmapped_fallback","2026-03-14"
"ישובי אומן","ישובי אומן","?? ?????","unmapped_fallback","2026-03-14"
"אזור תעשייה שחורת","אזור תעשייה שחורת","?? ?????","unmapped_fallback","2026-03-15"
"חוות יאיר","חוות יאיר","?? ?????","unmapped_fallback","2026-03-15"
"חוות אביחי","חוות אביחי","?? ?????","unmapped_fallback","2026-03-15"
"החווה של יאיא","החווה של יאיא","?? ?????","unmapped_fallback","2026-03-15"
"חוות גנות","חוות גנות","?? ?????","unmapped_fallback","2026-03-15"
"חוות הרשאש","חוות הרשאש","?? ?????","unmapped_fallback","2026-03-15"
"חוות מגדלים","חוות מגדלים","?? ?????","unmapped_fallback","2026-03-15"
"חוות נווה צוף","חוות נווה צוף","?? ?????","unmapped_fallback","2026-03-15"
"חוות נוף אב""י","חוות נוף אב""י","?? ?????","unmapped_fallback","2026-03-15"
"חוות נחל שילה","חוות נחל שילה","?? ?????","unmapped_fallback","2026-03-15"
"חוות עולם חסד","חוות עולם חסד","?? ?????","unmapped_fallback","2026-03-15"
"חוות פריאל","חוות פריאל","?? ?????","unmapped_fallback","2026-03-15"
"חוות צרידה","חוות צרידה","?? ?????","unmapped_fallback","2026-03-15"
"חוות שוביאל","חוות שוביאל","?? ?????","unmapped_fallback","2026-03-15"
"חוות שחרית","חוות שחרית","?? ?????","unmapped_fallback","2026-03-15"
"מכינת אלישע","מכינת אלישע","?? ?????","unmapped_fallback","2026-03-15"
"חוות מגנזי","חוות מגנזי","?? ?????","unmapped_fallback","2026-03-15"
"יבוא דודי","יבוא דודי","?? ?????","unmapped_fallback","2026-03-15"
"חוות יאיר","חוות יאיר","?? ?????","unmapped_fallback","2026-03-15"
"הר ברכה","הר ברכה","?? ?????","unmapped_fallback","2026-03-15"
"גבעת פורת יוסף","גבעת פורת יוסף","?? ?????","unmapped_fallback","2026-03-15"
"החווה של יאיא","החווה של יאיא","?? ?????","unmapped_fallback","2026-03-15"
"החווה של מנחם","החווה של מנחם","?? ?????","unmapped_fallback","2026-03-15"
"חוות גנות","חוות גנות","?? ?????","unmapped_fallback","2026-03-15"
"חוות מגדלים","חוות מגדלים","?? ?????","unmapped_fallback","2026-03-15"
"חוות מרום שמואל","חוות מרום שמואל","?? ?????","unmapped_fallback","2026-03-15"
"חוות נוף אב""י","חוות נוף אב""י","?? ?????","unmapped_fallback","2026-03-15"
"חוות פריאל","חוות פריאל","?? ?????","unmapped_fallback","2026-03-15"
"חוות שדה","חוות שדה","?? ?????","unmapped_fallback","2026-03-15"
"חוות שוביאל","חוות שוביאל","?? ?????","unmapped_fallback","2026-03-15"
"חוות שחרית","חוות שחרית","?? ?????","unmapped_fallback","2026-03-15"
"חוות אביחי","חוות אביחי","?? ?????","unmapped_fallback","2026-03-15"
"חוות צרידה","חוות צרידה","?? ?????","unmapped_fallback","2026-03-15"
"כפר גמילה מלכישוע","כפר גמילה מלכישוע","?? ?????","unmapped_fallback","2026-03-15"
"אמץ","אמץ","?? ?????","unmapped_fallback","2026-03-15"
"חוות אלחי","חוות אלחי","?? ?????","unmapped_fallback","2026-03-15"
"חוות עמיאל","חוות עמיאל","?? ?????","unmapped_fallback","2026-03-15"
"חומש","חומש","?? ?????","unmapped_fallback","2026-03-15"
"חרמש דרום","חרמש דרום","?? ?????","unmapped_fallback","2026-03-15"
"באקה אל גרבייה","באקה אל גרבייה","?? ?????","unmapped_fallback","2026-03-15"
"בית חרות","בית חרות","?? ?????","unmapped_fallback","2026-03-15"
"גבעת חיים מאוחד","גבעת חיים מאוחד","?? ?????","unmapped_fallback","2026-03-15"
"חבצלת השרון וצוקי ים","חבצלת השרון וצוקי ים","?? ?????","unmapped_fallback","2026-03-15"
"חוות יד השומר","חוות יד השומר","?? ?????","unmapped_fallback","2026-03-15"
"בתרונות","בתרונות","?? ?????","unmapped_fallback","2026-03-15"
"החווה של אורי כהן","החווה של אורי כהן","?? ?????","unmapped_fallback","2026-03-15"
"החווה של עשהאל","החווה של עשהאל","?? ?????","unmapped_fallback","2026-03-15"
"גבעת חיים איחוד","גבעת חיים איחוד","?? ?????","unmapped_fallback","2026-03-15"
"הר ברכה","הר ברכה","?? ?????","unmapped_fallback","2026-03-15"
"גבעת פורת יוסף","גבעת פורת יוסף","?? ?????","unmapped_fallback","2026-03-15"
"החווה של יאיא","החווה של יאיא","?? ?????","unmapped_fallback","2026-03-15"
"החווה של מנחם","החווה של מנחם","?? ?????","unmapped_fallback","2026-03-15"
"חוות גנות","חוות גנות","?? ?????","unmapped_fallback","2026-03-15"
"חוות מרום שמואל","חוות מרום שמואל","?? ?????","unmapped_fallback","2026-03-15"
"חוות שדה","חוות שדה","?? ?????","unmapped_fallback","2026-03-15"
"חוות יאיר","חוות יאיר","?? ?????","unmapped_fallback","2026-03-15"
"חוות אביחי","חוות אביחי","?? ?????","unmapped_fallback","2026-03-15"
"חוות צרידה","חוות צרידה","?? ?????","unmapped_fallback","2026-03-15"
"חוות שחרית","חוות שחרית","?? ?????","unmapped_fallback","2026-03-15"
"חוות מגנזי","חוות מגנזי","?? ?????","unmapped_fallback","2026-03-15"
"חוות נווה צוף","חוות נווה צוף","?? ?????","unmapped_fallback","2026-03-15"
"חוות עולם חסד","חוות עולם חסד","?? ?????","unmapped_fallback","2026-03-15"
"יבוא דודי","יבוא דודי","?? ?????","unmapped_fallback","2026-03-15"
"מכינת אלישע","מכינת אלישע","?? ?????","unmapped_fallback","2026-03-15"
"חוות מור ואברהם","חוות מור ואברהם","?? ?????","unmapped_fallback","2026-03-15"
"שני ליבנה","שני ליבנה","?? ?????","unmapped_fallback","2026-03-15"
"אל עמארני, אל מסק","אל עמארני, אל מסק","?? ?????","unmapped_fallback","2026-03-15"
"שאנטי במדבר","שאנטי במדבר","?? ?????","unmapped_fallback","2026-03-15"
"חוות מקנה יהודה","חוות מקנה יהודה","?? ?????","unmapped_fallback","2026-03-15"
"חוות אשכולות","חוות אשכולות","?? ?????","unmapped_fallback","2026-03-15"
"חוות מדבר חבר","חוות מדבר חבר","?? ?????","unmapped_fallback","2026-03-15"
"חוות מלאכי אברהם","חוות מלאכי אברהם","?? ?????","unmapped_fallback","2026-03-15"
"בית חרות","בית חרות","?? ?????","unmapped_fallback","2026-03-15"
"חבצלת השרון וצוקי ים","חבצלת השרון וצוקי ים","?? ?????","unmapped_fallback","2026-03-15"
"שני ליבנה","שני ליבנה","?? ?????","unmapped_fallback","2026-03-15"
"חוות מור ואברהם","חוות מור ואברהם","?? ?????","unmapped_fallback","2026-03-15"
"חוות מקנה יהודה","חוות מקנה יהודה","?? ?????","unmapped_fallback","2026-03-15"
"אפקה","אפקה","?? ?????","unmapped_fallback","2026-03-15"
"חוות מדבר חבר","חוות מדבר חבר","?? ?????","unmapped_fallback","2026-03-15"
"חוות מלאכי אברהם","חוות מלאכי אברהם","?? ?????","unmapped_fallback","2026-03-15"
"בוקעתא","בוקעתא","?? ?????","unmapped_fallback","2026-03-15"
"שני ליבנה","שני ליבנה","?? ?????","unmapped_fallback","2026-03-15"
"חוות מור ואברהם","חוות מור ואברהם","?? ?????","unmapped_fallback","2026-03-15"
"חוות מקנה יהודה","חוות מקנה יהודה","?? ?????","unmapped_fallback","2026-03-15"
"אזור תעשייה שחורת","אזור תעשייה שחורת","?? ?????","unmapped_fallback","2026-03-15"
"חוות אביחי","חוות אביחי","?? ?????","unmapped_fallback","2026-03-15"
"חוות צרידה","חוות צרידה","?? ?????","unmapped_fallback","2026-03-15"
"חוות שחרית","חוות שחרית","?? ?????","unmapped_fallback","2026-03-15"
"חוות עולם חסד","חוות עולם חסד","?? ?????","unmapped_fallback","2026-03-15"
"חוות שוביאל","חוות שוביאל","?? ?????","unmapped_fallback","2026-03-15"
"חוות יאיר","חוות יאיר","?? ?????","unmapped_fallback","2026-03-15"
"חוות נוף אב""י","חוות נוף אב""י","?? ?????","unmapped_fallback","2026-03-15"
"חוות מגנזי","חוות מגנזי","?? ?????","unmapped_fallback","2026-03-15"
"חוות נווה צוף","חוות נווה צוף","?? ?????","unmapped_fallback","2026-03-15"
"מכינת אלישע","מכינת אלישע","?? ?????","unmapped_fallback","2026-03-15"
"חוות מגדלים","חוות מגדלים","?? ?????","unmapped_fallback","2026-03-15"
"חוות נחל שילה","חוות נחל שילה","?? ?????","unmapped_fallback","2026-03-15"
"בית ספר שדה מירון","בית ספר שדה מירון","?? ?????","unmapped_fallback","2026-03-15"
"מרכז אזורי מרום גליל","מרכז אזורי מרום גליל","?? ?????","unmapped_fallback","2026-03-15"
"קדיתא","קדיתא","?? ?????","unmapped_fallback","2026-03-15"
"לב החולה","לב החולה","?? ?????","unmapped_fallback","2026-03-15"
"מנחת מחניים","מנחת מחניים","?? ?????","unmapped_fallback","2026-03-15"
"חוות אביחי","חוות אביחי","?? ?????","unmapped_fallback","2026-03-15"
"חוות נוף אב""י","חוות נוף אב""י","?? ?????","unmapped_fallback","2026-03-15"
"חוות צרידה","חוות צרידה","?? ?????","unmapped_fallback","2026-03-15"
"חוות שוביאל","חוות שוביאל","?? ?????","unmapped_fallback","2026-03-15"
"חוות שחרית","חוות שחרית","?? ?????","unmapped_fallback","2026-03-15"
"חוות מגנזי","חוות מגנזי","?? ?????","unmapped_fallback","2026-03-15"
"חוות נווה צוף","חוות נווה צוף","?? ?????","unmapped_fallback","2026-03-15"
"חוות עולם חסד","חוות עולם חסד","?? ?????","unmapped_fallback","2026-03-15"
"מכינת אלישע","מכינת אלישע","?? ?????","unmapped_fallback","2026-03-15"
"חוות יאיר","חוות יאיר","?? ?????","unmapped_fallback","2026-03-15"
"חוות יאיר","חוות יאיר","?? ?????","unmapped_fallback","2026-03-15"
"מע'אר","מע'אר","?? ?????","unmapped_fallback","2026-03-15"
"בית ספר שדה מירון","בית ספר שדה מירון","?? ?????","unmapped_fallback","2026-03-15"
"חמדת ימים","חמדת ימים","?? ?????","unmapped_fallback","2026-03-15"
"חוות יאיר","חוות יאיר","?? ?????","unmapped_fallback","2026-03-16"
"חוות שחרית","חוות שחרית","?? ?????","unmapped_fallback","2026-03-16"
"שני ליבנה","שני ליבנה","?? ?????","unmapped_fallback","2026-03-16"
"חוות מור ואברהם","חוות מור ואברהם","?? ?????","unmapped_fallback","2026-03-16"
"חוות מקנה יהודה","חוות מקנה יהודה","?? ?????","unmapped_fallback","2026-03-16"
"חוות אביחי","חוות אביחי","?? ?????","unmapped_fallback","2026-03-16"
"חוות הרשאש","חוות הרשאש","?? ?????","unmapped_fallback","2026-03-16"
"חוות מגדלים","חוות מגדלים","?? ?????","unmapped_fallback","2026-03-16"
"חוות מגנזי","חוות מגנזי","?? ?????","unmapped_fallback","2026-03-16"
"חוות נווה צוף","חוות נווה צוף","?? ?????","unmapped_fallback","2026-03-16"
"חוות נוף אב""י","חוות נוף אב""י","?? ?????","unmapped_fallback","2026-03-16"
"חוות נחל שילה","חוות נחל שילה","?? ?????","unmapped_fallback","2026-03-16"
"חוות עולם חסד","חוות עולם חסד","?? ?????","unmapped_fallback","2026-03-16"
"חוות צרידה","חוות צרידה","?? ?????","unmapped_fallback","2026-03-16"
"חוות שוביאל","חוות שוביאל","?? ?????","unmapped_fallback","2026-03-16"
"חוות שחרית","חוות שחרית","?? ?????","unmapped_fallback","2026-03-16"
"יבוא דודי","יבוא דודי","?? ?????","unmapped_fallback","2026-03-16"
"מכינת אלישע","מכינת אלישע","?? ?????","unmapped_fallback","2026-03-16"
"חוות יאיר","חוות יאיר","?? ?????","unmapped_fallback","2026-03-16"
"הר ברכה","הר ברכה","?? ?????","unmapped_fallback","2026-03-16"
"חוות מעלה אהוביה","חוות מעלה אהוביה","?? ?????","unmapped_fallback","2026-03-16"
"חוות ראש תאנה","חוות ראש תאנה","?? ?????","unmapped_fallback","2026-03-16"
"חוף זיקים","חוף זיקים","?? ?????","unmapped_fallback","2026-03-16"
"אזור תעשייה אלון התבור","אזור תעשייה אלון התבור","?? ?????","unmapped_fallback","2026-03-16"
"בית אלפא וחפציבה","בית אלפא וחפציבה","?? ?????","unmapped_fallback","2026-03-16"
"טייבה בגלבוע","טייבה בגלבוע","?? ?????","unmapped_fallback","2026-03-16"
"טמרה בגלבוע","טמרה בגלבוע","?? ?????","unmapped_fallback","2026-03-16"
"מרחביה מושב","מרחביה מושב","?? ?????","unmapped_fallback","2026-03-16"
"מרחביה קיבוץ","מרחביה קיבוץ","?? ?????","unmapped_fallback","2026-03-16"
"נוה איתן","נוה איתן","?? ?????","unmapped_fallback","2026-03-16"
"גני חוגה","גני חוגה","?? ?????","unmapped_fallback","2026-03-16"
"ישובי אומן","ישובי אומן","?? ?????","unmapped_fallback","2026-03-16"
"ישובי יעל","ישובי יעל","?? ?????","unmapped_fallback","2026-03-16"
"מוקיבלה","מוקיבלה","?? ?????","unmapped_fallback","2026-03-16"
"מרכז חבר","מרכז חבר","?? ?????","unmapped_fallback","2026-03-16"
"מתחם סקי גלבוע","מתחם סקי גלבוע","?? ?????","unmapped_fallback","2026-03-16"
"סנדלה","סנדלה","?? ?????","unmapped_fallback","2026-03-16"
"קבוצת גבע","קבוצת גבע","?? ?????","unmapped_fallback","2026-03-16"
"קיבוץ מגידו","קיבוץ מגידו","?? ?????","unmapped_fallback","2026-03-16"
"דליה","דליה","?? ?????","unmapped_fallback","2026-03-16"
"מועאוויה","מועאוויה","?? ?????","unmapped_fallback","2026-03-16"
"עין אל סהלה","עין אל סהלה","?? ?????","unmapped_fallback","2026-03-16"
"אזור תעשייה שחק","אזור תעשייה שחק","?? ?????","unmapped_fallback","2026-03-16"
"טל מנשה","טל מנשה","?? ?????","unmapped_fallback","2026-03-16"
"תחנת רכבת כפר ברוך","תחנת רכבת כפר ברוך","?? ?????","unmapped_fallback","2026-03-16"
"גניגר","גניגר","?? ?????","unmapped_fallback","2026-03-16"
"דבוריה","דבוריה","?? ?????","unmapped_fallback","2026-03-16"
"שיבלי אום אלג'נם","שיבלי אום אלג'נם","?? ?????","unmapped_fallback","2026-03-16"
"חג'אג'רה","חג'אג'רה","?? ?????","unmapped_fallback","2026-03-16"
"כעביה טבאש","כעביה טבאש","?? ?????","unmapped_fallback","2026-03-16"
"אזור תעשייה קדמת גליל","אזור תעשייה קדמת גליל","?? ?????","unmapped_fallback","2026-03-16"
"אתר ההנצחה גולני","אתר ההנצחה גולני","?? ?????","unmapped_fallback","2026-03-16"
"בית ירח","בית ירח","?? ?????","unmapped_fallback","2026-03-16"
"כינרת מושבה","כינרת מושבה","?? ?????","unmapped_fallback","2026-03-16"
"כינרת קבוצה","כינרת קבוצה","?? ?????","unmapped_fallback","2026-03-16"
"פוריה כפר עבודה","פוריה כפר עבודה","?? ?????","unmapped_fallback","2026-03-16"
"פוריה נווה עובד","פוריה נווה עובד","?? ?????","unmapped_fallback","2026-03-16"
"פוריה עילית","פוריה עילית","?? ?????","unmapped_fallback","2026-03-16"
"בית עלמין תל רגב","בית עלמין תל רגב","?? ?????","unmapped_fallback","2026-03-16"
"כפר ח'וואלד","כפר ח'וואלד","?? ?????","unmapped_fallback","2026-03-16"
"סואעד חמירה","סואעד חמירה","?? ?????","unmapped_fallback","2026-03-16"
"כפר גמילה מלכישוע","כפר גמילה מלכישוע","?? ?????","unmapped_fallback","2026-03-16"
"חוות אביה","חוות אביה","?? ?????","unmapped_fallback","2026-03-16"
"חוות אל נווה","חוות אל נווה","?? ?????","unmapped_fallback","2026-03-16"
"חרמש דרום","חרמש דרום","?? ?????","unmapped_fallback","2026-03-16"
"גבעת עדה","גבעת עדה","?? ?????","unmapped_fallback","2026-03-16"
"בי""ס כרמים בנימינה","בי""ס כרמים בנימינה","?? ?????","unmapped_fallback","2026-03-16"
"אזור תעשייה שחק","אזור תעשייה שחק","?? ?????","unmapped_fallback","2026-03-16"
"יקנעם המושבה והזורע","יקנעם המושבה והזורע","?? ?????","unmapped_fallback","2026-03-16"
"גבעת וולפסון","גבעת וולפסון","?? ?????","unmapped_fallback","2026-03-16"
"אזור תעשייה אלון התבור","אזור תעשייה אלון התבור","?? ?????","unmapped_fallback","2026-03-16"
"טייבה בגלבוע","טייבה בגלבוע","?? ?????","unmapped_fallback","2026-03-16"
"טמרה בגלבוע","טמרה בגלבוע","?? ?????","unmapped_fallback","2026-03-16"
"מרחביה מושב","מרחביה מושב","?? ?????","unmapped_fallback","2026-03-16"
"מרחביה קיבוץ","מרחביה קיבוץ","?? ?????","unmapped_fallback","2026-03-16"
"קבוצת גבע","קבוצת גבע","?? ?????","unmapped_fallback","2026-03-16"
"מרכז אזורי מרום גליל","מרכז אזורי מרום גליל","?? ?????","unmapped_fallback","2026-03-16"
"מרכז אזורי רמת כורזים","מרכז אזורי רמת כורזים","?? ?????","unmapped_fallback","2026-03-16"
"קדיתא","קדיתא","?? ?????","unmapped_fallback","2026-03-16"
"חמדת ימים","חמדת ימים","?? ?????","unmapped_fallback","2026-03-16"
"מנחת מחניים","מנחת מחניים","?? ?????","unmapped_fallback","2026-03-16"
"הר חלוץ","הר חלוץ","?? ?????","unmapped_fallback","2026-03-16"
"לב החולה","לב החולה","?? ?????","unmapped_fallback","2026-03-16"
"בית ספר שדה מירון","בית ספר שדה מירון","?? ?????","unmapped_fallback","2026-03-16"
"כורזים ורד הגליל","כורזים ורד הגליל","?? ?????","unmapped_fallback","2026-03-16"
"צורית גילון","צורית גילון","?? ?????","unmapped_fallback","2026-03-16"
"בית סוהר צלמון","בית סוהר צלמון","?? ?????","unmapped_fallback","2026-03-16"
"הררית יחד","הררית יחד","?? ?????","unmapped_fallback","2026-03-16"
"לוטם וחמדון","לוטם וחמדון","?? ?????","unmapped_fallback","2026-03-16"
"מע'אר","מע'אר","?? ?????","unmapped_fallback","2026-03-16"
"בית העלמין החדש עכו","בית העלמין החדש עכו","?? ?????","unmapped_fallback","2026-03-16"
"בית העלמין החדש נהריה","בית העלמין החדש נהריה","?? ?????","unmapped_fallback","2026-03-16"
"בוקעתא","בוקעתא","?? ?????","unmapped_fallback","2026-03-16"
"פנימיית עין כרם","פנימיית עין כרם","?? ?????","unmapped_fallback","2026-03-16"
"אלון","אלון","?? ?????","unmapped_fallback","2026-03-16"
"הגבעה הצהובה","הגבעה הצהובה","?? ?????","unmapped_fallback","2026-03-16"
"חוות חנינא","חוות חנינא","?? ?????","unmapped_fallback","2026-03-16"
"חוות מלכיאל","חוות מלכיאל","?? ?????","unmapped_fallback","2026-03-16"
"מגרון","מגרון","?? ?????","unmapped_fallback","2026-03-16"
"בית חגלה","בית חגלה","?? ?????","unmapped_fallback","2026-03-16"
"בני אדם","בני אדם","?? ?????","unmapped_fallback","2026-03-16"
"בר כוכבא","בר כוכבא","?? ?????","unmapped_fallback","2026-03-16"
"גבעות","גבעות","?? ?????","unmapped_fallback","2026-03-16"
"חוות ארץ האיילים","חוות ארץ האיילים","?? ?????","unmapped_fallback","2026-03-16"
"חוות בניהו","חוות בניהו","?? ?????","unmapped_fallback","2026-03-16"
"חוות הרועה העברי","חוות הרועה העברי","?? ?????","unmapped_fallback","2026-03-16"
"חוות ינון","חוות ינון","?? ?????","unmapped_fallback","2026-03-16"
"חוות נחלת צבי","חוות נחלת צבי","?? ?????","unmapped_fallback","2026-03-16"
"חוות עדן","חוות עדן","?? ?????","unmapped_fallback","2026-03-16"
"חוות צאן קדר","חוות צאן קדר","?? ?????","unmapped_fallback","2026-03-16"
"חוות קשואלה","חוות קשואלה","?? ?????","unmapped_fallback","2026-03-16"
"נופי פרת","נופי פרת","?? ?????","unmapped_fallback","2026-03-16"
"צומת אלמוג","צומת אלמוג","?? ?????","unmapped_fallback","2026-03-16"
"קדם ערבה","קדם ערבה","?? ?????","unmapped_fallback","2026-03-16"
"החווה של זוהר","החווה של זוהר","?? ?????","unmapped_fallback","2026-03-16"
"מרכז אזורי מגילות","מרכז אזורי מגילות","?? ?????","unmapped_fallback","2026-03-16"
"פנימיית עין כרם","פנימיית עין כרם","?? ?????","unmapped_fallback","2026-03-16"
"אלון","אלון","?? ?????","unmapped_fallback","2026-03-16"
"גבעות","גבעות","?? ?????","unmapped_fallback","2026-03-16"
"בני אדם","בני אדם","?? ?????","unmapped_fallback","2026-03-16"
"בר כוכבא","בר כוכבא","?? ?????","unmapped_fallback","2026-03-16"
"חוות הרועה העברי","חוות הרועה העברי","?? ?????","unmapped_fallback","2026-03-16"
"חוות עדן","חוות עדן","?? ?????","unmapped_fallback","2026-03-16"
"נופי פרת","נופי פרת","?? ?????","unmapped_fallback","2026-03-16"
"חוות בניהו","חוות בניהו","?? ?????","unmapped_fallback","2026-03-16"
"חוות קשואלה","חוות קשואלה","?? ?????","unmapped_fallback","2026-03-16"
"חוות צאן קדר","חוות צאן קדר","?? ?????","unmapped_fallback","2026-03-16"
"הגבעה הצהובה","הגבעה הצהובה","?? ?????","unmapped_fallback","2026-03-16"
"חוות ארץ האיילים","חוות ארץ האיילים","?? ?????","unmapped_fallback","2026-03-16"
"חוות ינון","חוות ינון","?? ?????","unmapped_fallback","2026-03-16"
"חוות נחלת צבי","חוות נחלת צבי","?? ?????","unmapped_fallback","2026-03-16"
"חוות חנינא","חוות חנינא","?? ?????","unmapped_fallback","2026-03-16"
"מגרון","מגרון","?? ?????","unmapped_fallback","2026-03-16"
"צומת אלמוג","צומת אלמוג","?? ?????","unmapped_fallback","2026-03-16"
"מרכז אזורי מגילות","מרכז אזורי מגילות","?? ?????","unmapped_fallback","2026-03-16"
"בית חגלה","בית חגלה","?? ?????","unmapped_fallback","2026-03-16"
"קדם ערבה","קדם ערבה","?? ?????","unmapped_fallback","2026-03-16"
"בוקעתא","בוקעתא","?? ?????","unmapped_fallback","2026-03-16"
"בית העלמין החדש נהריה","בית העלמין החדש נהריה","?? ?????","unmapped_fallback","2026-03-16"
"בית העלמין החדש נהריה","בית העלמין החדש נהריה","?? ?????","unmapped_fallback","2026-03-16"
"בית העלמין החדש עכו","בית העלמין החדש עכו","?? ?????","unmapped_fallback","2026-03-16"
"גבעת פורת יוסף","גבעת פורת יוסף","?? ?????","unmapped_fallback","2026-03-16"
"החווה של אורי כהן","החווה של אורי כהן","?? ?????","unmapped_fallback","2026-03-16"
"החווה של יאיא","החווה של יאיא","?? ?????","unmapped_fallback","2026-03-16"
"החווה של מנחם","החווה של מנחם","?? ?????","unmapped_fallback","2026-03-16"
"חוות גנות","חוות גנות","?? ?????","unmapped_fallback","2026-03-16"
"חוות מגדלים","חוות מגדלים","?? ?????","unmapped_fallback","2026-03-16"
"חוות מרום שמואל","חוות מרום שמואל","?? ?????","unmapped_fallback","2026-03-16"
"חוות נחל שילה","חוות נחל שילה","?? ?????","unmapped_fallback","2026-03-16"
"חוות פריאל","חוות פריאל","?? ?????","unmapped_fallback","2026-03-16"
"חוות הרשאש","חוות הרשאש","?? ?????","unmapped_fallback","2026-03-16"
"חוות מגנזי","חוות מגנזי","?? ?????","unmapped_fallback","2026-03-16"
"חוות נווה צוף","חוות נווה צוף","?? ?????","unmapped_fallback","2026-03-16"
"חוות עולם חסד","חוות עולם חסד","?? ?????","unmapped_fallback","2026-03-16"
"יבוא דודי","יבוא דודי","?? ?????","unmapped_fallback","2026-03-16"
"מכינת אלישע","מכינת אלישע","?? ?????","unmapped_fallback","2026-03-16"
"בתרונות","בתרונות","?? ?????","unmapped_fallback","2026-03-16"
"חוות יאיר","חוות יאיר","?? ?????","unmapped_fallback","2026-03-16"
"הר ברכה","הר ברכה","?? ?????","unmapped_fallback","2026-03-16"
"חוות אביחי","חוות אביחי","?? ?????","unmapped_fallback","2026-03-16"
"בתרונות","בתרונות","?? ?????","unmapped_fallback","2026-03-16"
"גבעת פורת יוסף","גבעת פורת יוסף","?? ?????","unmapped_fallback","2026-03-16"
"החווה של אורי כהן","החווה של אורי כהן","?? ?????","unmapped_fallback","2026-03-16"
"החווה של עשהאל","החווה של עשהאל","?? ?????","unmapped_fallback","2026-03-16"
"חוות יד השומר","חוות יד השומר","?? ?????","unmapped_fallback","2026-03-16"
"חוות מרום שמואל","חוות מרום שמואל","?? ?????","unmapped_fallback","2026-03-16"
"חוות נוף אב""י","חוות נוף אב""י","?? ?????","unmapped_fallback","2026-03-16"
"חוות צרידה","חוות צרידה","?? ?????","unmapped_fallback","2026-03-16"
"חוות שדה","חוות שדה","?? ?????","unmapped_fallback","2026-03-16"
"חוות שוביאל","חוות שוביאל","?? ?????","unmapped_fallback","2026-03-16"
"חוות שחרית","חוות שחרית","?? ?????","unmapped_fallback","2026-03-16"
"חוות עולם חסד","חוות עולם חסד","?? ?????","unmapped_fallback","2026-03-16"
"חוות עמיאל","חוות עמיאל","?? ?????","unmapped_fallback","2026-03-16"
"חוות אביחי","חוות אביחי","?? ?????","unmapped_fallback","2026-03-16"
"חוות נווה צוף","חוות נווה צוף","?? ?????","unmapped_fallback","2026-03-16"
"חוות נוף אב""י","חוות נוף אב""י","?? ?????","unmapped_fallback","2026-03-16"
"חוות עולם חסד","חוות עולם חסד","?? ?????","unmapped_fallback","2026-03-16"
"חוות צרידה","חוות צרידה","?? ?????","unmapped_fallback","2026-03-16"
"חוות שוביאל","חוות שוביאל","?? ?????","unmapped_fallback","2026-03-16"
"חוות שחרית","חוות שחרית","?? ?????","unmapped_fallback","2026-03-16"
"מכינת אלישע","מכינת אלישע","?? ?????","unmapped_fallback","2026-03-16"
"חוות יאיר","חוות יאיר","?? ?????","unmapped_fallback","2026-03-16"
"חוות הרשאש","חוות הרשאש","?? ?????","unmapped_fallback","2026-03-16"
"חוות מגדלים","חוות מגדלים","?? ?????","unmapped_fallback","2026-03-16"
"חוות מגנזי","חוות מגנזי","?? ?????","unmapped_fallback","2026-03-16"
"חוות נחל שילה","חוות נחל שילה","?? ?????","unmapped_fallback","2026-03-16"
"חוות פריאל","חוות פריאל","?? ?????","unmapped_fallback","2026-03-16"
"יבוא דודי","יבוא דודי","?? ?????","unmapped_fallback","2026-03-16"
"החווה של יאיא","החווה של יאיא","?? ?????","unmapped_fallback","2026-03-16"
"חוות גנות","חוות גנות","?? ?????","unmapped_fallback","2026-03-16"
"בית ירח","בית ירח","?? ?????","unmapped_fallback","2026-03-17"
"כינרת קבוצה","כינרת קבוצה","?? ?????","unmapped_fallback","2026-03-17"
"כינרת מושבה","כינרת מושבה","?? ?????","unmapped_fallback","2026-03-17"
"חוות יאיר","חוות יאיר","?? ?????","unmapped_fallback","2026-03-17"
"חוות שחרית","חוות שחרית","?? ?????","unmapped_fallback","2026-03-17"
"חוות אביחי","חוות אביחי","?? ?????","unmapped_fallback","2026-03-17"
"חוות מגנזי","חוות מגנזי","?? ?????","unmapped_fallback","2026-03-17"
"חוות נווה צוף","חוות נווה צוף","?? ?????","unmapped_fallback","2026-03-17"
"חוות עולם חסד","חוות עולם חסד","?? ?????","unmapped_fallback","2026-03-17"
"חוות צרידה","חוות צרידה","?? ?????","unmapped_fallback","2026-03-17"
"יבוא דודי","יבוא דודי","?? ?????","unmapped_fallback","2026-03-17"
"מכינת אלישע","מכינת אלישע","?? ?????","unmapped_fallback","2026-03-17"
"חוות נוף אב""י","חוות נוף אב""י","?? ?????","unmapped_fallback","2026-03-17"
"חוות שוביאל","חוות שוביאל","?? ?????","unmapped_fallback","2026-03-17"
"חוות ראש תאנה","חוות ראש תאנה","?? ?????","unmapped_fallback","2026-03-17"
"אזור תעשייה קיסריה","אזור תעשייה קיסריה","?? ?????","unmapped_fallback","2026-03-17"
"באקה אל גרבייה","באקה אל גרבייה","?? ?????","unmapped_fallback","2026-03-17"
"אמץ","אמץ","?? ?????","unmapped_fallback","2026-03-17"
"בית חרות","בית חרות","?? ?????","unmapped_fallback","2026-03-17"
"גבעת חיים איחוד","גבעת חיים איחוד","?? ?????","unmapped_fallback","2026-03-17"
"גבעת חיים מאוחד","גבעת חיים מאוחד","?? ?????","unmapped_fallback","2026-03-17"
"חבצלת השרון וצוקי ים","חבצלת השרון וצוקי ים","?? ?????","unmapped_fallback","2026-03-17"
"מתחם שביל התפוזים","מתחם שביל התפוזים","?? ?????","unmapped_fallback","2026-03-17"
"חוות אביה","חוות אביה","?? ?????","unmapped_fallback","2026-03-17"
"חוות אל נווה","חוות אל נווה","?? ?????","unmapped_fallback","2026-03-17"
"חומש","חומש","?? ?????","unmapped_fallback","2026-03-17"
"חרמש דרום","חרמש דרום","?? ?????","unmapped_fallback","2026-03-17"
"חוות נחל שילה","חוות נחל שילה","?? ?????","unmapped_fallback","2026-03-17"
"חוות אלחי","חוות אלחי","?? ?????","unmapped_fallback","2026-03-17"
"חוות אביחי","חוות אביחי","?? ?????","unmapped_fallback","2026-03-17"
"חוות עולם חסד","חוות עולם חסד","?? ?????","unmapped_fallback","2026-03-17"
"חוות צרידה","חוות צרידה","?? ?????","unmapped_fallback","2026-03-17"
"חוות שחרית","חוות שחרית","?? ?????","unmapped_fallback","2026-03-17"
"חוות מגנזי","חוות מגנזי","?? ?????","unmapped_fallback","2026-03-17"
"חוות נווה צוף","חוות נווה צוף","?? ?????","unmapped_fallback","2026-03-17"
"מכינת אלישע","מכינת אלישע","?? ?????","unmapped_fallback","2026-03-17"
"חוות שוביאל","חוות שוביאל","?? ?????","unmapped_fallback","2026-03-17"
"חוות נוף אב""י","חוות נוף אב""י","?? ?????","unmapped_fallback","2026-03-17"
"חוות אביחי","חוות אביחי","?? ?????","unmapped_fallback","2026-03-17"
"חוות מגנזי","חוות מגנזי","?? ?????","unmapped_fallback","2026-03-17"
"חוות נווה צוף","חוות נווה צוף","?? ?????","unmapped_fallback","2026-03-17"
"חוות עולם חסד","חוות עולם חסד","?? ?????","unmapped_fallback","2026-03-17"
"יבוא דודי","יבוא דודי","?? ?????","unmapped_fallback","2026-03-17"
"מכינת אלישע","מכינת אלישע","?? ?????","unmapped_fallback","2026-03-17"
"חוות צרידה","חוות צרידה","?? ?????","unmapped_fallback","2026-03-17"
"פנימיית עין כרם","פנימיית עין כרם","?? ?????","unmapped_fallback","2026-03-17"
"חוות הרשאש","חוות הרשאש","?? ?????","unmapped_fallback","2026-03-17"
"חוות מגדלים","חוות מגדלים","?? ?????","unmapped_fallback","2026-03-17"
"חוות נחל שילה","חוות נחל שילה","?? ?????","unmapped_fallback","2026-03-17"
"חוות פריאל","חוות פריאל","?? ?????","unmapped_fallback","2026-03-17"
"חוות ראש תאנה","חוות ראש תאנה","?? ?????","unmapped_fallback","2026-03-17"
"בתרונות","בתרונות","?? ?????","unmapped_fallback","2026-03-17"
"החווה של עשהאל","החווה של עשהאל","?? ?????","unmapped_fallback","2026-03-17"
"חוות אלחי","חוות אלחי","?? ?????","unmapped_fallback","2026-03-17"
"חוות יד השומר","חוות יד השומר","?? ?????","unmapped_fallback","2026-03-17"
"חוות עמיאל","חוות עמיאל","?? ?????","unmapped_fallback","2026-03-17"
"חומש","חומש","?? ?????","unmapped_fallback","2026-03-17"
"החווה של יאיא","החווה של יאיא","?? ?????","unmapped_fallback","2026-03-17"
"חוות גנות","חוות גנות","?? ?????","unmapped_fallback","2026-03-17"
"חוות נווה צוף","חוות נווה צוף","?? ?????","unmapped_fallback","2026-03-17"
"יבוא דודי","יבוא דודי","?? ?????","unmapped_fallback","2026-03-17"
"מכינת אלישע","מכינת אלישע","?? ?????","unmapped_fallback","2026-03-17"
"חוות אביחי","חוות אביחי","?? ?????","unmapped_fallback","2026-03-17"
"חוות מגנזי","חוות מגנזי","?? ?????","unmapped_fallback","2026-03-17"
"חוות נוף אב""י","חוות נוף אב""י","?? ?????","unmapped_fallback","2026-03-17"
"חוות עולם חסד","חוות עולם חסד","?? ?????","unmapped_fallback","2026-03-17"
"חוות צרידה","חוות צרידה","?? ?????","unmapped_fallback","2026-03-17"
"חוות שוביאל","חוות שוביאל","?? ?????","unmapped_fallback","2026-03-17"
"חוות שחרית","חוות שחרית","?? ?????","unmapped_fallback","2026-03-17"
"דליה","דליה","?? ?????","unmapped_fallback","2026-03-17"
"יקנעם המושבה והזורע","יקנעם המושבה והזורע","?? ?????","unmapped_fallback","2026-03-17"
"קיבוץ מגידו","קיבוץ מגידו","?? ?????","unmapped_fallback","2026-03-17"
"אזור תעשייה אלון התבור","אזור תעשייה אלון התבור","?? ?????","unmapped_fallback","2026-03-17"
"גניגר","גניגר","?? ?????","unmapped_fallback","2026-03-17"
"חג'אג'רה","חג'אג'רה","?? ?????","unmapped_fallback","2026-03-17"
"טמרה בגלבוע","טמרה בגלבוע","?? ?????","unmapped_fallback","2026-03-17"
"חוות יאיר","חוות יאיר","?? ?????","unmapped_fallback","2026-03-17"
"הר ברכה","הר ברכה","?? ?????","unmapped_fallback","2026-03-17"
"גבעת פורת יוסף","גבעת פורת יוסף","?? ?????","unmapped_fallback","2026-03-17"
"חוות מרום שמואל","חוות מרום שמואל","?? ?????","unmapped_fallback","2026-03-17"
"חוות שדה","חוות שדה","?? ?????","unmapped_fallback","2026-03-17"
"מרחביה מושב","מרחביה מושב","?? ?????","unmapped_fallback","2026-03-17"
"מרחביה קיבוץ","מרחביה קיבוץ","?? ?????","unmapped_fallback","2026-03-17"
"בית סוהר קישון","בית סוהר קישון","?? ?????","unmapped_fallback","2026-03-17"
"דבוריה","דבוריה","?? ?????","unmapped_fallback","2026-03-17"
"מרכז מיר''ב","מרכז מיר''ב","?? ?????","unmapped_fallback","2026-03-17"
"שיבלי אום אלג'נם","שיבלי אום אלג'נם","?? ?????","unmapped_fallback","2026-03-17"
"תחנת רכבת כפר ברוך","תחנת רכבת כפר ברוך","?? ?????","unmapped_fallback","2026-03-17"
"תחנת רכבת כפר יהושוע","תחנת רכבת כפר יהושוע","?? ?????","unmapped_fallback","2026-03-17"
"כעביה טבאש","כעביה טבאש","?? ?????","unmapped_fallback","2026-03-17"
"בית עלמין תל רגב","בית עלמין תל רגב","?? ?????","unmapped_fallback","2026-03-17"
"כפר ח'וואלד","כפר ח'וואלד","?? ?????","unmapped_fallback","2026-03-17"
"סואעד חמירה","סואעד חמירה","?? ?????","unmapped_fallback","2026-03-17"
"לב החולה","לב החולה","?? ?????","unmapped_fallback","2026-03-17"
"החווה של אורי כהן","החווה של אורי כהן","?? ?????","unmapped_fallback","2026-03-17"
"גבעת וולפסון","גבעת וולפסון","?? ?????","unmapped_fallback","2026-03-17"
"חוות מעלה אהוביה","חוות מעלה אהוביה","?? ?????","unmapped_fallback","2026-03-17"
"טייבה בגלבוע","טייבה בגלבוע","?? ?????","unmapped_fallback","2026-03-17"
"אזור תעשייה קיסריה","אזור תעשייה קיסריה","?? ?????","unmapped_fallback","2026-03-17"
"גבעת עדה","גבעת עדה","?? ?????","unmapped_fallback","2026-03-17"
"ישובי אומן","ישובי אומן","?? ?????","unmapped_fallback","2026-03-17"
"ישובי יעל","ישובי יעל","?? ?????","unmapped_fallback","2026-03-17"
"מוקיבלה","מוקיבלה","?? ?????","unmapped_fallback","2026-03-17"
"מרכז חבר","מרכז חבר","?? ?????","unmapped_fallback","2026-03-17"
"מתחם סקי גלבוע","מתחם סקי גלבוע","?? ?????","unmapped_fallback","2026-03-17"
"סנדלה","סנדלה","?? ?????","unmapped_fallback","2026-03-17"
"קבוצת גבע","קבוצת גבע","?? ?????","unmapped_fallback","2026-03-17"
"אום אל קוטוף","אום אל קוטוף","?? ?????","unmapped_fallback","2026-03-17"
"אזור תעשייה שחק","אזור תעשייה שחק","?? ?????","unmapped_fallback","2026-03-17"
"ברטעה","ברטעה","?? ?????","unmapped_fallback","2026-03-17"
"מועאוויה","מועאוויה","?? ?????","unmapped_fallback","2026-03-17"
"מתחם שביל התפוזים","מתחם שביל התפוזים","?? ?????","unmapped_fallback","2026-03-17"
"עין אל סהלה","עין אל סהלה","?? ?????","unmapped_fallback","2026-03-17"
"בי""ס כרמים בנימינה","בי""ס כרמים בנימינה","?? ?????","unmapped_fallback","2026-03-17"
"חוות אביה","חוות אביה","?? ?????","unmapped_fallback","2026-03-17"
"חוות אל נווה","חוות אל נווה","?? ?????","unmapped_fallback","2026-03-17"
"טל מנשה","טל מנשה","?? ?????","unmapped_fallback","2026-03-17"
"נמל קיסריה","נמל קיסריה","?? ?????","unmapped_fallback","2026-03-17"
"אתר ההנצחה גולני","אתר ההנצחה גולני","?? ?????","unmapped_fallback","2026-03-17"
"בית ירח","בית ירח","?? ?????","unmapped_fallback","2026-03-17"
"כינרת מושבה","כינרת מושבה","?? ?????","unmapped_fallback","2026-03-17"
"כינרת קבוצה","כינרת קבוצה","?? ?????","unmapped_fallback","2026-03-17"
"פוריה כפר עבודה","פוריה כפר עבודה","?? ?????","unmapped_fallback","2026-03-17"
"פוריה נווה עובד","פוריה נווה עובד","?? ?????","unmapped_fallback","2026-03-17"
"פוריה עילית","פוריה עילית","?? ?????","unmapped_fallback","2026-03-17"
"החווה של מנחם","החווה של מנחם","?? ?????","unmapped_fallback","2026-03-17"
"כפר גמילה מלכישוע","כפר גמילה מלכישוע","?? ?????","unmapped_fallback","2026-03-17"
"שני ליבנה","שני ליבנה","?? ?????","unmapped_fallback","2026-03-17"
"חוות מור ואברהם","חוות מור ואברהם","?? ?????","unmapped_fallback","2026-03-17"
"חוות מקנה יהודה","חוות מקנה יהודה","?? ?????","unmapped_fallback","2026-03-17"
"חוות אשכולות","חוות אשכולות","?? ?????","unmapped_fallback","2026-03-17"
"אפקה","אפקה","?? ?????","unmapped_fallback","2026-03-17"
"חוות מדבר חבר","חוות מדבר חבר","?? ?????","unmapped_fallback","2026-03-17"
"חוות מלאכי אברהם","חוות מלאכי אברהם","?? ?????","unmapped_fallback","2026-03-17"
"כפר מימון ותושיה","כפר מימון ותושיה","?? ?????","unmapped_fallback","2026-03-17"
"אזור תעשייה קיסריה","אזור תעשייה קיסריה","?? ?????","unmapped_fallback","2026-03-17"
"מתחם שביל התפוזים","מתחם שביל התפוזים","?? ?????","unmapped_fallback","2026-03-17"
"בי""ס כרמים בנימינה","בי""ס כרמים בנימינה","?? ?????","unmapped_fallback","2026-03-17"
"נמל קיסריה","נמל קיסריה","?? ?????","unmapped_fallback","2026-03-17"
"גבעת עדה","גבעת עדה","?? ?????","unmapped_fallback","2026-03-17"
"דליה","דליה","?? ?????","unmapped_fallback","2026-03-17"
"יקנעם המושבה והזורע","יקנעם המושבה והזורע","?? ?????","unmapped_fallback","2026-03-17"
"חמדת ימים","חמדת ימים","?? ?????","unmapped_fallback","2026-03-17"
"מועאוויה","מועאוויה","?? ?????","unmapped_fallback","2026-03-17"
"גבעת וולפסון","גבעת וולפסון","?? ?????","unmapped_fallback","2026-03-17"
"מרכז מיר''ב","מרכז מיר''ב","?? ?????","unmapped_fallback","2026-03-17"
"הר חלוץ","הר חלוץ","?? ?????","unmapped_fallback","2026-03-17"
"לב החולה","לב החולה","?? ?????","unmapped_fallback","2026-03-17"
"מרכז אזורי מרום גליל","מרכז אזורי מרום גליל","?? ?????","unmapped_fallback","2026-03-17"
"קדיתא","קדיתא","?? ?????","unmapped_fallback","2026-03-17"
"הר חלוץ","הר חלוץ","?? ?????","unmapped_fallback","2026-03-17"
"בית ספר שדה מירון","בית ספר שדה מירון","?? ?????","unmapped_fallback","2026-03-17"
"לוטם וחמדון","לוטם וחמדון","?? ?????","unmapped_fallback","2026-03-17"
"חמדת ימים","חמדת ימים","?? ?????","unmapped_fallback","2026-03-17"
"חומש","חומש","?? ?????","unmapped_fallback","2026-03-17"
"בית העלמין החדש נהריה","בית העלמין החדש נהריה","?? ?????","unmapped_fallback","2026-03-17"
"אל עמארני, אל מסק","אל עמארני, אל מסק","?? ?????","unmapped_fallback","2026-03-17"
"פנימיית עין כרם","פנימיית עין כרם","?? ?????","unmapped_fallback","2026-03-18"
"אלון","אלון","?? ?????","unmapped_fallback","2026-03-18"
"הגבעה הצהובה","הגבעה הצהובה","?? ?????","unmapped_fallback","2026-03-18"
"בית הברכה","בית הברכה","?? ?????","unmapped_fallback","2026-03-18"
"בני אדם","בני אדם","?? ?????","unmapped_fallback","2026-03-18"
"בר כוכבא","בר כוכבא","?? ?????","unmapped_fallback","2026-03-18"
"גבעות","גבעות","?? ?????","unmapped_fallback","2026-03-18"
"החווה של זוהר","החווה של זוהר","?? ?????","unmapped_fallback","2026-03-18"
"חוות ארץ האיילים","חוות ארץ האיילים","?? ?????","unmapped_fallback","2026-03-18"
"חוות בניהו","חוות בניהו","?? ?????","unmapped_fallback","2026-03-18"
"חוות הרועה העברי","חוות הרועה העברי","?? ?????","unmapped_fallback","2026-03-18"
"חוות חנינא","חוות חנינא","?? ?????","unmapped_fallback","2026-03-18"
"חוות ינון","חוות ינון","?? ?????","unmapped_fallback","2026-03-18"
"חוות מלכיאל","חוות מלכיאל","?? ?????","unmapped_fallback","2026-03-18"
"חוות נחלת צבי","חוות נחלת צבי","?? ?????","unmapped_fallback","2026-03-18"
"חוות עדן","חוות עדן","?? ?????","unmapped_fallback","2026-03-18"
"חוות צאן קדר","חוות צאן קדר","?? ?????","unmapped_fallback","2026-03-18"
"חוות קשואלה","חוות קשואלה","?? ?????","unmapped_fallback","2026-03-18"
"מגרון","מגרון","?? ?????","unmapped_fallback","2026-03-18"
"נופי פרת","נופי פרת","?? ?????","unmapped_fallback","2026-03-18"
"עוז וגאון","עוז וגאון","?? ?????","unmapped_fallback","2026-03-18"
"בית חגלה","בית חגלה","?? ?????","unmapped_fallback","2026-03-18"
"צומת אלמוג","צומת אלמוג","?? ?????","unmapped_fallback","2026-03-18"
"קדם ערבה","קדם ערבה","?? ?????","unmapped_fallback","2026-03-18"
"חוות יאיר","חוות יאיר","?? ?????","unmapped_fallback","2026-03-18"
"חוות שחרית","חוות שחרית","?? ?????","unmapped_fallback","2026-03-18"
"חוות אביחי","חוות אביחי","?? ?????","unmapped_fallback","2026-03-18"
"חוות צרידה","חוות צרידה","?? ?????","unmapped_fallback","2026-03-18"
"החווה של יאיא","החווה של יאיא","?? ?????","unmapped_fallback","2026-03-18"
"חוות גנות","חוות גנות","?? ?????","unmapped_fallback","2026-03-18"
"חוות הרשאש","חוות הרשאש","?? ?????","unmapped_fallback","2026-03-18"
"חוות מגדלים","חוות מגדלים","?? ?????","unmapped_fallback","2026-03-18"
"חוות נווה צוף","חוות נווה צוף","?? ?????","unmapped_fallback","2026-03-18"
"חוות נחל שילה","חוות נחל שילה","?? ?????","unmapped_fallback","2026-03-18"
"חוות פריאל","חוות פריאל","?? ?????","unmapped_fallback","2026-03-18"
"חוות ראש תאנה","חוות ראש תאנה","?? ?????","unmapped_fallback","2026-03-18"
"יבוא דודי","יבוא דודי","?? ?????","unmapped_fallback","2026-03-18"
"מכינת אלישע","מכינת אלישע","?? ?????","unmapped_fallback","2026-03-18"
"הר ברכה","הר ברכה","?? ?????","unmapped_fallback","2026-03-18"
"חוות נוף אב""י","חוות נוף אב""י","?? ?????","unmapped_fallback","2026-03-18"
"חוות עולם חסד","חוות עולם חסד","?? ?????","unmapped_fallback","2026-03-18"
"חוות שדה","חוות שדה","?? ?????","unmapped_fallback","2026-03-18"
"חוות שוביאל","חוות שוביאל","?? ?????","unmapped_fallback","2026-03-18"
"חוות מגנזי","חוות מגנזי","?? ?????","unmapped_fallback","2026-03-18"
"חוות אלחי","חוות אלחי","?? ?????","unmapped_fallback","2026-03-18"
"פנימיית עין כרם","פנימיית עין כרם","?? ?????","unmapped_fallback","2026-03-18"
"אלון","אלון","?? ?????","unmapped_fallback","2026-03-18"
"בית חגלה","בית חגלה","?? ?????","unmapped_fallback","2026-03-18"
"בני אדם","בני אדם","?? ?????","unmapped_fallback","2026-03-18"
"בר כוכבא","בר כוכבא","?? ?????","unmapped_fallback","2026-03-18"
"גבעות","גבעות","?? ?????","unmapped_fallback","2026-03-18"
"החווה של זוהר","החווה של זוהר","?? ?????","unmapped_fallback","2026-03-18"
"חוות בניהו","חוות בניהו","?? ?????","unmapped_fallback","2026-03-18"
"חוות הרועה העברי","חוות הרועה העברי","?? ?????","unmapped_fallback","2026-03-18"
"חוות חנינא","חוות חנינא","?? ?????","unmapped_fallback","2026-03-18"
"חוות ינון","חוות ינון","?? ?????","unmapped_fallback","2026-03-18"
"חוות מלכיאל","חוות מלכיאל","?? ?????","unmapped_fallback","2026-03-18"
"חוות נחלת צבי","חוות נחלת צבי","?? ?????","unmapped_fallback","2026-03-18"
"חוות עדן","חוות עדן","?? ?????","unmapped_fallback","2026-03-18"
"חוות צאן קדר","חוות צאן קדר","?? ?????","unmapped_fallback","2026-03-18"
"חוות קשואלה","חוות קשואלה","?? ?????","unmapped_fallback","2026-03-18"
"מגרון","מגרון","?? ?????","unmapped_fallback","2026-03-18"
"נופי פרת","נופי פרת","?? ?????","unmapped_fallback","2026-03-18"
"צומת אלמוג","צומת אלמוג","?? ?????","unmapped_fallback","2026-03-18"
"הגבעה הצהובה","הגבעה הצהובה","?? ?????","unmapped_fallback","2026-03-18"
"חוות ארץ האיילים","חוות ארץ האיילים","?? ?????","unmapped_fallback","2026-03-18"
"קדם ערבה","קדם ערבה","?? ?????","unmapped_fallback","2026-03-18"
"אעירה השחר","אעירה השחר","?? ?????","unmapped_fallback","2026-03-18"
"חוות אביחי","חוות אביחי","?? ?????","unmapped_fallback","2026-03-18"
"חוות מגנזי","חוות מגנזי","?? ?????","unmapped_fallback","2026-03-18"
"חוות נווה צוף","חוות נווה צוף","?? ?????","unmapped_fallback","2026-03-18"
"חוות נוף אב""י","חוות נוף אב""י","?? ?????","unmapped_fallback","2026-03-18"
"חוות נחל שילה","חוות נחל שילה","?? ?????","unmapped_fallback","2026-03-18"
"חוות עולם חסד","חוות עולם חסד","?? ?????","unmapped_fallback","2026-03-18"
"חוות צרידה","חוות צרידה","?? ?????","unmapped_fallback","2026-03-18"
"חוות שוביאל","חוות שוביאל","?? ?????","unmapped_fallback","2026-03-18"
"חוות שחרית","חוות שחרית","?? ?????","unmapped_fallback","2026-03-18"
"מכינת אלישע","מכינת אלישע","?? ?????","unmapped_fallback","2026-03-18"
"יבוא דודי","יבוא דודי","?? ?????","unmapped_fallback","2026-03-18"
"בוקעתא","בוקעתא","?? ?????","unmapped_fallback","2026-03-28"
"חוות יאיר","חוות יאיר","?? ?????","unmapped_fallback","2026-03-28"
"הר ברכה","הר ברכה","?? ?????","unmapped_fallback","2026-03-28"
"חוות שוביאל","חוות שוביאל","?? ?????","unmapped_fallback","2026-03-28"
"חוות אלחי","חוות אלחי","?? ?????","unmapped_fallback","2026-03-28"
"חוות נוף אב""י","חוות נוף אב""י","?? ?????","unmapped_fallback","2026-03-28"
"חוות שדה","חוות שדה","?? ?????","unmapped_fallback","2026-03-28"
"חוות שחרית","חוות שחרית","?? ?????","unmapped_fallback","2026-03-28"
"חומש","חומש","?? ?????","unmapped_fallback","2026-03-28"
"בוקעתא","בוקעתא","?? ?????","unmapped_fallback","2026-03-28"
"שני ליבנה","שני ליבנה","?? ?????","unmapped_fallback","2026-03-28"
"חוות אשכולות","חוות אשכולות","?? ?????","unmapped_fallback","2026-03-28"
"חוות מור ואברהם","חוות מור ואברהם","?? ?????","unmapped_fallback","2026-03-28"
"חוות מקנה יהודה","חוות מקנה יהודה","?? ?????","unmapped_fallback","2026-03-28"
"אפקה","אפקה","?? ?????","unmapped_fallback","2026-03-28"
"חוות מדבר חבר","חוות מדבר חבר","?? ?????","unmapped_fallback","2026-03-28"
"כפר מימון ותושיה","כפר מימון ותושיה","?? ?????","unmapped_fallback","2026-03-28"
"חוות מלאכי אברהם","חוות מלאכי אברהם","?? ?????","unmapped_fallback","2026-03-28"
"גבעת אסף","גבעת אסף","?? ?????","unmapped_fallback","2026-03-27"
"חוות מגנזי","חוות מגנזי","?? ?????","unmapped_fallback","2026-03-27"
"חוות נווה צוף","חוות נווה צוף","?? ?????","unmapped_fallback","2026-03-27"
"חוות עולם חסד","חוות עולם חסד","?? ?????","unmapped_fallback","2026-03-27"
"יבוא דודי","יבוא דודי","?? ?????","unmapped_fallback","2026-03-27"
"מכינת אלישע","מכינת אלישע","?? ?????","unmapped_fallback","2026-03-27"
"מגרון","מגרון","?? ?????","unmapped_fallback","2026-03-27"
"חוות מעלה אהוביה","חוות מעלה אהוביה","?? ?????","unmapped_fallback","2026-03-27"
"חוות חנינא","חוות חנינא","?? ?????","unmapped_fallback","2026-03-27"
"פנימיית עין כרם","פנימיית עין כרם","?? ?????","unmapped_fallback","2026-03-27"
"חוות אביחי","חוות אביחי","?? ?????","unmapped_fallback","2026-03-27"
"אעירה השחר","אעירה השחר","?? ?????","unmapped_fallback","2026-03-27"
"חוות נחל שילה","חוות נחל שילה","?? ?????","unmapped_fallback","2026-03-27"
"חוות נחלת צבי","חוות נחלת צבי","?? ?????","unmapped_fallback","2026-03-27"
"חוות צרידה","חוות צרידה","?? ?????","unmapped_fallback","2026-03-27"
"חוות ראש תאנה","חוות ראש תאנה","?? ?????","unmapped_fallback","2026-03-27"
"חוות בניהו","חוות בניהו","?? ?????","unmapped_fallback","2026-03-27"
"חוות שוביאל","חוות שוביאל","?? ?????","unmapped_fallback","2026-03-27"
"חוות שחרית","חוות שחרית","?? ?????","unmapped_fallback","2026-03-27"
"החווה של זוהר","החווה של זוהר","?? ?????","unmapped_fallback","2026-03-27"
"חוות ינון","חוות ינון","?? ?????","unmapped_fallback","2026-03-27"
"חוות מלכיאל","חוות מלכיאל","?? ?????","unmapped_fallback","2026-03-27"
"אלון","אלון","?? ?????","unmapped_fallback","2026-03-27"
"חוות הרועה העברי","חוות הרועה העברי","?? ?????","unmapped_fallback","2026-03-27"
"נופי פרת","נופי פרת","?? ?????","unmapped_fallback","2026-03-27"
"בני אדם","בני אדם","?? ?????","unmapped_fallback","2026-03-27"
"בית חגלה","בית חגלה","?? ?????","unmapped_fallback","2026-03-27"
"צומת אלמוג","צומת אלמוג","?? ?????","unmapped_fallback","2026-03-27"
"חוות יאיר","חוות יאיר","?? ?????","unmapped_fallback","2026-03-27"
"חוות נוף אב""י","חוות נוף אב""י","?? ?????","unmapped_fallback","2026-03-27"
"חוות הרשאש","חוות הרשאש","?? ?????","unmapped_fallback","2026-03-27"
"חוות מגדלים","חוות מגדלים","?? ?????","unmapped_fallback","2026-03-27"
"חוות פריאל","חוות פריאל","?? ?????","unmapped_fallback","2026-03-27"
"החווה של יאיא","החווה של יאיא","?? ?????","unmapped_fallback","2026-03-27"
"חוות עולם חסד","חוות עולם חסד","?? ?????","unmapped_fallback","2026-03-27"
"כפר מימון ותושיה","כפר מימון ותושיה","?? ?????","unmapped_fallback","2026-03-27"
"אפקה","אפקה","?? ?????","unmapped_fallback","2026-03-27"
"חוות אשכולות","חוות אשכולות","?? ?????","unmapped_fallback","2026-03-27"
"חוות מור ואברהם","חוות מור ואברהם","?? ?????","unmapped_fallback","2026-03-27"
"חוות מקנה יהודה","חוות מקנה יהודה","?? ?????","unmapped_fallback","2026-03-27"
"בית העלמין החדש עכו","בית העלמין החדש עכו","?? ?????","unmapped_fallback","2026-03-27"
"מרכז אזורי מרום גליל","מרכז אזורי מרום גליל","?? ?????","unmapped_fallback","2026-03-27"
"קדיתא","קדיתא","?? ?????","unmapped_fallback","2026-03-27"
"בית ספר שדה מירון","בית ספר שדה מירון","?? ?????","unmapped_fallback","2026-03-27"
"חוות יאיר","חוות יאיר","?? ?????","unmapped_fallback","2026-03-27"
"חוות אלחי","חוות אלחי","?? ?????","unmapped_fallback","2026-03-27"
"חוות שחרית","חוות שחרית","?? ?????","unmapped_fallback","2026-03-27"
"כפר מימון ותושיה","כפר מימון ותושיה","?? ?????","unmapped_fallback","2026-03-27"
"חוות אשכולות","חוות אשכולות","?? ?????","unmapped_fallback","2026-03-27"
"שני ליבנה","שני ליבנה","?? ?????","unmapped_fallback","2026-03-27"
"גבעת אסף","גבעת אסף","?? ?????","unmapped_fallback","2026-03-27"
"אעירה השחר","אעירה השחר","?? ?????","unmapped_fallback","2026-03-27"
"בני אדם","בני אדם","?? ?????","unmapped_fallback","2026-03-27"
"החווה של זוהר","החווה של זוהר","?? ?????","unmapped_fallback","2026-03-27"
"חוות בניהו","חוות בניהו","?? ?????","unmapped_fallback","2026-03-27"
"חוות הרשאש","חוות הרשאש","?? ?????","unmapped_fallback","2026-03-27"
"חוות חנינא","חוות חנינא","?? ?????","unmapped_fallback","2026-03-27"
"חוות ינון","חוות ינון","?? ?????","unmapped_fallback","2026-03-27"
"חוות מגדלים","חוות מגדלים","?? ?????","unmapped_fallback","2026-03-27"
"חוות מגנזי","חוות מגנזי","?? ?????","unmapped_fallback","2026-03-27"
"חוות מלכיאל","חוות מלכיאל","?? ?????","unmapped_fallback","2026-03-27"
"חוות מעלה אהוביה","חוות מעלה אהוביה","?? ?????","unmapped_fallback","2026-03-27"
"חוות נווה צוף","חוות נווה צוף","?? ?????","unmapped_fallback","2026-03-27"
"חוות נחל שילה","חוות נחל שילה","?? ?????","unmapped_fallback","2026-03-27"
"חוות נחלת צבי","חוות נחלת צבי","?? ?????","unmapped_fallback","2026-03-27"
"חוות עולם חסד","חוות עולם חסד","?? ?????","unmapped_fallback","2026-03-27"
"חוות פריאל","חוות פריאל","?? ?????","unmapped_fallback","2026-03-27"
"חוות ראש תאנה","חוות ראש תאנה","?? ?????","unmapped_fallback","2026-03-27"
"יבוא דודי","יבוא דודי","?? ?????","unmapped_fallback","2026-03-27"
"מגרון","מגרון","?? ?????","unmapped_fallback","2026-03-27"
"מכינת אלישע","מכינת אלישע","?? ?????","unmapped_fallback","2026-03-27"
"חוות אביחי","חוות אביחי","?? ?????","unmapped_fallback","2026-03-27"
"אלון","אלון","?? ?????","unmapped_fallback","2026-03-27"
"חוות צרידה","חוות צרידה","?? ?????","unmapped_fallback","2026-03-27"
"צורית גילון","צורית גילון","?? ?????","unmapped_fallback","2026-03-27"
"שני ליבנה","שני ליבנה","?? ?????","unmapped_fallback","2026-03-27"
"חוות מדבר חבר","חוות מדבר חבר","?? ?????","unmapped_fallback","2026-03-27"
"חוות מור ואברהם","חוות מור ואברהם","?? ?????","unmapped_fallback","2026-03-27"
"חוות מקנה יהודה","חוות מקנה יהודה","?? ?????","unmapped_fallback","2026-03-27"
"אלון","אלון","?? ?????","unmapped_fallback","2026-03-27"
"גבעת אסף","גבעת אסף","?? ?????","unmapped_fallback","2026-03-27"
"אעירה השחר","אעירה השחר","?? ?????","unmapped_fallback","2026-03-27"
"בני אדם","בני אדם","?? ?????","unmapped_fallback","2026-03-27"
"החווה של זוהר","החווה של זוהר","?? ?????","unmapped_fallback","2026-03-27"
"חוות בניהו","חוות בניהו","?? ?????","unmapped_fallback","2026-03-27"
"חוות הרשאש","חוות הרשאש","?? ?????","unmapped_fallback","2026-03-27"
"חוות חנינא","חוות חנינא","?? ?????","unmapped_fallback","2026-03-27"
"חוות ינון","חוות ינון","?? ?????","unmapped_fallback","2026-03-27"
"חוות מלכיאל","חוות מלכיאל","?? ?????","unmapped_fallback","2026-03-27"
"חוות מעלה אהוביה","חוות מעלה אהוביה","?? ?????","unmapped_fallback","2026-03-27"
"חוות נחל שילה","חוות נחל שילה","?? ?????","unmapped_fallback","2026-03-27"
"חוות נחלת צבי","חוות נחלת צבי","?? ?????","unmapped_fallback","2026-03-27"
"חוות פריאל","חוות פריאל","?? ?????","unmapped_fallback","2026-03-27"
"חוות ראש תאנה","חוות ראש תאנה","?? ?????","unmapped_fallback","2026-03-27"
"מגרון","מגרון","?? ?????","unmapped_fallback","2026-03-27"
"חוות אביחי","חוות אביחי","?? ?????","unmapped_fallback","2026-03-27"
"חוות מגנזי","חוות מגנזי","?? ?????","unmapped_fallback","2026-03-27"
"חוות נווה צוף","חוות נווה צוף","?? ?????","unmapped_fallback","2026-03-27"
"חוות נוף אב""י","חוות נוף אב""י","?? ?????","unmapped_fallback","2026-03-27"
"חוות עולם חסד","חוות עולם חסד","?? ?????","unmapped_fallback","2026-03-27"
"חוות צרידה","חוות צרידה","?? ?????","unmapped_fallback","2026-03-27"
"חוות שוביאל","חוות שוביאל","?? ?????","unmapped_fallback","2026-03-27"
"חוות שחרית","חוות שחרית","?? ?????","unmapped_fallback","2026-03-27"
"מכינת אלישע","מכינת אלישע","?? ?????","unmapped_fallback","2026-03-27"
"יבוא דודי","יבוא דודי","?? ?????","unmapped_fallback","2026-03-27"
"חוות יאיר","חוות יאיר","?? ?????","unmapped_fallback","2026-03-27"
"שני ליבנה","שני ליבנה","?? ?????","unmapped_fallback","2026-03-26"
"חוות מור ואברהם","חוות מור ואברהם","?? ?????","unmapped_fallback","2026-03-26"
"חוות מקנה יהודה","חוות מקנה יהודה","?? ?????","unmapped_fallback","2026-03-26"
"לוטם וחמדון","לוטם וחמדון","?? ?????","unmapped_fallback","2026-03-26"
"הר חלוץ","הר חלוץ","?? ?????","unmapped_fallback","2026-03-26"
"כעביה טבאש","כעביה טבאש","?? ?????","unmapped_fallback","2026-03-26"
"בית סוהר קישון","בית סוהר קישון","?? ?????","unmapped_fallback","2026-03-26"
"בית עלמין תל רגב","בית עלמין תל רגב","?? ?????","unmapped_fallback","2026-03-26"
"כפר ח'וואלד","כפר ח'וואלד","?? ?????","unmapped_fallback","2026-03-26"
"סואעד חמירה","סואעד חמירה","?? ?????","unmapped_fallback","2026-03-26"
"תחנת רכבת כפר יהושוע","תחנת רכבת כפר יהושוע","?? ?????","unmapped_fallback","2026-03-26"
"צורית גילון","צורית גילון","?? ?????","unmapped_fallback","2026-03-26"
"בית העלמין החדש עכו","בית העלמין החדש עכו","?? ?????","unmapped_fallback","2026-03-28"
"בית עלמין תל רגב","בית עלמין תל רגב","?? ?????","unmapped_fallback","2026-03-28"
"בית סוהר קישון","בית סוהר קישון","?? ?????","unmapped_fallback","2026-03-28"
"פנימיית עין כרם","פנימיית עין כרם","?? ?????","unmapped_fallback","2026-03-28"
"אלון","אלון","?? ?????","unmapped_fallback","2026-03-28"
"גבעת אסף","גבעת אסף","?? ?????","unmapped_fallback","2026-03-28"
"מרכז אזורי מגילות","מרכז אזורי מגילות","?? ?????","unmapped_fallback","2026-03-28"
"בית חגלה","בית חגלה","?? ?????","unmapped_fallback","2026-03-28"
"בני אדם","בני אדם","?? ?????","unmapped_fallback","2026-03-28"
"בר כוכבא","בר כוכבא","?? ?????","unmapped_fallback","2026-03-28"
"החווה של זוהר","החווה של זוהר","?? ?????","unmapped_fallback","2026-03-28"
"חוות בניהו","חוות בניהו","?? ?????","unmapped_fallback","2026-03-28"
"חוות הרועה העברי","חוות הרועה העברי","?? ?????","unmapped_fallback","2026-03-28"
"חוות חנינא","חוות חנינא","?? ?????","unmapped_fallback","2026-03-28"
"חוות ינון","חוות ינון","?? ?????","unmapped_fallback","2026-03-28"
"חוות מלכיאל","חוות מלכיאל","?? ?????","unmapped_fallback","2026-03-28"
"חוות נחלת צבי","חוות נחלת צבי","?? ?????","unmapped_fallback","2026-03-28"
"חוות עדן","חוות עדן","?? ?????","unmapped_fallback","2026-03-28"
"חוות צאן קדר","חוות צאן קדר","?? ?????","unmapped_fallback","2026-03-28"
"מגרון","מגרון","?? ?????","unmapped_fallback","2026-03-28"
"נופי פרת","נופי פרת","?? ?????","unmapped_fallback","2026-03-28"
"צומת אלמוג","צומת אלמוג","?? ?????","unmapped_fallback","2026-03-28"
"קדם ערבה","קדם ערבה","?? ?????","unmapped_fallback","2026-03-28"
"הגבעה הצהובה","הגבעה הצהובה","?? ?????","unmapped_fallback","2026-03-28"
"גבעות","גבעות","?? ?????","unmapped_fallback","2026-03-28"
"חוות ארץ האיילים","חוות ארץ האיילים","?? ?????","unmapped_fallback","2026-03-28"
"חוות קשואלה","חוות קשואלה","?? ?????","unmapped_fallback","2026-03-28"
"כפר אלדד","כפר אלדד","?? ?????","unmapped_fallback","2026-03-28"
"עוז וגאון","עוז וגאון","?? ?????","unmapped_fallback","2026-03-28"
"חוף זיקים","חוף זיקים","?? ?????","unmapped_fallback","2026-03-28"
"חוף זיקים","חוף זיקים","?? ?????","unmapped_fallback","2026-03-28"
"חוות מגנזי","חוות מגנזי","?? ?????","unmapped_fallback","2026-03-28"
"שאנטי במדבר","שאנטי במדבר","?? ?????","unmapped_fallback","2026-03-28"
"חוף זיקים","חוף זיקים","?? ?????","unmapped_fallback","2026-03-28"
"אזור תעשייה שחורת","אזור תעשייה שחורת","?? ?????","unmapped_fallback","2026-03-28"
"אליפז ומכרות תמנע","אליפז ומכרות תמנע","?? ?????","unmapped_fallback","2026-03-28"
"לב החולה","לב החולה","?? ?????","unmapped_fallback","2026-03-28"
"שני ליבנה","שני ליבנה","?? ?????","unmapped_fallback","2026-03-28"
"חוות מור ואברהם","חוות מור ואברהם","?? ?????","unmapped_fallback","2026-03-28"
"חוות מקנה יהודה","חוות מקנה יהודה","?? ?????","unmapped_fallback","2026-03-28"
"אזור תעשייה שחורת","אזור תעשייה שחורת","?? ?????","unmapped_fallback","2026-03-28"
"בית העלמין החדש נהריה","בית העלמין החדש נהריה","?? ?????","unmapped_fallback","2026-03-28"
"באקה אל גרבייה","באקה אל גרבייה","?? ?????","unmapped_fallback","2026-03-29"
"גבעת עדה","גבעת עדה","?? ?????","unmapped_fallback","2026-03-29"
"דליה","דליה","?? ?????","unmapped_fallback","2026-03-29"
"אום אל קוטוף","אום אל קוטוף","?? ?????","unmapped_fallback","2026-03-29"
"ברטעה","ברטעה","?? ?????","unmapped_fallback","2026-03-29"
"מועאוויה","מועאוויה","?? ?????","unmapped_fallback","2026-03-29"
"בי""ס כרמים בנימינה","בי""ס כרמים בנימינה","?? ?????","unmapped_fallback","2026-03-29"
